customerID,gender,SeniorCitizen,Partner,Dependents,tenure,PhoneService,MultipleLines,InternetService,OnlineSecurity,OnlineBackup,DeviceProtection,TechSupport,StreamingTV,StreamingMovies,Contract,PaperlessBilling,PaymentMethod,MonthlyCharges,TotalCharges,Churn
CUST-10000,Male,0,No,No,27,Yes,Yes,No,Yes,No internet service,Yes,No internet service,No,No,Month-to-month,Yes,Bank transfer (automatic),59.48,1628.75,0
CUST-10001,Female,0,Yes,Yes,26,Yes,No,DSL,No,No,No,No,Yes,Yes,Two year,Yes,Electronic check,68.48,1813.12,0
CUST-10002,Female,0,No,No,72,Yes,No phone service,Fiber optic,Yes,No,Yes,No internet service,No,No,Month-to-month,No,Bank transfer (automatic),118.75,8543.81,1
CUST-10003,Male,0,Yes,No,53,Yes,Yes,DSL,No,No,Yes,No internet service,No,Yes,Month-to-month,Yes,Electronic check,37.49,2008.76,0
CUST-10004,Male,0,Yes,No,62,Yes,Yes,Fiber optic,No,No internet service,No,No,Yes,Yes,Month-to-month,No,Credit card (automatic),93.63,5834.97,1
CUST-10005,Female,0,No,Yes,56,Yes,No,No,Yes,Yes,No,No,No,Yes,Month-to-month,Yes,Electronic check,39.44,2332.28,1
CUST-10006,Male,0,Yes,No,34,Yes,Yes,No,No internet service,Yes,Yes,No,Yes,No internet service,Month-to-month,Yes,Mailed check,45.32,1454.78,0
CUST-10007,Female,0,No,No,57,Yes,No,Fiber optic,No internet service,No,No,No internet service,Yes,No,Month-to-month,No,Bank transfer (automatic),51.37,2948.39,0
CUST-10008,Male,0,No,No,46,Yes,Yes,DSL,Yes,No,Yes,No,No,No internet service,Month-to-month,Yes,Mailed check,100.5,4659.15,1
CUST-10009,Male,0,Yes,No,54,Yes,No,Fiber optic,No,Yes,Yes,No,Yes,Yes,Two year,Yes,Credit card (automatic),61.95,3360.14,0
CUST-10010,Female,0,Yes,Yes,21,No,No,Fiber optic,Yes,No,Yes,Yes,No internet service,Yes,Month-to-month,No,Electronic check,99.09,2131.45,1
CUST-10011,Female,1,No,No,16,Yes,No,Fiber optic,No internet service,Yes,No,No,Yes,No internet service,Two year,Yes,Electronic check,78.88,1309.97,1
CUST-10012,Female,0,No,No,13,No,No,Fiber optic,No,No internet service,No,No,Yes,Yes,Two year,Yes,Bank transfer (automatic),84.45,1115.69,0
CUST-10013,Female,0,Yes,No,21,Yes,Yes,Fiber optic,No,Yes,No internet service,Yes,Yes,Yes,Two year,Yes,Mailed check,101.73,2131.28,0
CUST-10014,Female,0,No,No,71,Yes,No,DSL,No internet service,No internet service,No,No,No internet service,No internet service,Two year,No,Bank transfer (automatic),99.72,6977.33,0
CUST-10015,Female,0,No,No,68,No,No,Fiber optic,No,No internet service,No internet service,No,No internet service,Yes,Two year,Yes,Mailed check,63.44,4422.74,0
CUST-10016,Female,1,No,No,10,Yes,Yes,DSL,No internet service,No,Yes,No,No internet service,No,Month-to-month,Yes,Bank transfer (automatic),66.74,552.27,1
CUST-10017,Male,0,Yes,No,40,Yes,Yes,Fiber optic,Yes,Yes,No,No,No internet service,Yes,Month-to-month,No,Mailed check,95.57,3856.11,0
CUST-10018,Female,0,No,Yes,68,Yes,No,Fiber optic,Yes,No internet service,No,No,No internet service,No internet service,Month-to-month,Yes,Electronic check,89.11,6079.06,0
CUST-10019,Male,0,No,No,55,Yes,No,Fiber optic,No,No,No,No,No internet service,No,One year,Yes,Electronic check,107.0,5821.4,1
CUST-10020,Female,0,Yes,No,44,No,No,DSL,No internet service,No,No internet service,No,No,No,Month-to-month,No,Electronic check,105.13,4741.6,0
CUST-10021,Male,0,No,No,43,Yes,Yes,Fiber optic,Yes,Yes,No,No,No,Yes,Month-to-month,Yes,Credit card (automatic),76.64,3343.8,1
CUST-10022,Male,0,No,No,23,Yes,Yes,Fiber optic,No,No,Yes,No internet service,Yes,Yes,Two year,No,Credit card (automatic),73.26,1703.17,0
CUST-10023,Female,0,No,No,67,Yes,No phone service,DSL,No internet service,No,No,Yes,No internet service,Yes,Month-to-month,No,Mailed check,86.04,5702.72,0
CUST-10024,Female,0,No,No,6,Yes,Yes,Fiber optic,Yes,No,Yes,No internet service,Yes,No internet service,Two year,Yes,Bank transfer (automatic),66.22,477.58,0
CUST-10025,Female,0,No,No,63,Yes,No phone service,DSL,No,No internet service,Yes,Yes,No,Yes,One year,Yes,Electronic check,84.5,5407.2,0
CUST-10026,Male,0,No,Yes,63,Yes,No,Fiber optic,Yes,No,No,No,Yes,Yes,One year,Yes,Bank transfer (automatic),88.94,5614.88,0
CUST-10027,Female,1,No,No,19,Yes,No,Fiber optic,Yes,Yes,Yes,Yes,No,No,Month-to-month,No,Mailed check,86.7,1742.9,1
CUST-10028,Female,0,Yes,No,37,Yes,Yes,Fiber optic,No,No,No,No internet service,No internet service,Yes,Month-to-month,No,Mailed check,104.16,3868.16,1
CUST-10029,Male,0,Yes,No,64,Yes,No,Fiber optic,No internet service,Yes,No,Yes,No,Yes,One year,No,Electronic check,80.26,5159.55,0
CUST-10030,Male,0,Yes,No,34,Yes,No phone service,DSL,Yes,Yes,No internet service,No,No internet service,Yes,Two year,No,Mailed check,118.75,4037.78,0
CUST-10031,Male,0,No,No,21,Yes,No,Fiber optic,No,No,No,No,Yes,Yes,One year,Yes,Electronic check,84.07,1806.31,1
CUST-10032,Male,0,Yes,Yes,5,Yes,No,DSL,No,Yes,No,Yes,No,No internet service,Two year,Yes,Electronic check,60.11,331.56,0
CUST-10033,Female,0,No,Yes,32,Yes,No,No,No,Yes,No,No internet service,No internet service,Yes,Month-to-month,No,Mailed check,95.43,3029.93,1
CUST-10034,Female,1,Yes,No,20,Yes,Yes,Fiber optic,No,Yes,No,No,No,Yes,One year,Yes,Electronic check,89.48,1734.7,0
CUST-10035,Male,0,Yes,Yes,62,Yes,No phone service,Fiber optic,No,Yes,Yes,Yes,No,No,One year,No,Electronic check,68.69,4250.73,1
CUST-10036,Female,0,No,No,62,Yes,Yes,DSL,No internet service,No internet service,No,No,No,No,Month-to-month,Yes,Electronic check,71.7,4483.58,1
CUST-10037,Female,0,No,Yes,23,Yes,No,No,No internet service,No,Yes,No,No,Yes,Month-to-month,No,Mailed check,86.51,1982.61,1
CUST-10038,Male,0,Yes,No,15,Yes,Yes,Fiber optic,Yes,No internet service,No,No,Yes,No,Month-to-month,Yes,Electronic check,95.07,1380.84,1
CUST-10039,Female,0,Yes,No,21,Yes,No,Fiber optic,No,No internet service,No internet service,Yes,Yes,No,One year,No,Credit card (automatic),71.61,1501.36,0
CUST-10040,Male,0,Yes,No,29,Yes,No,Fiber optic,No,No internet service,No,No,Yes,Yes,Two year,Yes,Credit card (automatic),109.08,3105.7,1
CUST-10041,Female,1,Yes,No,48,Yes,No,DSL,No,Yes,No,No,No,No internet service,Two year,Yes,Electronic check,87.64,4180.23,0
CUST-10042,Female,0,Yes,Yes,11,Yes,Yes,No,No,No,Yes,No internet service,Yes,No internet service,Month-to-month,Yes,Mailed check,62.09,593.19,1
CUST-10043,Male,0,No,No,72,Yes,Yes,DSL,No internet service,No,No,No,No internet service,Yes,One year,No,Bank transfer (automatic),42.24,3048.17,0
CUST-10044,Male,0,Yes,No,51,No,Yes,No,No,No,No internet service,Yes,No,Yes,One year,Yes,Electronic check,28.9,1514.05,0
CUST-10045,Female,1,Yes,No,9,Yes,No phone service,No,No,Yes,No,No,No internet service,No,One year,No,Bank transfer (automatic),19.05,173.95,1
CUST-10046,Male,0,Yes,Yes,22,No,Yes,Fiber optic,Yes,Yes,No internet service,Yes,No,Yes,Month-to-month,No,Mailed check,83.15,1850.17,1
CUST-10047,Female,0,Yes,No,51,Yes,No phone service,No,No,No,No,No,No internet service,Yes,Month-to-month,Yes,Electronic check,79.22,4048.97,1
CUST-10048,Female,1,No,No,36,Yes,Yes,DSL,No,No,Yes,No internet service,Yes,Yes,Month-to-month,No,Electronic check,37.75,1383.49,1
CUST-10049,Female,0,Yes,No,38,Yes,No,Fiber optic,No,No,No internet service,No internet service,No,Yes,Two year,No,Electronic check,66.1,2542.42,0
CUST-10050,Female,1,Yes,No,3,Yes,No,Fiber optic,No internet service,Yes,No,Yes,Yes,Yes,Two year,Yes,Credit card (automatic),55.64,198.55,0
CUST-10051,Male,0,No,No,29,No,No,Fiber optic,No internet service,No,No,No internet service,Yes,No,One year,No,Mailed check,105.63,3121.5,0
CUST-10052,Male,0,No,No,44,Yes,No,Fiber optic,No internet service,No,No internet service,No,Yes,No,Month-to-month,Yes,Electronic check,118.75,5144.7,1
CUST-10053,Male,0,No,No,54,Yes,No,Fiber optic,No,No,No internet service,No internet service,No,No,One year,No,Mailed check,95.07,5172.92,1
CUST-10054,Male,0,No,No,32,No,No,Fiber optic,No,No internet service,No internet service,No internet service,No,No internet service,Two year,No,Mailed check,99.44,3171.25,0
CUST-10055,Male,0,No,No,40,Yes,Yes,DSL,No,No,No,Yes,Yes,Yes,Month-to-month,Yes,Mailed check,74.2,2944.28,0
CUST-10056,Female,0,No,No,16,Yes,No phone service,Fiber optic,No internet service,No,No,No internet service,No internet service,Yes,Two year,No,Electronic check,86.3,1284.17,0
CUST-10057,Male,0,No,No,58,Yes,No,DSL,No,No,No,Yes,No internet service,No,Month-to-month,No,Bank transfer (automatic),88.91,5077.32,1
CUST-10058,Female,0,Yes,No,50,Yes,Yes,Fiber optic,Yes,Yes,No,No,No internet service,No,Two year,No,Credit card (automatic),71.68,3558.95,0
CUST-10059,Female,0,No,Yes,54,No,Yes,DSL,Yes,No,Yes,No,No,Yes,Two year,No,Mailed check,87.74,4696.36,0
CUST-10060,Female,0,No,Yes,48,Yes,No,Fiber optic,No internet service,No internet service,No internet service,No,No,Yes,Two year,No,Electronic check,83.64,4064.72,1
CUST-10061,Female,0,No,No,71,Yes,No,No,No,No,Yes,Yes,No,Yes,Month-to-month,Yes,Electronic check,49.12,3524.1,0
CUST-10062,Male,0,Yes,No,64,Yes,No,No,No,No,No internet service,Yes,No,No,Two year,Yes,Electronic check,38.71,2552.82,0
CUST-10063,Female,1,No,Yes,59,Yes,Yes,Fiber optic,No,Yes,Yes,No internet service,Yes,No,Month-to-month,No,Credit card (automatic),47.64,2803.38,1
CUST-10064,Male,0,Yes,No,24,Yes,No,DSL,Yes,No,Yes,No,No internet service,No,Month-to-month,No,Bank transfer (automatic),89.78,2187.4,0
CUST-10065,Male,0,No,No,4,Yes,Yes,Fiber optic,No internet service,Yes,Yes,No,No,No,Month-to-month,No,Credit card (automatic),87.52,271.36,1
CUST-10066,Female,0,Yes,No,0,Yes,Yes,Fiber optic,No internet service,No,No,No,No,Yes,Two year,Yes,Electronic check,88.55,119.54,1
CUST-10067,Male,0,No,No,56,Yes,No,DSL,Yes,No,Yes,No internet service,Yes,No,Month-to-month,Yes,Credit card (automatic),112.81,6407.45,0
CUST-10068,Male,0,No,Yes,65,Yes,Yes,No,Yes,Yes,Yes,Yes,No,Yes,Month-to-month,Yes,Credit card (automatic),52.68,3382.7,0
CUST-10069,Male,0,Yes,No,47,Yes,Yes,DSL,No,Yes,No,No,Yes,No,One year,No,Credit card (automatic),59.92,2896.45,0
CUST-10070,Female,0,Yes,Yes,52,Yes,Yes,Fiber optic,Yes,Yes,No,No internet service,No internet service,No,Two year,Yes,Electronic check,58.91,3005.57,0
CUST-10071,Male,1,Yes,No,6,Yes,Yes,Fiber optic,No,Yes,Yes,No,No,Yes,Month-to-month,No,Credit card (automatic),83.38,466.6,1
CUST-10072,Male,0,No,Yes,41,Yes,Yes,No,No internet service,No,Yes,Yes,No,Yes,Month-to-month,No,Bank transfer (automatic),58.04,2380.28,0
CUST-10073,Male,0,No,No,44,Yes,Yes,No,Yes,No,Yes,Yes,No,Yes,Month-to-month,No,Bank transfer (automatic),20.83,872.69,0
CUST-10074,Female,1,No,No,11,Yes,No,DSL,No,Yes,No internet service,No internet service,No internet service,No,One year,Yes,Electronic check,96.42,1090.89,0
CUST-10075,Male,1,Yes,No,54,Yes,No phone service,Fiber optic,No,Yes,No internet service,No,Yes,Yes,One year,No,Electronic check,81.77,4472.2,0
CUST-10076,Male,0,No,No,24,Yes,Yes,No,No,No,No,No internet service,No,No internet service,Month-to-month,Yes,Credit card (automatic),46.35,1041.44,0
CUST-10077,Male,0,No,No,14,Yes,No,Fiber optic,No,Yes,Yes,No,No,No,Month-to-month,Yes,Bank transfer (automatic),89.32,1256.34,1
CUST-10078,Female,0,Yes,No,50,Yes,No,DSL,Yes,No,Yes,No,No internet service,Yes,Month-to-month,No,Credit card (automatic),46.16,2258.28,0
CUST-10079,Female,0,Yes,Yes,31,Yes,Yes,Fiber optic,No,No internet service,No,No internet service,Yes,Yes,Month-to-month,No,Electronic check,79.14,2467.15,1
CUST-10080,Female,0,Yes,No,39,Yes,Yes,No,No internet service,No,Yes,No,Yes,Yes,Month-to-month,No,Mailed check,57.82,2269.77,1
CUST-10081,Male,0,Yes,No,39,No,Yes,DSL,No,No,No,No,Yes,No,Month-to-month,No,Mailed check,72.98,2814.25,1
CUST-10082,Male,0,Yes,No,45,Yes,No,Fiber optic,No internet service,No,Yes,No,No internet service,No internet service,Two year,No,Electronic check,79.65,3575.91,0
CUST-10083,Female,0,Yes,No,30,Yes,No,Fiber optic,Yes,No,No,No internet service,Yes,No,Month-to-month,No,Electronic check,82.93,2493.0,1
CUST-10084,Female,0,Yes,No,59,Yes,Yes,Fiber optic,No,No,No,No,Yes,Yes,Month-to-month,No,Electronic check,100.64,5903.67,1
CUST-10085,Female,0,Yes,No,63,Yes,Yes,DSL,No internet service,No,Yes,No,No internet service,Yes,Two year,No,Electronic check,102.71,6387.15,0
CUST-10086,Male,0,Yes,Yes,35,Yes,Yes,DSL,No,No,Yes,No,No internet service,No internet service,Month-to-month,Yes,Mailed check,71.03,2524.89,0
CUST-10087,Male,0,No,No,12,Yes,No,Fiber optic,No internet service,No internet service,No,No internet service,No,Yes,Month-to-month,Yes,Electronic check,71.89,901.06,1
CUST-10088,Female,0,No,Yes,20,Yes,Yes,DSL,No,No internet service,No,No internet service,Yes,No,Month-to-month,Yes,Mailed check,118.75,2411.11,0
CUST-10089,Female,1,Yes,No,56,Yes,No,DSL,No internet service,No,No,No,No,Yes,Month-to-month,Yes,Mailed check,95.0,5270.11,0
CUST-10090,Male,1,No,No,18,Yes,No,Fiber optic,Yes,No internet service,Yes,No,Yes,Yes,Two year,No,Mailed check,87.24,1558.69,1
CUST-10091,Female,1,No,No,56,Yes,No,DSL,Yes,No,No,Yes,Yes,Yes,Two year,No,Bank transfer (automatic),62.63,3425.51,0
CUST-10092,Female,1,Yes,Yes,48,Yes,Yes,Fiber optic,No,No,Yes,Yes,No,Yes,Month-to-month,Yes,Electronic check,118.75,5804.3,1
CUST-10093,Male,1,Yes,No,32,Yes,No,No,No internet service,No,No,No internet service,No internet service,Yes,Month-to-month,No,Credit card (automatic),32.67,979.07,1
CUST-10094,Female,0,Yes,No,9,Yes,No,Fiber optic,Yes,No,No internet service,No,Yes,No,Month-to-month,No,Electronic check,89.97,872.31,1
CUST-10095,Male,0,No,No,39,No,No,DSL,Yes,No internet service,Yes,No,No,No,Month-to-month,No,Mailed check,88.57,3415.5,0
CUST-10096,Male,0,Yes,No,50,Yes,No,DSL,No internet service,No,No internet service,No,Yes,No,Month-to-month,Yes,Credit card (automatic),78.73,3951.68,0
CUST-10097,Female,0,Yes,No,11,Yes,Yes,Fiber optic,No,No,No internet service,Yes,Yes,Yes,Month-to-month,No,Bank transfer (automatic),70.74,765.27,1
CUST-10098,Female,0,No,No,60,Yes,Yes,Fiber optic,No,No,No internet service,No,Yes,No internet service,One year,No,Bank transfer (automatic),81.78,4887.78,1
CUST-10099,Male,0,No,Yes,14,No,No,No,Yes,Yes,Yes,No internet service,Yes,Yes,Month-to-month,No,Credit card (automatic),49.55,714.05,0
CUST-10100,Female,1,Yes,No,30,Yes,No,Fiber optic,No,No,No internet service,No,Yes,No internet service,One year,No,Credit card (automatic),66.41,1964.83,0
CUST-10101,Male,0,No,No,38,Yes,No,Fiber optic,No internet service,No internet service,Yes,No,Yes,Yes,Two year,Yes,Electronic check,86.26,3197.29,0
CUST-10102,Female,1,No,No,53,Yes,No,Fiber optic,No,No internet service,No,No,Yes,No,Two year,Yes,Credit card (automatic),118.75,6285.46,0
CUST-10103,Male,0,No,Yes,16,Yes,No,Fiber optic,Yes,No,No,Yes,No,No,Month-to-month,No,Credit card (automatic),118.75,1955.72,1
CUST-10104,Female,0,No,No,24,Yes,No,DSL,No,No,Yes,No,Yes,No,Month-to-month,Yes,Electronic check,70.36,1689.37,1
CUST-10105,Female,0,No,No,58,Yes,Yes,Fiber optic,No,No,No,Yes,Yes,No,Two year,Yes,Electronic check,88.54,5088.36,1
CUST-10106,Female,0,Yes,No,24,Yes,Yes,DSL,No internet service,Yes,No internet service,No,No,No,Two year,Yes,Bank transfer (automatic),70.71,1835.27,0
CUST-10107,Female,0,Yes,Yes,44,Yes,No phone service,Fiber optic,No,No internet service,Yes,No internet service,No,No,One year,No,Credit card (automatic),47.69,2098.64,0
CUST-10108,Male,0,No,No,29,Yes,No,Fiber optic,No internet service,Yes,No,No,No,Yes,Month-to-month,Yes,Mailed check,98.82,2823.36,1
CUST-10109,Female,1,Yes,No,4,Yes,No phone service,No,No,No internet service,No internet service,No internet service,No internet service,Yes,Month-to-month,Yes,Mailed check,54.92,327.09,1
CUST-10110,Male,0,No,Yes,37,Yes,No,DSL,Yes,No,Yes,Yes,Yes,No,Month-to-month,No,Electronic check,95.35,3441.28,1
CUST-10111,Female,0,Yes,No,26,Yes,No phone service,No,No,No,No internet service,No,No,No,Month-to-month,Yes,Bank transfer (automatic),70.89,1796.54,1
CUST-10112,Female,0,No,No,19,Yes,Yes,Fiber optic,No,No internet service,No internet service,No,No,Yes,Month-to-month,Yes,Mailed check,102.01,1989.28,1
CUST-10113,Male,0,Yes,No,62,Yes,No,Fiber optic,Yes,No,Yes,No,Yes,No internet service,One year,No,Electronic check,102.26,6292.61,1
CUST-10114,Female,0,Yes,Yes,56,Yes,No,Fiber optic,No,No,No,Yes,Yes,No internet service,One year,Yes,Credit card (automatic),68.95,3897.54,0
CUST-10115,Female,0,No,No,20,Yes,Yes,No,Yes,Yes,Yes,Yes,Yes,No,One year,No,Electronic check,53.22,1107.29,0
CUST-10116,Male,0,Yes,Yes,38,Yes,Yes,Fiber optic,No,Yes,No internet service,Yes,No,No internet service,Two year,No,Mailed check,61.53,2441.66,0
CUST-10117,Male,0,No,No,52,Yes,Yes,DSL,No,No,Yes,No internet service,Yes,Yes,Two year,Yes,Credit card (automatic),67.01,3537.88,0
CUST-10118,Male,0,No,No,3,Yes,Yes,Fiber optic,Yes,No,No,Yes,No internet service,Yes,Month-to-month,No,Bank transfer (automatic),118.75,333.35,1
CUST-10119,Male,0,No,No,6,Yes,No phone service,No,No,No,No,Yes,Yes,Yes,Two year,Yes,Electronic check,60.18,324.29,1
CUST-10120,Male,0,No,Yes,39,Yes,No phone service,Fiber optic,No,No,No,No internet service,No,Yes,Month-to-month,Yes,Credit card (automatic),95.5,3671.88,1
CUST-10121,Female,0,No,No,67,Yes,No,No,No,Yes,No,No,No,No internet service,Month-to-month,Yes,Electronic check,48.98,3225.73,0
CUST-10122,Female,0,No,Yes,67,Yes,No phone service,No,No internet service,No internet service,Yes,No,No internet service,No,Month-to-month,Yes,Credit card (automatic),49.26,3319.92,1
CUST-10123,Male,0,Yes,No,32,No,No,DSL,No internet service,No internet service,No,No,Yes,Yes,Two year,No,Mailed check,77.96,2405.93,0
CUST-10124,Female,0,No,No,51,Yes,No phone service,No,No,No internet service,No,No internet service,Yes,No,Month-to-month,No,Electronic check,51.38,2628.39,0
CUST-10125,Female,0,No,No,35,Yes,Yes,Fiber optic,No,Yes,No,No internet service,No,Yes,Month-to-month,No,Electronic check,102.91,3505.27,1
CUST-10126,Male,0,Yes,No,66,Yes,Yes,DSL,No,Yes,No,No internet service,Yes,No,Two year,No,Electronic check,115.37,7627.44,0
CUST-10127,Female,0,No,Yes,41,Yes,No,Fiber optic,No internet service,Yes,Yes,No,No,No internet service,Two year,Yes,Electronic check,118.63,4836.51,1
CUST-10128,Female,0,Yes,Yes,65,Yes,No,No,No,No internet service,Yes,Yes,Yes,Yes,Two year,Yes,Credit card (automatic),41.02,2697.74,0
CUST-10129,Female,1,No,No,26,Yes,No,Fiber optic,No,No,Yes,No internet service,No internet service,No,Month-to-month,No,Electronic check,77.49,1879.68,1
CUST-10130,Female,0,Yes,No,67,Yes,No,DSL,Yes,No internet service,Yes,No internet service,No internet service,Yes,Two year,No,Bank transfer (automatic),64.3,4355.54,0
CUST-10131,Female,1,No,Yes,52,Yes,Yes,Fiber optic,No internet service,No internet service,Yes,No,Yes,Yes,Month-to-month,No,Electronic check,77.16,4012.91,0
CUST-10132,Male,0,Yes,No,56,Yes,Yes,Fiber optic,No internet service,Yes,Yes,No,No,Yes,Month-to-month,No,Electronic check,55.03,3058.33,0
CUST-10133,Female,0,No,No,1,Yes,No,Fiber optic,Yes,No,No,No,Yes,No internet service,Month-to-month,No,Mailed check,92.14,118.29,1
CUST-10134,Female,0,Yes,No,58,Yes,No,Fiber optic,No,No,No,Yes,No internet service,Yes,Month-to-month,Yes,Credit card (automatic),81.71,4761.63,0
CUST-10135,Male,0,No,No,11,Yes,Yes,Fiber optic,No,No,No,No,Yes,Yes,One year,Yes,Electronic check,89.38,914.3,1
CUST-10136,Female,1,No,Yes,68,Yes,No,Fiber optic,Yes,No internet service,No internet service,No internet service,Yes,Yes,One year,No,Bank transfer (automatic),79.9,5440.75,0
CUST-10137,Male,0,No,Yes,13,Yes,Yes,DSL,Yes,Yes,No,No internet service,No internet service,No,One year,No,Mailed check,76.11,1025.98,0
CUST-10138,Male,0,Yes,No,60,Yes,No,No,No internet service,No,No,Yes,Yes,Yes,Month-to-month,Yes,Electronic check,36.73,2124.4,0
CUST-10139,Male,0,Yes,No,46,Yes,No,DSL,Yes,Yes,Yes,No,No internet service,Yes,One year,Yes,Mailed check,62.16,2869.37,0
CUST-10140,Female,0,Yes,No,28,Yes,No,Fiber optic,No,No,No,Yes,No,No,Two year,No,Mailed check,118.75,3385.21,1
CUST-10141,Male,0,No,No,65,No,No phone service,No,No internet service,Yes,No,No,No,No,Month-to-month,Yes,Credit card (automatic),25.43,1661.48,1
CUST-10142,Male,1,Yes,Yes,28,Yes,No,Fiber optic,Yes,No,Yes,No,Yes,Yes,Month-to-month,Yes,Credit card (automatic),118.75,3301.49,1
CUST-10143,Male,0,No,No,4,Yes,No phone service,Fiber optic,No,No,Yes,Yes,No,No internet service,Two year,Yes,Bank transfer (automatic),62.8,182.73,1
CUST-10144,Female,0,Yes,No,5,Yes,No,DSL,No internet service,No,Yes,No internet service,No,Yes,Month-to-month,No,Electronic check,58.33,236.66,1
CUST-10145,Female,0,No,Yes,62,Yes,No,Fiber optic,No internet service,No internet service,No,No internet service,No,No,Month-to-month,Yes,Mailed check,64.7,3991.43,0
CUST-10146,Male,0,Yes,No,28,Yes,No,Fiber optic,Yes,No,Yes,No internet service,No,No,Month-to-month,No,Credit card (automatic),82.15,2339.06,1
CUST-10147,Male,0,Yes,No,59,Yes,No,No,Yes,Yes,No,No,No,Yes,One year,Yes,Bank transfer (automatic),18.25,1106.39,0
CUST-10148,Female,1,Yes,No,1,Yes,No,Fiber optic,No,No,Yes,No,No,No,Month-to-month,Yes,Electronic check,109.62,89.6,1
CUST-10149,Male,0,Yes,No,5,Yes,No,DSL,Yes,Yes,No internet service,No internet service,No,Yes,Month-to-month,Yes,Electronic check,58.46,250.96,1
CUST-10150,Female,0,Yes,Yes,72,Yes,Yes,DSL,No,Yes,Yes,No,No,No internet service,Month-to-month,No,Electronic check,81.3,5822.68,0
CUST-10151,Male,0,Yes,No,10,Yes,Yes,No,Yes,Yes,No,Yes,No internet service,No internet service,Month-to-month,Yes,Mailed check,84.5,902.74,0
CUST-10152,Female,0,No,No,50,No,Yes,Fiber optic,No internet service,Yes,No internet service,Yes,No,No,Two year,Yes,Electronic check,79.53,3900.32,0
CUST-10153,Male,0,No,Yes,25,Yes,No,DSL,No,No internet service,Yes,No,Yes,No internet service,Month-to-month,No,Electronic check,82.76,2069.69,1
CUST-10154,Male,0,Yes,No,36,Yes,Yes,Fiber optic,No,No internet service,No internet service,No,No internet service,No internet service,Two year,No,Mailed check,71.64,2551.74,0
CUST-10155,Female,0,No,No,8,Yes,No,DSL,No internet service,Yes,Yes,Yes,No internet service,Yes,Month-to-month,Yes,Mailed check,91.56,764.31,1
CUST-10156,Male,0,Yes,No,19,Yes,Yes,DSL,Yes,No internet service,No,No,No internet service,No internet service,One year,No,Credit card (automatic),81.9,1543.73,0
CUST-10157,Female,0,Yes,No,55,Yes,Yes,No,No,Yes,No internet service,No internet service,Yes,No internet service,One year,No,Mailed check,24.85,1301.76,0
CUST-10158,Female,1,Yes,No,39,Yes,No,Fiber optic,No internet service,No,Yes,Yes,Yes,No,Month-to-month,Yes,Bank transfer (automatic),117.12,4644.58,1
CUST-10159,Female,0,Yes,Yes,36,Yes,No,DSL,No,Yes,Yes,No,Yes,No,Month-to-month,Yes,Electronic check,72.8,2629.55,1
CUST-10160,Female,1,Yes,Yes,68,Yes,Yes,No,Yes,Yes,Yes,No internet service,No internet service,No,Month-to-month,Yes,Mailed check,46.59,3173.59,0
CUST-10161,Female,1,No,Yes,29,Yes,No phone service,No,No internet service,No,Yes,No,No,No,Month-to-month,No,Mailed check,63.74,1776.33,1
CUST-10162,Male,0,No,No,58,Yes,Yes,No,Yes,No,No,Yes,Yes,No,One year,Yes,Credit card (automatic),70.56,4073.92,0
CUST-10163,Male,0,No,No,52,Yes,No,Fiber optic,No,No,No,No,Yes,No,Two year,No,Bank transfer (automatic),69.3,3564.34,0
CUST-10164,Male,0,No,No,33,Yes,Yes,No,Yes,No internet service,Yes,No internet service,No internet service,No internet service,Month-to-month,No,Bank transfer (automatic),68.56,2255.62,1
CUST-10165,Female,0,Yes,Yes,21,Yes,Yes,DSL,No,Yes,No,Yes,Yes,No internet service,Month-to-month,Yes,Credit card (automatic),75.77,1494.77,0
CUST-10166,Male,0,No,Yes,25,No,Yes,No,Yes,No,No,Yes,No,No,Month-to-month,Yes,Electronic check,45.07,1130.68,1
CUST-10167,Male,0,Yes,No,63,Yes,Yes,Fiber optic,Yes,Yes,No internet service,No,Yes,No internet service,Month-to-month,Yes,Bank transfer (automatic),77.03,4892.14,0
CUST-10168,Male,0,Yes,Yes,22,Yes,No,DSL,No,Yes,No internet service,No,Yes,No internet service,Month-to-month,No,Credit card (automatic),79.47,1718.4,0
CUST-10169,Male,0,Yes,No,47,Yes,No,DSL,Yes,Yes,No internet service,No internet service,No,No,Two year,No,Credit card (automatic),46.72,2206.8,0
CUST-10170,Male,1,Yes,No,9,Yes,Yes,DSL,No internet service,Yes,Yes,No internet service,Yes,Yes,Two year,Yes,Mailed check,58.31,470.32,0
CUST-10171,Male,0,No,No,25,Yes,No phone service,Fiber optic,No,No,Yes,No internet service,Yes,No,Two year,No,Bank transfer (automatic),56.34,1490.22,0
CUST-10172,Female,0,Yes,No,68,Yes,No,No,No,No,No,No,No,No internet service,One year,Yes,Electronic check,66.71,4482.84,0
CUST-10173,Female,1,Yes,No,39,Yes,Yes,DSL,Yes,No,Yes,No internet service,Yes,Yes,Two year,Yes,Mailed check,78.32,3042.49,0
CUST-10174,Female,0,No,Yes,60,Yes,Yes,No,No internet service,Yes,Yes,No,No internet service,No,Two year,Yes,Mailed check,54.71,3240.09,0
CUST-10175,Male,0,No,No,18,Yes,Yes,Fiber optic,No,Yes,No internet service,No,No,No internet service,Month-to-month,No,Electronic check,80.73,1403.86,1
CUST-10176,Female,1,No,Yes,55,Yes,No,DSL,No,No,No,No,Yes,No,One year,Yes,Credit card (automatic),71.08,3986.49,1
CUST-10177,Male,0,No,Yes,71,Yes,No,Fiber optic,Yes,Yes,No,No,Yes,No internet service,Month-to-month,No,Credit card (automatic),86.16,6188.79,1
CUST-10178,Female,0,No,No,67,No,Yes,DSL,No internet service,Yes,No,No,No,No,One year,Yes,Credit card (automatic),81.76,5451.39,1
CUST-10179,Female,0,Yes,Yes,31,Yes,Yes,DSL,No,Yes,Yes,No,No,No internet service,Month-to-month,Yes,Electronic check,44.32,1543.44,0
CUST-10180,Female,1,Yes,No,49,No,Yes,Fiber optic,Yes,No internet service,Yes,Yes,No,No internet service,Month-to-month,Yes,Electronic check,91.88,4556.17,1
CUST-10181,Male,0,Yes,No,65,Yes,Yes,No,Yes,No,No internet service,No,No,No,Two year,Yes,Bank transfer (automatic),59.08,3890.1,0
CUST-10182,Male,0,Yes,No,59,Yes,No,DSL,No,Yes,Yes,Yes,No,No,Month-to-month,No,Electronic check,84.86,5005.8,0
CUST-10183,Female,0,No,No,71,Yes,No phone service,Fiber optic,Yes,No,No,No,Yes,No internet service,Month-to-month,Yes,Bank transfer (automatic),118.75,8489.78,0
CUST-10184,Male,0,No,No,2,Yes,Yes,Fiber optic,No,No internet service,Yes,No,Yes,No,Two year,Yes,Mailed check,95.32,195.89,1
CUST-10185,Male,0,No,No,39,Yes,Yes,Fiber optic,No,Yes,Yes,No internet service,Yes,No,Two year,No,Bank transfer (automatic),107.42,4139.1,0
CUST-10186,Male,0,No,Yes,57,No,Yes,No,No,Yes,Yes,No,Yes,No,Two year,Yes,Mailed check,69.05,3933.64,0
CUST-10187,Male,1,No,No,53,Yes,Yes,Fiber optic,No internet service,No internet service,Yes,No internet service,No,Yes,Two year,Yes,Electronic check,75.16,3960.52,1
CUST-10188,Male,0,No,Yes,11,No,No,No,No,No internet service,No,No,Yes,No internet service,Month-to-month,Yes,Electronic check,65.83,661.53,1
CUST-10189,Male,0,No,Yes,41,Yes,No phone service,Fiber optic,Yes,No,Yes,Yes,Yes,No,Month-to-month,Yes,Credit card (automatic),51.6,2165.32,1
CUST-10190,Female,0,Yes,Yes,12,Yes,No,DSL,No,Yes,No,No,Yes,Yes,Month-to-month,No,Mailed check,58.74,712.92,1
CUST-10191,Female,0,Yes,No,6,Yes,Yes,Fiber optic,No internet service,Yes,No,Yes,No internet service,Yes,Month-to-month,No,Electronic check,103.87,619.06,1
CUST-10192,Female,0,No,No,8,Yes,No,DSL,No internet service,No internet service,No,No internet service,Yes,No,One year,Yes,Electronic check,52.6,507.79,0
CUST-10193,Male,0,Yes,No,69,Yes,No,Fiber optic,No,No,Yes,No,No,No internet service,Two year,Yes,Mailed check,111.77,7719.81,0
CUST-10194,Female,0,No,No,19,Yes,Yes,DSL,No internet service,No,Yes,No,No internet service,No,Two year,No,Electronic check,95.91,1883.81,0
CUST-10195,Male,0,Yes,No,33,Yes,No phone service,DSL,Yes,Yes,Yes,No internet service,No internet service,Yes,One year,No,Mailed check,83.79,2711.99,0
CUST-10196,Male,0,No,No,18,Yes,No,No,Yes,Yes,Yes,No,No internet service,Yes,Month-to-month,Yes,Bank transfer (automatic),56.0,968.3,1
CUST-10197,Male,0,Yes,Yes,65,Yes,No,No,Yes,No,No,No,No,No,Month-to-month,Yes,Electronic check,45.5,2957.33,1
CUST-10198,Male,0,Yes,Yes,64,Yes,No,Fiber optic,Yes,No,No,Yes,Yes,No internet service,Month-to-month,Yes,Bank transfer (automatic),93.89,6013.87,0
CUST-10199,Female,1,No,No,47,Yes,Yes,Fiber optic,No internet service,No,Yes,No,No,Yes,Month-to-month,Yes,Electronic check,110.67,5216.23,1
CUST-10200,Male,0,Yes,Yes,60,No,No,No,Yes,No,Yes,No internet service,No,No internet service,Month-to-month,Yes,Bank transfer (automatic),73.31,4448.64,0
CUST-10201,Female,1,No,No,7,Yes,No,DSL,No,No,No,No,No,Yes,Month-to-month,No,Electronic check,77.24,721.61,1
CUST-10202,Male,1,Yes,No,72,Yes,No phone service,Fiber optic,Yes,No,Yes,Yes,No,No,Month-to-month,Yes,Mailed check,63.47,4489.48,0
CUST-10203,Female,0,Yes,No,30,Yes,Yes,DSL,No internet service,Yes,No,No,Yes,No internet service,Two year,No,Electronic check,69.45,2052.97,0
CUST-10204,Male,1,Yes,Yes,29,Yes,Yes,No,No internet service,No internet service,No internet service,No,Yes,No,Month-to-month,Yes,Mailed check,55.37,1625.87,0
CUST-10205,Male,0,No,No,14,No,No,DSL,No,Yes,No,No,No,No,Month-to-month,Yes,Credit card (automatic),91.2,1374.37,1
CUST-10206,Female,0,No,No,64,Yes,No,No,No,No,Yes,No,No internet service,Yes,One year,Yes,Mailed check,58.78,3750.85,0
CUST-10207,Female,0,Yes,No,12,Yes,No,DSL,No internet service,Yes,No,No,No,No internet service,Month-to-month,No,Credit card (automatic),101.05,1211.46,0
CUST-10208,Male,0,Yes,No,62,Yes,No,Fiber optic,No internet service,No,No internet service,No internet service,Yes,No internet service,Two year,Yes,Electronic check,76.59,4728.12,0
CUST-10209,Female,0,No,No,52,Yes,No,No,No,No,No,No,No internet service,No,Two year,Yes,Mailed check,36.68,1933.5,0
CUST-10210,Male,0,No,No,56,Yes,No,DSL,No,Yes,No,No,No,No internet service,Month-to-month,No,Mailed check,95.14,5326.15,1
CUST-10211,Female,0,Yes,Yes,2,Yes,Yes,No,No,No,No,No internet service,No internet service,Yes,Month-to-month,No,Electronic check,31.91,104.57,0
CUST-10212,Female,0,Yes,No,53,Yes,No,DSL,No,No,No internet service,No internet service,No internet service,No,Month-to-month,Yes,Mailed check,54.47,2948.11,0
CUST-10213,Male,0,Yes,No,70,Yes,No,Fiber optic,No internet service,No,Yes,Yes,No,Yes,Two year,Yes,Bank transfer (automatic),91.34,6374.79,0
CUST-10214,Female,0,Yes,Yes,28,Yes,No,Fiber optic,No,Yes,No,Yes,No internet service,Yes,Month-to-month,No,Electronic check,105.26,2995.06,0
CUST-10215,Male,0,No,No,32,Yes,No,DSL,Yes,Yes,No,No,No,No,Two year,Yes,Electronic check,79.6,2509.5,0
CUST-10216,Male,0,No,No,8,Yes,No,Fiber optic,Yes,No internet service,No,No internet service,No internet service,No,Two year,No,Electronic check,37.7,312.47,1
CUST-10217,Male,0,No,No,35,Yes,Yes,Fiber optic,No internet service,Yes,Yes,Yes,Yes,No,Two year,No,Electronic check,87.29,3021.33,0
CUST-10218,Male,0,No,Yes,49,Yes,Yes,Fiber optic,No,No,No internet service,No internet service,No internet service,No,One year,No,Bank transfer (automatic),75.25,3604.05,0
CUST-10219,Female,0,Yes,No,21,Yes,Yes,Fiber optic,No internet service,Yes,Yes,Yes,No,No,Month-to-month,Yes,Mailed check,113.98,2439.34,1
CUST-10220,Male,0,No,Yes,54,Yes,No,Fiber optic,No,No,No,No,Yes,Yes,One year,No,Electronic check,59.3,3150.59,0
CUST-10221,Male,0,Yes,No,6,Yes,No,DSL,No,No,No internet service,No internet service,No,No,Month-to-month,No,Credit card (automatic),86.51,481.91,1
CUST-10222,Female,0,Yes,No,49,Yes,No phone service,DSL,No,No,Yes,Yes,Yes,No,Month-to-month,Yes,Bank transfer (automatic),75.38,3675.36,1
CUST-10223,Male,0,No,No,42,Yes,No,No,Yes,No,Yes,No internet service,No,No,Two year,No,Electronic check,55.34,2419.34,0
CUST-10224,Female,0,Yes,No,16,Yes,No,Fiber optic,No,No,No,No internet service,No,No,Month-to-month,No,Electronic check,106.0,1777.18,1
CUST-10225,Male,0,No,No,25,Yes,No,DSL,No,No internet service,No,Yes,Yes,No,Two year,Yes,Electronic check,70.93,1689.13,1
CUST-10226,Female,0,No,No,17,Yes,No,DSL,No,No,Yes,Yes,No,No,Month-to-month,No,Mailed check,76.98,1246.63,1
CUST-10227,Female,0,No,No,45,Yes,No,Fiber optic,No,No,No,No internet service,No,No,Month-to-month,Yes,Electronic check,118.75,5437.55,1
CUST-10228,Female,0,No,Yes,46,Yes,Yes,Fiber optic,No,No,No,No internet service,No internet service,No internet service,Month-to-month,No,Electronic check,110.08,5173.03,1
CUST-10229,Male,0,Yes,No,40,Yes,No,DSL,No internet service,No,Yes,No,No internet service,No,Month-to-month,Yes,Credit card (automatic),93.64,3769.67,1
CUST-10230,Male,0,Yes,No,14,Yes,No phone service,No,Yes,No,No,Yes,Yes,No,One year,Yes,Credit card (automatic),68.0,958.82,1
CUST-10231,Female,0,No,No,15,Yes,No,No,No internet service,No,No,Yes,Yes,No internet service,Month-to-month,Yes,Mailed check,88.05,1317.64,1
CUST-10232,Male,0,No,Yes,59,Yes,Yes,No,No,No internet service,No,No,Yes,No,One year,No,Credit card (automatic),61.66,3626.68,1
CUST-10233,Female,0,No,No,33,Yes,No,Fiber optic,No,No internet service,No internet service,No,No,No internet service,Month-to-month,Yes,Electronic check,92.54,2991.41,1
CUST-10234,Male,0,Yes,Yes,31,Yes,No phone service,Fiber optic,Yes,No,No,No,Yes,No,Month-to-month,Yes,Bank transfer (automatic),102.75,3226.7,1
CUST-10235,Female,0,Yes,No,22,Yes,Yes,DSL,Yes,No,Yes,No,No,No internet service,One year,No,Credit card (automatic),63.93,1359.32,1
CUST-10236,Female,1,Yes,No,67,Yes,No phone service,Fiber optic,No,Yes,No,No internet service,No internet service,No,Month-to-month,No,Credit card (automatic),106.99,7200.98,1
CUST-10237,Male,0,No,No,17,No,No phone service,Fiber optic,No internet service,No internet service,No,Yes,No,No,Two year,No,Bank transfer (automatic),110.6,1881.84,0
CUST-10238,Male,0,No,No,56,Yes,No,DSL,No,No,No,No,No,No internet service,One year,Yes,Credit card (automatic),68.46,3888.54,1
CUST-10239,Female,0,No,Yes,56,Yes,Yes,Fiber optic,Yes,No internet service,Yes,No,Yes,No internet service,Month-to-month,Yes,Electronic check,87.48,4864.65,1
CUST-10240,Male,1,Yes,No,17,Yes,Yes,Fiber optic,No internet service,No,Yes,No,Yes,Yes,One year,Yes,Mailed check,97.09,1586.72,1
CUST-10241,Female,0,No,No,0,Yes,Yes,Fiber optic,No internet service,No,No,No,Yes,Yes,One year,No,Bank transfer (automatic),77.41,0.0,1
CUST-10242,Male,1,Yes,Yes,18,Yes,Yes,DSL,No,Yes,Yes,No internet service,Yes,No,Two year,No,Mailed check,54.39,977.89,0
CUST-10243,Female,0,Yes,No,19,Yes,No,No,Yes,No,Yes,No,No,Yes,Month-to-month,Yes,Electronic check,45.27,852.39,1
CUST-10244,Female,0,Yes,No,54,Yes,No phone service,Fiber optic,No,No,No internet service,No internet service,No internet service,Yes,One year,No,Bank transfer (automatic),91.54,4878.97,1
CUST-10245,Male,0,No,No,38,Yes,Yes,Fiber optic,No internet service,No,No,No,No internet service,Yes,Month-to-month,Yes,Bank transfer (automatic),103.38,3901.88,1
CUST-10246,Female,0,Yes,No,31,Yes,No,No,Yes,Yes,Yes,Yes,No internet service,Yes,Month-to-month,Yes,Mailed check,61.19,1900.76,1
CUST-10247,Male,0,Yes,Yes,34,Yes,No,DSL,Yes,Yes,Yes,No internet service,Yes,No,One year,Yes,Electronic check,74.18,2557.44,0
CUST-10248,Female,1,No,No,69,Yes,Yes,No,No,No internet service,No,Yes,Yes,Yes,One year,Yes,Electronic check,61.57,4247.51,0
CUST-10249,Male,0,No,Yes,68,Yes,No,No,No,No,No,No,Yes,No,Two year,No,Credit card (automatic),39.59,2727.41,0
CUST-10250,Male,1,Yes,No,1,Yes,No phone service,No,Yes,Yes,Yes,No,Yes,Yes,Month-to-month,Yes,Electronic check,19.93,22.04,1
CUST-10251,Male,0,Yes,Yes,61,Yes,No,Fiber optic,No,No,No,No,Yes,No,Month-to-month,Yes,Bank transfer (automatic),86.03,5250.08,1
CUST-10252,Male,0,No,No,26,Yes,Yes,DSL,No internet service,Yes,Yes,No,No,No internet service,One year,No,Electronic check,80.02,2105.65,1
CUST-10253,Male,0,No,Yes,54,Yes,No,DSL,No internet service,Yes,Yes,No internet service,No,Yes,Month-to-month,No,Electronic check,63.46,3367.26,0
CUST-10254,Female,0,No,Yes,71,Yes,Yes,No,Yes,Yes,No,No,No internet service,No internet service,Month-to-month,No,Mailed check,20.77,1569.22,0
CUST-10255,Male,0,Yes,Yes,37,Yes,No phone service,DSL,No internet service,Yes,No,Yes,Yes,No internet service,Month-to-month,Yes,Bank transfer (automatic),57.74,2140.18,0
CUST-10256,Female,0,No,No,45,Yes,No phone service,DSL,No,No internet service,No,No internet service,No,Yes,Month-to-month,No,Electronic check,50.95,2288.26,1
CUST-10257,Male,0,No,Yes,31,Yes,Yes,No,Yes,No,Yes,Yes,No,Yes,Month-to-month,No,Electronic check,22.74,717.35,0
CUST-10258,Male,0,Yes,Yes,5,Yes,No,Fiber optic,Yes,No,No,No,No,Yes,One year,Yes,Mailed check,91.19,512.92,1
CUST-10259,Female,0,Yes,Yes,2,Yes,No,DSL,No internet service,No,Yes,No internet service,No,No internet service,One year,No,Mailed check,98.84,218.47,1
CUST-10260,Female,0,No,No,26,Yes,No,Fiber optic,Yes,No,Yes,Yes,Yes,No,Month-to-month,Yes,Bank transfer (automatic),90.88,2394.7,1
CUST-10261,Male,0,Yes,No,59,Yes,No,DSL,Yes,No,No,Yes,No,No,Month-to-month,No,Mailed check,98.6,5821.81,0
CUST-10262,Male,0,No,No,24,Yes,No phone service,Fiber optic,No,No,No,No internet service,Yes,Yes,Month-to-month,No,Mailed check,37.92,855.93,0
CUST-10263,Female,0,No,Yes,31,Yes,Yes,DSL,No,No,No internet service,Yes,Yes,Yes,Two year,Yes,Electronic check,79.01,2319.37,0
CUST-10264,Female,0,Yes,Yes,38,No,No,Fiber optic,Yes,No,No internet service,No,Yes,No internet service,Month-to-month,No,Electronic check,101.32,3891.8,1
CUST-10265,Female,0,No,Yes,23,Yes,Yes,DSL,No,Yes,No,Yes,No,No internet service,Month-to-month,Yes,Electronic check,59.79,1425.6,0
CUST-10266,Male,0,Yes,No,35,Yes,Yes,Fiber optic,No,Yes,No internet service,No,No internet service,Yes,One year,Yes,Electronic check,72.35,2472.24,1
CUST-10267,Male,0,No,Yes,44,Yes,No,Fiber optic,No internet service,Yes,Yes,No internet service,Yes,No,Month-to-month,Yes,Credit card (automatic),82.97,3584.65,0
CUST-10268,Female,1,No,Yes,62,Yes,No,DSL,No,No,No internet service,No internet service,No,No,Two year,Yes,Electronic check,92.92,5702.41,0
CUST-10269,Female,0,No,Yes,55,Yes,No,No,Yes,No,Yes,No,Yes,No,Month-to-month,Yes,Bank transfer (automatic),26.51,1426.18,0
CUST-10270,Male,1,Yes,No,59,No,Yes,No,No internet service,No,No,No,Yes,No,Month-to-month,Yes,Mailed check,33.63,1936.33,0
CUST-10271,Male,0,No,No,38,Yes,No,Fiber optic,No,No,Yes,Yes,No,No internet service,Two year,Yes,Mailed check,63.85,2430.2,0
CUST-10272,Male,0,No,Yes,51,Yes,Yes,No,No,No,No,No,No internet service,No,Two year,No,Bank transfer (automatic),62.12,3173.48,0
CUST-10273,Female,0,No,No,10,Yes,No,DSL,Yes,No,No,No internet service,Yes,No,Month-to-month,No,Mailed check,61.0,609.46,1
CUST-10274,Male,0,No,No,10,Yes,Yes,Fiber optic,No,Yes,Yes,No,Yes,No,Month-to-month,No,Electronic check,88.06,851.17,1
CUST-10275,Male,0,Yes,No,67,Yes,No,No,Yes,No internet service,No internet service,No,No internet service,No internet service,Two year,Yes,Mailed check,59.56,3941.6,0
CUST-10276,Male,0,No,Yes,44,No,No,Fiber optic,No,Yes,No internet service,Yes,No,No,Month-to-month,Yes,Electronic check,80.08,3445.9,1
CUST-10277,Female,0,Yes,No,8,Yes,Yes,DSL,Yes,No,No,No,Yes,No internet service,Two year,Yes,Mailed check,45.69,333.04,0
CUST-10278,Male,0,Yes,No,29,No,No,No,No,Yes,Yes,No internet service,Yes,No internet service,Month-to-month,No,Mailed check,60.13,1771.31,0
CUST-10279,Male,0,No,No,70,Yes,Yes,DSL,Yes,No,No,No,No internet service,Yes,Two year,No,Credit card (automatic),86.6,5976.66,0
CUST-10280,Male,0,No,No,1,Yes,No,DSL,No,No,Yes,No,No internet service,No,One year,Yes,Electronic check,107.1,99.55,1
CUST-10281,Male,0,No,Yes,32,Yes,No,Fiber optic,No,Yes,Yes,No,No,Yes,Two year,Yes,Bank transfer (automatic),96.22,3021.97,0
CUST-10282,Female,0,Yes,No,61,Yes,No,DSL,No,No,Yes,Yes,Yes,No internet service,Month-to-month,No,Credit card (automatic),76.49,4596.72,0
CUST-10283,Male,0,Yes,No,69,Yes,Yes,DSL,No internet service,No,No,No,No,Yes,Two year,No,Credit card (automatic),80.57,5603.46,1
CUST-10284,Male,0,No,Yes,26,Yes,Yes,Fiber optic,No,No internet service,Yes,Yes,No,Yes,Month-to-month,Yes,Bank transfer (automatic),86.38,2303.44,1
CUST-10285,Female,0,Yes,Yes,66,Yes,Yes,Fiber optic,No,No,Yes,Yes,Yes,Yes,Month-to-month,Yes,Mailed check,89.36,5918.88,1
CUST-10286,Male,0,No,No,52,Yes,Yes,Fiber optic,No,Yes,No,Yes,Yes,No internet service,Two year,Yes,Bank transfer (automatic),78.04,3994.63,1
CUST-10287,Female,0,No,Yes,29,Yes,No,Fiber optic,No internet service,Yes,No,No,Yes,No internet service,Month-to-month,Yes,Credit card (automatic),95.32,2802.31,1
CUST-10288,Female,0,Yes,No,56,Yes,Yes,Fiber optic,No internet service,No internet service,No internet service,No internet service,Yes,No,Month-to-month,Yes,Mailed check,95.7,5392.22,0
CUST-10289,Male,0,Yes,No,58,Yes,Yes,Fiber optic,No,Yes,No internet service,Yes,No,No,One year,Yes,Mailed check,86.72,5125.74,0
CUST-10290,Female,0,Yes,No,20,Yes,Yes,DSL,No internet service,No,Yes,No,No,No,Two year,No,Electronic check,56.17,1093.07,0
CUST-10291,Male,0,No,Yes,6,Yes,No,DSL,Yes,Yes,No internet service,No internet service,No internet service,No,One year,Yes,Mailed check,45.34,287.14,0
CUST-10292,Female,0,No,No,57,Yes,No,No,No internet service,No,No,No internet service,No internet service,Yes,Month-to-month,Yes,Electronic check,39.34,2194.08,1
CUST-10293,Male,0,Yes,No,6,Yes,No,Fiber optic,No,No,Yes,No,No internet service,Yes,Month-to-month,Yes,Electronic check,77.25,364.87,1
CUST-10294,Female,0,Yes,No,56,Yes,No phone service,DSL,Yes,No internet service,No,No,Yes,No,Month-to-month,No,Bank transfer (automatic),67.09,3661.99,0
CUST-10295,Female,1,Yes,Yes,25,Yes,Yes,No,No,No,No,Yes,No,Yes,One year,Yes,Electronic check,40.79,1019.19,1
CUST-10296,Female,0,Yes,Yes,51,Yes,No,Fiber optic,Yes,Yes,No,No,Yes,No,Month-to-month,No,Electronic check,118.75,6015.66,0
CUST-10297,Male,0,No,Yes,44,Yes,Yes,Fiber optic,No internet service,No,No internet service,No,No,No internet service,Two year,Yes,Bank transfer (automatic),82.2,3639.5,0
CUST-10298,Male,0,No,Yes,2,Yes,No,DSL,No internet service,Yes,No,No,Yes,No,Two year,Yes,Electronic check,48.33,125.54,0
CUST-10299,Male,0,Yes,No,0,Yes,Yes,Fiber optic,No,No internet service,Yes,Yes,No,No,Two year,Yes,Credit card (automatic),90.35,0.0,0
CUST-10300,Male,1,No,Yes,45,Yes,No phone service,DSL,Yes,No,No,No,Yes,Yes,Month-to-month,No,Credit card (automatic),67.38,2951.11,0
CUST-10301,Female,0,Yes,Yes,37,Yes,No,Fiber optic,No internet service,No internet service,No internet service,Yes,No,No,Month-to-month,Yes,Credit card (automatic),118.75,4341.22,1
CUST-10302,Male,0,Yes,No,3,Yes,No,Fiber optic,No internet service,No internet service,No,Yes,No,Yes,Month-to-month,No,Electronic check,95.95,296.45,1
CUST-10303,Female,1,No,Yes,71,Yes,No,Fiber optic,No,Yes,No,No internet service,Yes,Yes,One year,Yes,Electronic check,107.93,7676.96,1
CUST-10304,Female,0,Yes,Yes,17,Yes,Yes,DSL,No,No internet service,No,Yes,No internet service,No internet service,Two year,Yes,Electronic check,75.6,1299.52,1
CUST-10305,Male,0,Yes,No,62,Yes,Yes,DSL,No,No internet service,Yes,Yes,Yes,No internet service,Two year,Yes,Credit card (automatic),78.84,4928.3,0
CUST-10306,Male,0,No,No,8,Yes,No phone service,No,No,No internet service,No,No,Yes,No,Month-to-month,No,Credit card (automatic),39.33,299.4,1
CUST-10307,Female,0,No,No,16,No,No,No,No internet service,No,No internet service,No,No,No,Month-to-month,No,Electronic check,49.0,791.32,1
CUST-10308,Male,0,Yes,No,38,Yes,Yes,DSL,No,No,No internet service,No,No,Yes,One year,No,Electronic check,56.94,2188.49,0
CUST-10309,Male,0,No,Yes,38,Yes,Yes,Fiber optic,Yes,Yes,Yes,Yes,No internet service,No,Month-to-month,Yes,Electronic check,81.23,3131.81,0
CUST-10310,Female,1,Yes,No,44,Yes,Yes,Fiber optic,Yes,No internet service,No internet service,No internet service,No,Yes,One year,No,Electronic check,96.31,4233.62,1
CUST-10311,Female,1,No,No,12,No,No,No,No,Yes,Yes,No internet service,Yes,No internet service,One year,No,Electronic check,57.71,686.92,1
CUST-10312,Male,0,Yes,No,19,Yes,No,No,No,No,No,No,No,No internet service,One year,No,Electronic check,54.37,1045.38,1
CUST-10313,Male,0,No,No,19,Yes,No,Fiber optic,No internet service,No internet service,No,Yes,No internet service,Yes,Month-to-month,Yes,Bank transfer (automatic),77.78,1476.96,1
CUST-10314,Male,0,Yes,No,32,Yes,Yes,DSL,No internet service,No internet service,Yes,No,Yes,Yes,One year,No,Bank transfer (automatic),118.75,3783.24,1
CUST-10315,Female,0,No,No,67,No,No phone service,Fiber optic,Yes,No internet service,Yes,No,Yes,Yes,Month-to-month,Yes,Mailed check,88.14,5870.36,1
CUST-10316,Female,0,No,No,33,Yes,Yes,No,Yes,No internet service,No,Yes,No internet service,Yes,Month-to-month,Yes,Electronic check,54.86,1721.26,0
CUST-10317,Female,0,Yes,Yes,72,Yes,Yes,Fiber optic,No,No,Yes,No,No internet service,Yes,One year,Yes,Mailed check,115.25,8321.91,0
CUST-10318,Female,0,No,No,18,Yes,No phone service,Fiber optic,No internet service,No,No,Yes,No internet service,Yes,Month-to-month,No,Bank transfer (automatic),71.37,1304.84,1
CUST-10319,Female,0,Yes,Yes,17,Yes,No,DSL,No internet service,Yes,No,Yes,Yes,No internet service,Two year,No,Electronic check,71.42,1224.25,0
CUST-10320,Male,0,No,No,7,Yes,No,DSL,Yes,No internet service,No,No,No internet service,Yes,Month-to-month,No,Electronic check,111.71,799.37,1
CUST-10321,Male,0,Yes,No,15,Yes,No,No,Yes,No,No internet service,No,Yes,No,Two year,Yes,Credit card (automatic),59.15,875.82,0
CUST-10322,Female,0,Yes,No,22,Yes,Yes,DSL,No internet service,No internet service,No internet service,No,No,No,Two year,Yes,Electronic check,90.9,2090.17,1
CUST-10323,Female,0,No,Yes,28,Yes,Yes,Fiber optic,No,No,No internet service,No,Yes,No,Month-to-month,Yes,Credit card (automatic),82.55,2352.45,1
CUST-10324,Female,0,Yes,No,52,Yes,Yes,DSL,No,No,No,Yes,No,Yes,Month-to-month,Yes,Mailed check,66.8,3567.67,0
CUST-10325,Male,1,No,No,32,Yes,Yes,DSL,Yes,No,Yes,Yes,No internet service,No internet service,Month-to-month,Yes,Mailed check,53.46,1674.65,1
CUST-10326,Male,0,No,Yes,50,Yes,No,Fiber optic,Yes,No internet service,No,Yes,Yes,Yes,Two year,Yes,Electronic check,118.75,5931.65,0
CUST-10327,Male,1,Yes,Yes,6,Yes,No,DSL,Yes,Yes,No internet service,No,Yes,No,Month-to-month,No,Bank transfer (automatic),66.02,390.29,1
CUST-10328,Male,0,Yes,No,69,Yes,No,Fiber optic,No,No,No,Yes,No,Yes,Two year,Yes,Mailed check,63.01,4417.23,0
CUST-10329,Female,0,No,Yes,10,Yes,No,DSL,No,Yes,No,No,No internet service,No internet service,One year,Yes,Electronic check,98.53,879.03,1
CUST-10330,Female,1,No,No,2,Yes,Yes,Fiber optic,No,No,No internet service,No,No,Yes,Two year,Yes,Credit card (automatic),76.68,181.21,1
CUST-10331,Male,0,Yes,No,31,No,Yes,No,No,No,No,No internet service,No,No internet service,One year,No,Bank transfer (automatic),64.11,1995.3,1
CUST-10332,Male,0,Yes,Yes,47,No,Yes,Fiber optic,Yes,Yes,No,No internet service,No internet service,No,One year,No,Bank transfer (automatic),103.48,4915.96,0
CUST-10333,Female,0,No,No,17,Yes,No,DSL,Yes,No,Yes,No,No,No internet service,Month-to-month,Yes,Electronic check,95.74,1599.64,1
CUST-10334,Male,0,No,Yes,11,Yes,No,No,Yes,No internet service,No,No internet service,No,No internet service,One year,No,Electronic check,22.1,156.29,0
CUST-10335,Female,0,No,Yes,61,Yes,No phone service,DSL,Yes,No internet service,No,No internet service,No,No,One year,Yes,Electronic check,82.52,5128.36,0
CUST-10336,Female,0,Yes,No,60,Yes,No,DSL,No internet service,No,Yes,No,Yes,No,One year,No,Electronic check,53.28,3196.2,0
CUST-10337,Male,1,No,Yes,54,Yes,No,No,Yes,Yes,Yes,No,Yes,No,Two year,No,Credit card (automatic),51.18,2811.44,0
CUST-10338,Male,0,No,No,16,Yes,No,DSL,Yes,No,No,Yes,Yes,No internet service,Month-to-month,No,Mailed check,92.16,1459.2,1
CUST-10339,Female,0,Yes,No,39,Yes,No,Fiber optic,No internet service,No,No,No internet service,No,No,One year,Yes,Electronic check,55.74,2230.63,0
CUST-10340,Female,0,Yes,Yes,50,No,No phone service,DSL,No,No,No internet service,No,Yes,No internet service,Month-to-month,Yes,Mailed check,66.21,3349.07,0
CUST-10341,Male,0,Yes,No,31,Yes,No,Fiber optic,Yes,No,No internet service,Yes,Yes,Yes,One year,Yes,Credit card (automatic),71.08,2264.53,0
CUST-10342,Female,0,No,No,13,No,Yes,Fiber optic,Yes,No,Yes,No internet service,Yes,Yes,Two year,Yes,Mailed check,93.23,1195.58,1
CUST-10343,Female,0,Yes,Yes,60,No,Yes,Fiber optic,Yes,No,Yes,No internet service,No internet service,Yes,One year,Yes,Credit card (automatic),67.65,4126.91,0
CUST-10344,Female,0,No,No,68,Yes,No,Fiber optic,Yes,No internet service,Yes,No,Yes,No,Month-to-month,Yes,Credit card (automatic),103.66,7075.15,1
CUST-10345,Male,0,No,No,12,Yes,Yes,DSL,No,No,Yes,No,No internet service,No internet service,Month-to-month,Yes,Electronic check,70.04,749.89,0
CUST-10346,Female,0,Yes,No,51,Yes,No,DSL,No,Yes,No,Yes,Yes,Yes,Two year,Yes,Bank transfer (automatic),73.92,3838.39,0
CUST-10347,Female,0,No,No,64,Yes,No phone service,No,Yes,No internet service,No,No,No,No,Month-to-month,No,Bank transfer (automatic),54.6,3523.35,0
CUST-10348,Male,0,No,No,39,Yes,Yes,No,No internet service,No,Yes,No,No internet service,No,Two year,Yes,Electronic check,18.25,697.07,0
CUST-10349,Male,0,Yes,Yes,3,Yes,Yes,Fiber optic,Yes,No,No,No,Yes,No,Two year,Yes,Credit card (automatic),68.64,199.54,1
CUST-10350,Female,0,No,Yes,50,Yes,Yes,Fiber optic,No,Yes,No internet service,No,No,Yes,Month-to-month,Yes,Bank transfer (automatic),118.75,5887.38,1
CUST-10351,Male,0,No,No,67,Yes,No,Fiber optic,Yes,Yes,Yes,Yes,No,Yes,Two year,No,Bank transfer (automatic),65.38,4388.18,0
CUST-10352,Male,0,Yes,No,19,Yes,No,Fiber optic,Yes,No internet service,No internet service,No,No,No,One year,No,Bank transfer (automatic),68.9,1337.06,0
CUST-10353,Male,0,No,No,10,Yes,Yes,Fiber optic,No,Yes,Yes,No,Yes,Yes,Two year,Yes,Electronic check,82.8,833.9,1
CUST-10354,Female,0,No,Yes,18,No,No,DSL,Yes,No,Yes,No internet service,No,No,Month-to-month,Yes,Bank transfer (automatic),90.61,1642.83,1
CUST-10355,Female,0,Yes,No,59,Yes,No,Fiber optic,Yes,No,No,No,Yes,Yes,One year,Yes,Credit card (automatic),62.27,3646.87,0
CUST-10356,Male,0,No,Yes,40,No,Yes,DSL,No,Yes,Yes,Yes,No,Yes,Month-to-month,No,Bank transfer (automatic),69.71,2742.71,0
CUST-10357,Female,0,No,No,1,Yes,Yes,Fiber optic,No internet service,No,Yes,Yes,Yes,Yes,Month-to-month,Yes,Mailed check,114.42,116.29,1
CUST-10358,Male,0,No,No,42,No,Yes,Fiber optic,No,Yes,Yes,No internet service,No,Yes,Month-to-month,No,Mailed check,96.35,4059.86,1
CUST-10359,Female,0,Yes,Yes,59,Yes,No,Fiber optic,Yes,Yes,Yes,No internet service,No internet service,No internet service,One year,Yes,Bank transfer (automatic),70.19,4120.7,1
CUST-10360,Female,0,Yes,No,13,Yes,Yes,Fiber optic,No,No internet service,No,No internet service,Yes,No,Month-to-month,Yes,Mailed check,110.69,1462.86,0
CUST-10361,Female,0,Yes,No,42,Yes,Yes,No,No,No,Yes,No,No,No,Two year,No,Electronic check,43.35,1863.9,0
CUST-10362,Male,0,No,No,16,Yes,No,No,Yes,No internet service,Yes,No,No internet service,No,Month-to-month,Yes,Mailed check,59.17,995.59,1
CUST-10363,Female,0,No,No,1,Yes,No,No,No,No,No,No,No,Yes,One year,Yes,Credit card (automatic),34.36,10.17,0
CUST-10364,Male,0,No,No,29,Yes,No,No,No,No internet service,No,Yes,No internet service,No,Two year,Yes,Bank transfer (automatic),69.77,1940.53,0
CUST-10365,Female,0,Yes,No,56,Yes,Yes,Fiber optic,No internet service,Yes,No,Yes,Yes,No,Month-to-month,Yes,Electronic check,83.41,4692.69,0
CUST-10366,Male,0,No,No,48,Yes,No,Fiber optic,No internet service,Yes,No,No,Yes,No internet service,Month-to-month,Yes,Electronic check,94.47,4520.39,1
CUST-10367,Male,0,No,No,7,Yes,No,Fiber optic,Yes,Yes,No internet service,No,Yes,Yes,Month-to-month,Yes,Electronic check,53.46,375.56,1
CUST-10368,Male,0,No,Yes,13,No,No,No,No internet service,Yes,Yes,No,No internet service,No,Two year,Yes,Credit card (automatic),79.95,1015.31,1
CUST-10369,Female,0,No,Yes,39,Yes,No,Fiber optic,No,No internet service,No internet service,No,No,Yes,Two year,Yes,Electronic check,116.14,4611.39,0
CUST-10370,Male,1,No,No,23,Yes,No,Fiber optic,No internet service,No,No,No,Yes,No,One year,No,Mailed check,66.37,1505.76,0
CUST-10371,Female,0,Yes,Yes,24,Yes,Yes,No,No,No,No internet service,No,No,Yes,One year,Yes,Bank transfer (automatic),80.68,2030.08,1
CUST-10372,Male,1,No,No,31,Yes,No,Fiber optic,No,No,Yes,No internet service,Yes,No internet service,Month-to-month,No,Credit card (automatic),63.2,1998.42,0
CUST-10373,Male,0,No,No,55,Yes,No,DSL,No,Yes,No internet service,No,No internet service,No,Month-to-month,Yes,Electronic check,49.71,2786.97,0
CUST-10374,Female,0,No,No,42,Yes,Yes,Fiber optic,No,No internet service,No internet service,No,Yes,No,One year,Yes,Electronic check,85.84,3598.91,1
CUST-10375,Male,0,Yes,No,62,Yes,Yes,Fiber optic,No,No,Yes,Yes,Yes,Yes,Month-to-month,No,Electronic check,93.71,5768.28,1
CUST-10376,Female,0,No,No,7,Yes,No,Fiber optic,No,Yes,No,No,Yes,Yes,Two year,Yes,Electronic check,107.78,789.59,1
CUST-10377,Female,1,Yes,Yes,33,Yes,No phone service,No,No,No,Yes,Yes,No,Yes,Two year,No,Electronic check,48.22,1608.51,0
CUST-10378,Male,0,Yes,No,40,Yes,Yes,Fiber optic,Yes,Yes,Yes,No internet service,Yes,Yes,Two year,Yes,Bank transfer (automatic),68.78,2725.98,0
CUST-10379,Male,1,Yes,No,55,Yes,No,No,No,No,No,No,No internet service,No,Month-to-month,No,Electronic check,71.45,3965.51,0
CUST-10380,Male,0,Yes,Yes,37,Yes,Yes,Fiber optic,Yes,No,No,No,No internet service,No,Month-to-month,No,Bank transfer (automatic),86.53,3231.21,0
CUST-10381,Female,1,Yes,Yes,66,Yes,No,DSL,Yes,No internet service,No,No,No,Yes,Two year,Yes,Credit card (automatic),87.84,5711.3,0
CUST-10382,Female,1,No,No,61,Yes,No,Fiber optic,No,No internet service,Yes,Yes,No,No internet service,Month-to-month,Yes,Mailed check,109.1,6686.29,1
CUST-10383,Male,0,No,No,50,Yes,No,Fiber optic,No,Yes,Yes,No internet service,Yes,No,Month-to-month,No,Credit card (automatic),78.87,3991.96,1
CUST-10384,Male,0,Yes,Yes,29,Yes,No phone service,No,Yes,Yes,Yes,No,Yes,No internet service,Month-to-month,Yes,Mailed check,45.04,1230.05,1
CUST-10385,Male,0,No,No,23,Yes,No phone service,Fiber optic,Yes,No internet service,Yes,No,Yes,No internet service,Month-to-month,Yes,Mailed check,103.06,2468.18,1
CUST-10386,Male,0,No,Yes,38,Yes,No phone service,Fiber optic,No,No,No,No,No,Yes,Month-to-month,Yes,Electronic check,109.33,4224.82,1
CUST-10387,Female,1,No,Yes,33,Yes,No,Fiber optic,No internet service,No,Yes,No,Yes,No internet service,Month-to-month,Yes,Bank transfer (automatic),77.86,2483.57,1
CUST-10388,Female,0,Yes,No,2,Yes,No,No,No,No,No internet service,No,No,No,One year,Yes,Bank transfer (automatic),49.41,80.94,1
CUST-10389,Male,0,Yes,Yes,16,Yes,Yes,DSL,No,No,No,No,No,No internet service,Month-to-month,Yes,Electronic check,47.33,712.67,1
CUST-10390,Female,0,No,No,60,Yes,Yes,DSL,No,No,No internet service,No internet service,No internet service,No internet service,Month-to-month,No,Bank transfer (automatic),66.96,3958.53,0
CUST-10391,Male,0,No,Yes,33,Yes,No,Fiber optic,Yes,No internet service,Yes,No,No,No internet service,Two year,Yes,Mailed check,118.75,3934.48,0
CUST-10392,Male,1,No,No,69,Yes,Yes,Fiber optic,Yes,No,Yes,Yes,No,No,Month-to-month,No,Credit card (automatic),53.47,3696.66,0
CUST-10393,Female,0,Yes,No,17,No,No phone service,Fiber optic,No,Yes,Yes,No,Yes,No,Month-to-month,Yes,Electronic check,118.75,1973.28,1
CUST-10394,Female,0,No,Yes,70,Yes,Yes,DSL,No internet service,Yes,No,No,No internet service,No,One year,No,Mailed check,111.89,7792.82,0
CUST-10395,Female,1,No,No,58,Yes,Yes,Fiber optic,No,No internet service,No internet service,Yes,Yes,No internet service,One year,Yes,Mailed check,66.15,3837.49,0
CUST-10396,Male,0,No,No,26,Yes,Yes,DSL,No,No,No,No,Yes,Yes,Month-to-month,No,Mailed check,54.05,1425.76,1
CUST-10397,Male,0,No,Yes,44,Yes,Yes,DSL,No,No,No internet service,No,No,Yes,Month-to-month,No,Electronic check,75.4,3276.22,1
CUST-10398,Male,0,No,No,72,Yes,Yes,Fiber optic,No,Yes,No internet service,No,No internet service,Yes,Two year,Yes,Electronic check,81.93,5902.33,1
CUST-10399,Male,0,No,Yes,46,Yes,No,DSL,No,No internet service,No,Yes,Yes,No,Month-to-month,Yes,Mailed check,96.25,4455.13,0
CUST-10400,Female,0,No,Yes,68,No,Yes,Fiber optic,No,No,No,Yes,No internet service,No,Month-to-month,Yes,Electronic check,105.62,7227.83,1
CUST-10401,Female,0,No,No,8,Yes,No,Fiber optic,No internet service,No internet service,Yes,No,No,No,Month-to-month,Yes,Electronic check,88.53,723.01,1
CUST-10402,Male,0,No,Yes,11,Yes,Yes,DSL,No,Yes,No,Yes,No,Yes,One year,No,Credit card (automatic),48.75,544.25,1
CUST-10403,Female,1,Yes,No,0,Yes,No,Fiber optic,No,Yes,No,No internet service,No,No,One year,No,Mailed check,84.75,0.0,1
CUST-10404,Male,1,No,No,23,Yes,No,Fiber optic,No internet service,Yes,Yes,No,No,Yes,Two year,Yes,Bank transfer (automatic),118.75,2710.86,1
CUST-10405,Female,0,No,No,57,Yes,Yes,DSL,No internet service,No,No internet service,Yes,No internet service,No,One year,No,Mailed check,79.79,4557.03,1
CUST-10406,Male,0,No,Yes,70,Yes,Yes,Fiber optic,No internet service,No internet service,No internet service,No,Yes,Yes,Month-to-month,Yes,Credit card (automatic),118.75,8317.29,1
CUST-10407,Male,0,Yes,Yes,39,Yes,No,DSL,No,No,No internet service,No internet service,No,Yes,Two year,Yes,Credit card (automatic),82.81,3250.29,0
CUST-10408,Female,0,No,No,30,Yes,No,No,No internet service,No internet service,Yes,No,No,Yes,Month-to-month,Yes,Credit card (automatic),85.08,2514.28,1
CUST-10409,Male,0,No,Yes,68,Yes,Yes,Fiber optic,Yes,No,No,No,No,No,Two year,Yes,Bank transfer (automatic),89.04,6086.9,0
CUST-10410,Male,0,Yes,No,42,Yes,No,DSL,No internet service,Yes,No,No,No internet service,Yes,Month-to-month,No,Bank transfer (automatic),99.64,4108.84,0
CUST-10411,Male,0,Yes,No,39,Yes,Yes,No,No,No,Yes,No,No,No,Month-to-month,Yes,Bank transfer (automatic),69.84,2757.92,1
CUST-10412,Male,0,Yes,No,6,Yes,Yes,Fiber optic,No,No internet service,Yes,No,Yes,No internet service,Two year,No,Credit card (automatic),92.13,542.17,1
CUST-10413,Male,0,No,No,15,Yes,Yes,DSL,Yes,No,Yes,Yes,No internet service,Yes,One year,Yes,Electronic check,77.21,1101.59,0
CUST-10414,Male,0,No,Yes,50,Yes,No,Fiber optic,No,Yes,Yes,No,Yes,No,Month-to-month,No,Electronic check,61.02,2994.96,1
CUST-10415,Female,0,No,Yes,50,Yes,Yes,Fiber optic,No,No internet service,No,Yes,Yes,No internet service,One year,No,Mailed check,82.83,4168.87,1
CUST-10416,Female,0,Yes,No,36,No,No,Fiber optic,No internet service,No,No internet service,No,No,No internet service,Month-to-month,Yes,Bank transfer (automatic),118.75,4281.25,1
CUST-10417,Male,0,No,No,51,Yes,Yes,Fiber optic,No internet service,No internet service,No internet service,No internet service,Yes,No internet service,Month-to-month,No,Electronic check,118.75,6066.58,1
CUST-10418,Male,0,No,No,50,Yes,Yes,No,No internet service,No,Yes,No,No internet service,Yes,Month-to-month,No,Credit card (automatic),48.76,2428.47,0
CUST-10419,Female,1,No,Yes,4,Yes,Yes,No,No,No,No,No,Yes,No,Two year,No,Mailed check,33.45,113.49,0
CUST-10420,Female,1,Yes,No,60,Yes,No,DSL,No,No,Yes,No,Yes,No internet service,One year,No,Credit card (automatic),100.25,6021.22,0
CUST-10421,Female,0,Yes,Yes,50,No,No,No,No,No internet service,Yes,Yes,No,Yes,Month-to-month,Yes,Mailed check,56.35,2815.53,0
CUST-10422,Female,0,No,No,16,Yes,No,DSL,No,No internet service,No internet service,No,Yes,Yes,One year,Yes,Credit card (automatic),85.09,1323.3,0
CUST-10423,Female,0,Yes,Yes,15,Yes,Yes,No,Yes,No,No internet service,No,No,No,Two year,Yes,Credit card (automatic),44.52,583.94,0
CUST-10424,Male,0,No,No,69,Yes,Yes,DSL,No,Yes,No internet service,Yes,Yes,Yes,One year,No,Credit card (automatic),105.47,7242.21,0
CUST-10425,Male,0,No,No,18,Yes,Yes,DSL,No,Yes,No,No,No,No,Month-to-month,Yes,Credit card (automatic),80.75,1461.21,1
CUST-10426,Female,0,Yes,No,2,Yes,No,Fiber optic,Yes,Yes,No,No,No,No,Two year,Yes,Credit card (automatic),103.09,247.53,1
CUST-10427,Female,1,Yes,No,2,Yes,No,DSL,Yes,No,No,No internet service,No,No,Two year,Yes,Mailed check,54.48,9.0,1
CUST-10428,Male,1,No,Yes,16,No,No,No,No,No,No,No,Yes,Yes,Month-to-month,Yes,Mailed check,34.93,533.7,1
CUST-10429,Female,0,No,No,45,Yes,Yes,DSL,No,Yes,Yes,No,No internet service,No,Two year,Yes,Mailed check,52.56,2375.91,0
CUST-10430,Male,0,No,No,33,Yes,No,Fiber optic,Yes,No,Yes,No internet service,Yes,No internet service,Month-to-month,No,Electronic check,99.41,3286.51,0
CUST-10431,Female,0,Yes,No,53,Yes,No,No,No,No internet service,No internet service,Yes,No,No internet service,Month-to-month,Yes,Mailed check,52.08,2762.73,0
CUST-10432,Female,1,No,No,16,Yes,No,Fiber optic,No internet service,Yes,Yes,No,Yes,Yes,Month-to-month,Yes,Electronic check,63.7,992.83,1
CUST-10433,Male,0,Yes,No,16,Yes,No,Fiber optic,No,No,No internet service,No,Yes,Yes,Two year,Yes,Electronic check,96.64,1507.16,1
CUST-10434,Male,0,No,Yes,29,Yes,Yes,No,No,Yes,Yes,Yes,Yes,No internet service,Two year,Yes,Bank transfer (automatic),52.86,1555.3,0
CUST-10435,Male,0,No,No,57,No,No,DSL,Yes,No,No internet service,No internet service,Yes,Yes,Two year,Yes,Electronic check,37.86,2169.55,0
CUST-10436,Female,0,Yes,No,36,Yes,No phone service,DSL,No,No internet service,No internet service,No internet service,No,No,Two year,Yes,Credit card (automatic),60.71,2181.48,0
CUST-10437,Female,0,No,No,55,Yes,Yes,DSL,No,Yes,Yes,No,No,Yes,Two year,Yes,Electronic check,80.07,4503.48,0
CUST-10438,Male,0,No,No,6,Yes,No,DSL,No internet service,No internet service,No,No,Yes,Yes,Two year,No,Electronic check,54.46,387.43,0
CUST-10439,Male,0,Yes,No,29,Yes,No phone service,DSL,No internet service,Yes,No internet service,No,Yes,No,Month-to-month,Yes,Credit card (automatic),69.85,2050.19,1
CUST-10440,Female,0,No,No,31,Yes,No,Fiber optic,No,No,Yes,Yes,Yes,Yes,One year,Yes,Credit card (automatic),75.1,2374.38,1
CUST-10441,Male,0,No,No,4,Yes,No,DSL,Yes,Yes,Yes,No internet service,No,No,Month-to-month,Yes,Electronic check,43.41,205.95,1
CUST-10442,Male,0,No,No,22,Yes,Yes,Fiber optic,No,No,Yes,No,Yes,No,Month-to-month,Yes,Credit card (automatic),47.64,1034.36,1
CUST-10443,Male,0,Yes,Yes,20,Yes,No,Fiber optic,No internet service,Yes,Yes,No,Yes,Yes,Month-to-month,Yes,Credit card (automatic),66.4,1272.26,1
CUST-10444,Female,1,No,No,33,Yes,No phone service,Fiber optic,No internet service,No,Yes,No internet service,No,No internet service,One year,Yes,Mailed check,118.75,3966.93,1
CUST-10445,Female,0,Yes,No,12,Yes,No phone service,Fiber optic,No internet service,Yes,Yes,No,No,Yes,Two year,No,Credit card (automatic),65.19,781.53,0
CUST-10446,Male,0,No,No,19,Yes,Yes,DSL,Yes,No internet service,Yes,Yes,Yes,No,Month-to-month,No,Mailed check,71.49,1403.36,0
CUST-10447,Female,0,No,No,69,No,No phone service,Fiber optic,No internet service,Yes,No internet service,Yes,No,No internet service,Two year,Yes,Electronic check,88.63,6156.22,0
CUST-10448,Female,0,Yes,No,10,Yes,Yes,Fiber optic,Yes,Yes,Yes,No internet service,No,Yes,One year,No,Electronic check,118.75,1112.47,1
CUST-10449,Male,0,Yes,Yes,59,No,No,No,Yes,No,Yes,No,No,Yes,One year,Yes,Electronic check,18.25,1108.13,1
CUST-10450,Female,0,No,No,39,No,Yes,Fiber optic,No,No,No internet service,No,Yes,No,One year,Yes,Mailed check,75.53,3032.31,0
CUST-10451,Female,0,Yes,No,5,Yes,Yes,Fiber optic,Yes,No internet service,No,No,No,Yes,Month-to-month,No,Bank transfer (automatic),95.68,469.49,1
CUST-10452,Male,0,No,No,29,Yes,No,Fiber optic,No,No internet service,No,No,No internet service,Yes,Month-to-month,Yes,Electronic check,87.35,2550.59,1
CUST-10453,Male,0,No,Yes,37,Yes,No,Fiber optic,Yes,No,No,No,No,No,Month-to-month,Yes,Bank transfer (automatic),81.25,3058.37,0
CUST-10454,Female,1,No,Yes,20,Yes,No phone service,Fiber optic,Yes,No internet service,No,No internet service,Yes,No,Month-to-month,Yes,Mailed check,100.77,1942.34,1
CUST-10455,Female,0,Yes,No,19,Yes,Yes,Fiber optic,Yes,Yes,No internet service,No,No,No,Month-to-month,No,Bank transfer (automatic),47.37,798.23,1
CUST-10456,Male,1,Yes,No,51,Yes,No,Fiber optic,No,No internet service,No internet service,Yes,No,Yes,Month-to-month,Yes,Bank transfer (automatic),83.7,4261.06,1
CUST-10457,Female,1,Yes,No,2,Yes,No,No,No,No,Yes,No internet service,No internet service,No,One year,Yes,Bank transfer (automatic),38.1,0.0,0
CUST-10458,Female,0,No,No,67,Yes,Yes,DSL,No,Yes,No,Yes,No,No internet service,One year,Yes,Mailed check,92.18,6243.17,0
CUST-10459,Male,0,No,No,23,Yes,Yes,No,No,No,No,No internet service,No,No internet service,One year,No,Bank transfer (automatic),18.25,462.84,0
CUST-10460,Female,0,No,No,27,Yes,No,No,Yes,No,No internet service,No internet service,Yes,No,Month-to-month,No,Electronic check,44.97,1279.39,1
CUST-10461,Male,0,Yes,No,9,Yes,No,DSL,No internet service,No,Yes,No,No,No,Month-to-month,No,Bank transfer (automatic),70.83,635.3,1
CUST-10462,Female,0,Yes,No,64,Yes,Yes,DSL,Yes,Yes,No internet service,Yes,Yes,No,Two year,Yes,Bank transfer (automatic),65.59,4254.06,0
CUST-10463,Male,0,Yes,Yes,16,Yes,Yes,Fiber optic,No internet service,No,No internet service,Yes,No internet service,No internet service,Two year,Yes,Credit card (automatic),77.29,1241.4,0
CUST-10464,Male,0,No,No,58,Yes,No,DSL,No internet service,No,No,Yes,No,Yes,One year,Yes,Electronic check,71.31,4156.05,0
CUST-10465,Female,0,Yes,Yes,23,Yes,No,DSL,No internet service,No,No,No,No,Yes,One year,Yes,Electronic check,95.93,2313.59,0
CUST-10466,Male,0,Yes,No,2,Yes,No,Fiber optic,No,No internet service,No,No internet service,No,Yes,Two year,No,Credit card (automatic),101.95,141.18,0
CUST-10467,Female,0,No,Yes,29,No,No,Fiber optic,No,No internet service,No internet service,No,Yes,No internet service,Month-to-month,No,Electronic check,74.54,2248.59,1
CUST-10468,Male,0,No,Yes,38,Yes,Yes,DSL,Yes,No,No,Yes,Yes,No internet service,Month-to-month,Yes,Bank transfer (automatic),59.39,2163.15,1
CUST-10469,Female,1,Yes,Yes,34,Yes,Yes,No,No internet service,No,No internet service,Yes,No,Yes,One year,No,Credit card (automatic),27.0,917.35,0
CUST-10470,Female,0,No,Yes,72,Yes,Yes,DSL,Yes,No,No internet service,No,No,No internet service,Month-to-month,No,Bank transfer (automatic),93.96,6792.89,0
CUST-10471,Female,0,Yes,No,37,Yes,No phone service,DSL,No,No internet service,No,Yes,No internet service,No,Month-to-month,No,Electronic check,61.77,2260.9,0
CUST-10472,Male,0,Yes,No,56,Yes,No,DSL,No,No,Yes,No,No,No internet service,Two year,No,Electronic check,49.09,2763.21,0
CUST-10473,Male,0,Yes,No,27,Yes,Yes,No,No internet service,No,No,Yes,Yes,No internet service,Month-to-month,Yes,Mailed check,50.34,1377.67,0
CUST-10474,Female,0,Yes,No,10,Yes,No,No,No,No,Yes,No,No,Yes,Two year,Yes,Bank transfer (automatic),54.03,571.34,0
CUST-10475,Female,0,No,No,36,Yes,No,DSL,No,No internet service,Yes,No internet service,No,Yes,Month-to-month,No,Credit card (automatic),67.76,2429.53,1
CUST-10476,Female,0,No,No,40,Yes,Yes,Fiber optic,Yes,No,No,No,No,Yes,Month-to-month,Yes,Electronic check,90.59,3589.76,1
CUST-10477,Male,1,No,No,30,Yes,Yes,DSL,No internet service,Yes,No,No internet service,No,No,Month-to-month,Yes,Mailed check,69.89,2106.22,1
CUST-10478,Female,1,Yes,Yes,55,Yes,No,DSL,No internet service,No,Yes,No internet service,No,No,Month-to-month,No,Credit card (automatic),83.42,4571.86,0
CUST-10479,Male,0,No,No,70,Yes,No,DSL,Yes,Yes,No,Yes,No internet service,No,Month-to-month,Yes,Credit card (automatic),78.68,5509.1,0
CUST-10480,Male,0,No,Yes,5,No,Yes,No,No,Yes,Yes,Yes,Yes,No,One year,Yes,Credit card (automatic),35.44,161.74,1
CUST-10481,Female,0,Yes,Yes,4,Yes,Yes,Fiber optic,No,No,No internet service,No internet service,No internet service,No,Month-to-month,Yes,Bank transfer (automatic),101.2,414.85,1
CUST-10482,Male,0,No,No,19,Yes,Yes,Fiber optic,No,No,No,No,Yes,Yes,Month-to-month,No,Electronic check,71.16,1321.7,1
CUST-10483,Female,0,No,Yes,42,Yes,No,DSL,Yes,No internet service,Yes,No internet service,No internet service,No internet service,Month-to-month,No,Mailed check,51.76,2150.15,0
CUST-10484,Male,0,No,Yes,3,Yes,Yes,No,No,No internet service,No internet service,Yes,Yes,No,Month-to-month,No,Bank transfer (automatic),51.6,99.36,1
CUST-10485,Male,0,Yes,No,14,Yes,Yes,No,Yes,No,Yes,No internet service,No,No,Month-to-month,No,Electronic check,55.79,788.87,1
CUST-10486,Male,0,No,Yes,29,Yes,Yes,DSL,No internet service,Yes,Yes,No internet service,No,Yes,Month-to-month,No,Mailed check,90.41,2576.88,0
CUST-10487,Female,0,No,No,27,Yes,No phone service,Fiber optic,Yes,Yes,No,Yes,Yes,Yes,Two year,No,Electronic check,118.75,3221.73,0
CUST-10488,Female,0,No,No,61,No,No,Fiber optic,No,No internet service,Yes,Yes,Yes,No,One year,Yes,Electronic check,51.61,3199.19,0
CUST-10489,Female,0,No,No,39,Yes,Yes,No,Yes,No,No internet service,No,No,Yes,Month-to-month,No,Credit card (automatic),36.55,1503.9,1
CUST-10490,Female,0,Yes,No,63,Yes,No,Fiber optic,No,No,No internet service,No,Yes,No,Month-to-month,No,Bank transfer (automatic),90.78,5713.72,1
CUST-10491,Female,0,No,Yes,55,Yes,No,DSL,Yes,No,No internet service,Yes,Yes,No,Month-to-month,Yes,Electronic check,107.1,6029.11,0
CUST-10492,Female,1,No,No,30,Yes,No,Fiber optic,No,Yes,No,Yes,No,Yes,One year,No,Credit card (automatic),80.37,2442.08,1
CUST-10493,Female,0,No,No,71,Yes,No phone service,Fiber optic,No,No,Yes,No internet service,No,Yes,One year,Yes,Mailed check,55.47,3944.62,0
CUST-10494,Male,0,Yes,Yes,61,Yes,No,Fiber optic,No,No internet service,No,Yes,Yes,No,Month-to-month,No,Bank transfer (automatic),66.4,4147.6,0
CUST-10495,Male,0,Yes,No,36,Yes,No,DSL,No,No,Yes,No internet service,No,No internet service,One year,Yes,Bank transfer (automatic),69.25,2449.0,0
CUST-10496,Male,0,Yes,No,62,Yes,Yes,No,Yes,No,No internet service,Yes,No internet service,Yes,Month-to-month,No,Electronic check,56.09,3477.15,0
CUST-10497,Male,0,Yes,No,18,Yes,No,No,Yes,Yes,Yes,No internet service,No,No,Month-to-month,No,Credit card (automatic),92.32,1646.89,1
CUST-10498,Female,0,No,No,15,Yes,No,Fiber optic,Yes,Yes,Yes,Yes,Yes,Yes,Month-to-month,No,Bank transfer (automatic),75.17,1062.97,1
CUST-10499,Male,1,Yes,Yes,57,Yes,Yes,Fiber optic,Yes,Yes,No,Yes,No,No,Month-to-month,Yes,Electronic check,98.93,5688.51,0
CUST-10500,Male,0,No,No,57,Yes,No,Fiber optic,Yes,No,No,No internet service,Yes,No,Month-to-month,Yes,Electronic check,109.03,6229.58,1
CUST-10501,Female,0,No,No,16,Yes,Yes,Fiber optic,Yes,Yes,No internet service,Yes,No internet service,No,One year,Yes,Credit card (automatic),76.74,1261.17,1
CUST-10502,Female,0,No,No,55,Yes,No,DSL,No,No,No internet service,No,Yes,No,Month-to-month,No,Credit card (automatic),106.56,5893.56,1
CUST-10503,Female,0,Yes,No,37,No,Yes,Fiber optic,Yes,No,No,No,No,No,Month-to-month,Yes,Bank transfer (automatic),76.5,2745.86,0
CUST-10504,Male,0,No,Yes,40,Yes,Yes,Fiber optic,No,No,No internet service,No,No,No internet service,Month-to-month,Yes,Mailed check,67.38,2755.12,1
CUST-10505,Male,0,No,No,61,No,Yes,No,No,Yes,No internet service,No,No,Yes,Two year,Yes,Bank transfer (automatic),78.91,4776.24,0
CUST-10506,Female,0,No,No,11,Yes,Yes,DSL,No,No,No internet service,Yes,No internet service,Yes,Month-to-month,No,Mailed check,72.16,842.7,0
CUST-10507,Male,0,Yes,No,29,Yes,Yes,DSL,No,No,No internet service,No internet service,No,No,Two year,No,Credit card (automatic),50.63,1405.73,0
CUST-10508,Male,0,No,Yes,21,Yes,No,Fiber optic,Yes,Yes,No,Yes,No internet service,No internet service,Two year,No,Bank transfer (automatic),79.27,1683.06,0
CUST-10509,Male,0,Yes,No,40,Yes,No,No,No,No,Yes,No internet service,No,Yes,One year,Yes,Electronic check,33.68,1315.88,0
CUST-10510,Female,1,No,Yes,11,Yes,No,Fiber optic,Yes,No,No internet service,No,No internet service,Yes,One year,No,Electronic check,76.89,857.23,1
CUST-10511,Female,0,Yes,No,8,Yes,Yes,DSL,No,No,Yes,Yes,Yes,Yes,Two year,No,Bank transfer (automatic),76.56,604.78,0
CUST-10512,Female,1,Yes,No,50,Yes,No,Fiber optic,No internet service,No internet service,No internet service,No,No internet service,Yes,Two year,No,Credit card (automatic),81.06,4067.77,0
CUST-10513,Female,1,No,No,4,Yes,No,DSL,No,No internet service,No,No,No,No,Month-to-month,Yes,Bank transfer (automatic),114.18,445.51,1
CUST-10514,Female,1,Yes,Yes,30,Yes,No,Fiber optic,No internet service,No,No,No,No internet service,No,Month-to-month,Yes,Mailed check,80.79,2399.75,1
CUST-10515,Male,0,No,Yes,71,Yes,No,Fiber optic,Yes,No internet service,No internet service,No,Yes,Yes,Month-to-month,No,Bank transfer (automatic),84.92,6092.24,0
CUST-10516,Female,0,No,No,72,No,No,Fiber optic,Yes,No internet service,No,No,No,Yes,Month-to-month,Yes,Bank transfer (automatic),117.57,8527.55,1
CUST-10517,Male,0,Yes,No,13,Yes,No,Fiber optic,Yes,No internet service,Yes,No,No,No internet service,Month-to-month,Yes,Bank transfer (automatic),112.86,1562.4,1
CUST-10518,Male,0,Yes,Yes,67,Yes,Yes,DSL,Yes,No,No internet service,Yes,No,No,Two year,Yes,Credit card (automatic),88.0,5898.84,0
CUST-10519,Female,0,Yes,No,24,Yes,No,Fiber optic,Yes,No internet service,Yes,No,No,No internet service,Two year,No,Bank transfer (automatic),79.96,1915.16,1
CUST-10520,Male,0,No,Yes,14,Yes,Yes,No,No internet service,Yes,No internet service,No,No internet service,Yes,Month-to-month,Yes,Mailed check,76.8,1080.68,1
CUST-10521,Male,1,No,No,36,Yes,No,Fiber optic,No,No internet service,No internet service,No internet service,No,No,Month-to-month,Yes,Bank transfer (automatic),80.22,2855.49,1
CUST-10522,Male,0,Yes,No,35,Yes,No,No,No internet service,Yes,No,No internet service,No,Yes,One year,Yes,Credit card (automatic),26.68,873.97,0
CUST-10523,Female,0,No,Yes,27,No,No phone service,Fiber optic,No internet service,Yes,No,Yes,No internet service,Yes,Month-to-month,Yes,Bank transfer (automatic),76.02,2027.58,1
CUST-10524,Male,0,Yes,No,31,Yes,Yes,Fiber optic,No,Yes,Yes,No,No,Yes,Month-to-month,Yes,Electronic check,103.94,3187.52,1
CUST-10525,Male,0,No,No,7,Yes,No,DSL,No internet service,No,No internet service,No,No,Yes,Two year,Yes,Electronic check,67.71,504.12,0
CUST-10526,Female,0,No,No,19,Yes,No,No,Yes,No,No,No,No,No internet service,Two year,Yes,Credit card (automatic),51.98,1028.85,0
CUST-10527,Male,0,Yes,No,14,Yes,No,DSL,No internet service,No,Yes,Yes,No,No,Month-to-month,Yes,Mailed check,53.34,651.08,1
CUST-10528,Female,0,No,No,68,Yes,No,DSL,No,No,No internet service,No internet service,No internet service,Yes,One year,No,Credit card (automatic),89.43,6043.64,0
CUST-10529,Female,0,Yes,Yes,36,Yes,Yes,DSL,No,No,No,Yes,Yes,No,Month-to-month,No,Electronic check,58.19,2116.51,0
CUST-10530,Female,0,No,No,39,Yes,No phone service,Fiber optic,No,No internet service,No internet service,No internet service,Yes,No internet service,Two year,Yes,Bank transfer (automatic),70.29,2750.85,1
CUST-10531,Male,0,No,No,32,Yes,No phone service,Fiber optic,No internet service,No,No,No,Yes,No internet service,Month-to-month,Yes,Mailed check,83.73,2671.13,1
CUST-10532,Male,0,No,Yes,64,Yes,No phone service,Fiber optic,No internet service,No,No internet service,Yes,Yes,Yes,Month-to-month,Yes,Electronic check,61.89,3951.4,0
CUST-10533,Male,0,No,No,58,No,No,DSL,Yes,No internet service,No,No,Yes,No internet service,Month-to-month,Yes,Mailed check,54.51,3180.94,0
CUST-10534,Female,0,No,No,50,Yes,No,Fiber optic,Yes,Yes,No,No,No internet service,Yes,Month-to-month,Yes,Electronic check,70.55,3549.91,0
CUST-10535,Male,0,Yes,Yes,22,Yes,Yes,DSL,Yes,No,Yes,Yes,Yes,No,Month-to-month,Yes,Mailed check,77.58,1643.86,1
CUST-10536,Male,0,No,No,22,Yes,Yes,Fiber optic,No internet service,Yes,No,No,No,No,Month-to-month,Yes,Credit card (automatic),73.73,1534.93,1
CUST-10537,Male,0,Yes,Yes,68,Yes,Yes,DSL,Yes,No,No,No,No internet service,No internet service,One year,Yes,Credit card (automatic),78.96,5367.43,0
CUST-10538,Female,0,No,No,67,Yes,No,Fiber optic,No,No internet service,No,Yes,No internet service,No,Two year,Yes,Mailed check,84.76,5717.28,0
CUST-10539,Male,0,Yes,No,20,Yes,No phone service,Fiber optic,No,Yes,No internet service,No,No,No,Month-to-month,No,Credit card (automatic),78.53,1550.65,1
CUST-10540,Female,1,No,No,24,Yes,No,Fiber optic,No internet service,Yes,No,No,Yes,No,Month-to-month,No,Credit card (automatic),112.67,2815.08,1
CUST-10541,Male,0,No,No,24,Yes,No,Fiber optic,No internet service,No,No,Yes,No,Yes,Month-to-month,Yes,Electronic check,55.05,1364.53,1
CUST-10542,Male,1,Yes,Yes,57,Yes,No,No,No,No,No internet service,Yes,No internet service,No internet service,Month-to-month,Yes,Electronic check,60.28,3414.53,1
CUST-10543,Male,0,No,No,69,Yes,No,Fiber optic,No,No,No,No,No internet service,No internet service,Month-to-month,No,Credit card (automatic),65.27,4419.3,0
CUST-10544,Female,0,No,No,64,Yes,No,Fiber optic,No internet service,No,No,No,Yes,No,One year,No,Bank transfer (automatic),71.66,4625.2,1
CUST-10545,Male,0,Yes,Yes,61,Yes,No,DSL,Yes,Yes,No internet service,No,No internet service,No internet service,One year,Yes,Bank transfer (automatic),64.32,3883.94,0
CUST-10546,Male,0,No,No,25,Yes,No,Fiber optic,No,Yes,Yes,No internet service,Yes,No,Two year,No,Bank transfer (automatic),83.38,2057.65,0
CUST-10547,Female,1,No,No,23,Yes,No,Fiber optic,No internet service,No,No,No,No internet service,No internet service,Two year,No,Electronic check,86.87,1961.61,1
CUST-10548,Female,0,No,No,64,Yes,No,Fiber optic,No,No,Yes,No internet service,No internet service,No,Month-to-month,Yes,Mailed check,90.03,5700.37,1
CUST-10549,Female,1,Yes,No,28,No,No,Fiber optic,No internet service,No internet service,No,No,Yes,No,One year,No,Mailed check,77.69,2150.69,1
CUST-10550,Female,1,No,No,15,Yes,Yes,Fiber optic,No,No,No,No,Yes,Yes,One year,Yes,Bank transfer (automatic),40.26,578.59,1
CUST-10551,Male,0,Yes,No,61,Yes,No,No,No,Yes,No,No,No,Yes,Two year,Yes,Electronic check,33.22,1985.83,0
CUST-10552,Female,0,No,No,35,No,No phone service,DSL,No internet service,Yes,Yes,Yes,Yes,No,Month-to-month,No,Mailed check,89.44,3100.06,1
CUST-10553,Male,0,Yes,No,6,Yes,No,Fiber optic,No,No internet service,No,No,No internet service,No internet service,Month-to-month,Yes,Electronic check,98.97,684.3,0
CUST-10554,Female,0,Yes,No,65,No,No,Fiber optic,No internet service,No,Yes,No,No,Yes,Month-to-month,Yes,Bank transfer (automatic),99.58,6509.61,0
CUST-10555,Female,0,Yes,No,21,Yes,No,DSL,No internet service,No,No,Yes,No internet service,Yes,Month-to-month,No,Mailed check,67.74,1416.09,1
CUST-10556,Female,0,Yes,No,22,Yes,Yes,DSL,Yes,No,No,No,Yes,Yes,Two year,No,Bank transfer (automatic),82.32,1725.95,0
CUST-10557,Female,1,No,Yes,38,Yes,No,Fiber optic,Yes,Yes,No,No,No internet service,No internet service,Two year,No,Credit card (automatic),78.28,3001.7,0
CUST-10558,Female,0,No,Yes,19,No,Yes,DSL,No,No internet service,No,No,No,No internet service,Month-to-month,Yes,Bank transfer (automatic),65.22,1330.89,1
CUST-10559,Female,0,No,No,60,Yes,Yes,No,No internet service,No,No,No,Yes,Yes,Month-to-month,No,Credit card (automatic),35.91,2240.85,1
CUST-10560,Female,0,No,Yes,50,Yes,Yes,DSL,No internet service,Yes,Yes,No,Yes,No,Month-to-month,No,Electronic check,91.84,4585.29,1
CUST-10561,Male,0,Yes,No,41,Yes,No,Fiber optic,No,No,No,No internet service,Yes,No,Month-to-month,Yes,Electronic check,35.9,1489.31,1
CUST-10562,Male,1,Yes,No,14,Yes,No,Fiber optic,No,No,No,No,No,Yes,Month-to-month,No,Electronic check,89.91,1203.44,1
CUST-10563,Male,0,No,No,35,Yes,No,DSL,No,No,Yes,No,No internet service,Yes,Month-to-month,Yes,Mailed check,74.9,2634.77,1
CUST-10564,Female,1,No,No,19,Yes,No,DSL,No,No,No internet service,Yes,No internet service,Yes,Month-to-month,Yes,Mailed check,76.54,1488.62,1
CUST-10565,Male,0,No,No,70,Yes,Yes,Fiber optic,No,No,No internet service,Yes,No,Yes,One year,Yes,Credit card (automatic),85.8,6031.11,0
CUST-10566,Male,1,Yes,No,57,Yes,No,Fiber optic,No internet service,No internet service,Yes,No,No,Yes,Month-to-month,No,Credit card (automatic),112.15,6451.28,1
CUST-10567,Male,0,No,No,8,Yes,No phone service,Fiber optic,No,No internet service,Yes,No,No internet service,Yes,Month-to-month,No,Electronic check,88.25,739.0,1
CUST-10568,Female,0,Yes,No,38,Yes,No,Fiber optic,Yes,No,No,No,No,No internet service,One year,Yes,Credit card (automatic),83.19,3079.4,0
CUST-10569,Female,0,No,Yes,56,Yes,Yes,Fiber optic,No,Yes,No internet service,No,No,No,One year,No,Electronic check,100.46,5606.58,0
CUST-10570,Female,0,Yes,Yes,38,Yes,No phone service,No,Yes,No,No,Yes,Yes,Yes,Month-to-month,No,Electronic check,18.25,743.27,1
CUST-10571,Male,0,No,No,9,Yes,No,Fiber optic,No,No internet service,No internet service,No,Yes,Yes,One year,No,Bank transfer (automatic),72.88,574.37,1
CUST-10572,Male,0,Yes,Yes,10,No,Yes,No,No internet service,Yes,Yes,No,Yes,Yes,Month-to-month,No,Mailed check,68.55,688.93,1
CUST-10573,Male,0,No,No,53,Yes,Yes,DSL,No,Yes,Yes,No,No internet service,Yes,Month-to-month,No,Credit card (automatic),78.0,4112.98,1
CUST-10574,Male,0,Yes,No,38,Yes,Yes,Fiber optic,No internet service,No internet service,Yes,No internet service,No,Yes,Two year,Yes,Credit card (automatic),59.47,2197.96,0
CUST-10575,Male,0,No,No,39,Yes,No,Fiber optic,No,No internet service,No,No,No internet service,Yes,Two year,No,Bank transfer (automatic),118.75,4678.29,0
CUST-10576,Female,0,Yes,No,19,Yes,No,Fiber optic,No,No internet service,No,No,Yes,No,Month-to-month,No,Credit card (automatic),84.18,1560.28,1
CUST-10577,Female,0,No,Yes,19,Yes,Yes,DSL,No,No,No,Yes,Yes,No,Month-to-month,No,Electronic check,57.18,1192.23,1
CUST-10578,Female,0,Yes,No,29,Yes,Yes,DSL,No,Yes,Yes,Yes,Yes,No internet service,Month-to-month,Yes,Electronic check,43.85,1260.95,1
CUST-10579,Male,0,Yes,No,39,Yes,No,DSL,No,Yes,Yes,No internet service,No,Yes,One year,Yes,Mailed check,99.57,3937.01,1
CUST-10580,Male,0,No,Yes,34,Yes,No,DSL,Yes,No,No,No internet service,No internet service,Yes,Month-to-month,Yes,Credit card (automatic),53.77,1912.06,1
CUST-10581,Female,0,Yes,Yes,64,Yes,No,Fiber optic,No,No internet service,No,No internet service,Yes,Yes,Month-to-month,Yes,Bank transfer (automatic),79.75,5120.31,1
CUST-10582,Male,0,Yes,No,13,Yes,Yes,Fiber optic,Yes,No,No,No internet service,No internet service,Yes,Month-to-month,Yes,Bank transfer (automatic),94.09,1227.43,1
CUST-10583,Male,0,No,Yes,34,Yes,No,DSL,Yes,No,No,Yes,Yes,Yes,Two year,No,Credit card (automatic),32.37,1138.84,0
CUST-10584,Male,1,No,No,17,Yes,No phone service,Fiber optic,No,No internet service,No,No,Yes,Yes,Month-to-month,Yes,Bank transfer (automatic),103.92,1849.42,1
CUST-10585,Female,0,No,No,0,No,Yes,Fiber optic,No internet service,Yes,No internet service,Yes,Yes,No internet service,Two year,Yes,Bank transfer (automatic),69.56,16.29,0
CUST-10586,Female,0,Yes,Yes,30,Yes,No,DSL,No,Yes,No,No,Yes,No,Month-to-month,Yes,Credit card (automatic),94.09,2787.8,0
CUST-10587,Male,0,No,Yes,4,Yes,Yes,DSL,No internet service,No internet service,Yes,No,No,No internet service,Month-to-month,Yes,Electronic check,78.22,240.87,0
CUST-10588,Female,0,No,Yes,27,Yes,Yes,Fiber optic,No,No,No internet service,No,No internet service,No,Two year,Yes,Bank transfer (automatic),110.41,2998.35,1
CUST-10589,Female,0,Yes,No,46,Yes,No,Fiber optic,Yes,No,No,Yes,No internet service,No internet service,Month-to-month,No,Credit card (automatic),91.66,4166.1,0
CUST-10590,Female,0,No,No,27,Yes,No phone service,No,Yes,No internet service,No,No internet service,Yes,Yes,Two year,No,Mailed check,68.11,1885.18,0
CUST-10591,Female,0,Yes,Yes,49,Yes,Yes,DSL,Yes,No internet service,No,No,No,Yes,Month-to-month,No,Credit card (automatic),81.71,4067.12,1
CUST-10592,Male,0,No,No,21,Yes,Yes,Fiber optic,No,No,No internet service,No internet service,No,No,Month-to-month,Yes,Bank transfer (automatic),86.43,1844.1,1
CUST-10593,Female,0,No,No,29,No,Yes,Fiber optic,No,No,Yes,No,Yes,No internet service,One year,No,Electronic check,94.43,2735.62,1
CUST-10594,Male,0,No,No,63,Yes,No,No,No,No,Yes,No,No,No internet service,Month-to-month,Yes,Bank transfer (automatic),18.25,1180.62,0
CUST-10595,Female,1,No,Yes,17,Yes,Yes,Fiber optic,Yes,No internet service,No internet service,No internet service,Yes,Yes,One year,Yes,Mailed check,76.76,1306.27,0
CUST-10596,Female,1,Yes,Yes,36,Yes,No,DSL,Yes,Yes,No,No internet service,Yes,No internet service,Month-to-month,Yes,Mailed check,96.27,3452.82,1
CUST-10597,Female,1,Yes,No,52,Yes,Yes,No,Yes,No,No internet service,Yes,No internet service,No,Two year,Yes,Bank transfer (automatic),22.07,1125.92,0
CUST-10598,Female,1,No,No,26,Yes,No,Fiber optic,No internet service,No internet service,No,No,No,No,Month-to-month,Yes,Electronic check,75.98,1981.19,0
CUST-10599,Female,0,No,No,22,Yes,No phone service,No,No,No,No internet service,Yes,No,Yes,Month-to-month,No,Bank transfer (automatic),18.25,402.45,1
CUST-10600,Female,0,No,Yes,50,Yes,Yes,DSL,No,No,Yes,No internet service,No,No,Month-to-month,No,Electronic check,37.19,1921.95,0
CUST-10601,Female,0,Yes,Yes,5,Yes,No,Fiber optic,No,Yes,No internet service,No,No,No,Two year,Yes,Mailed check,79.83,427.85,0
CUST-10602,Female,0,No,No,19,Yes,No,Fiber optic,Yes,Yes,No internet service,Yes,No,No internet service,Two year,Yes,Bank transfer (automatic),95.77,1753.47,0
CUST-10603,Male,0,Yes,Yes,29,Yes,Yes,DSL,Yes,Yes,No internet service,Yes,Yes,No internet service,Month-to-month,No,Bank transfer (automatic),66.84,1963.47,1
CUST-10604,Female,1,Yes,No,15,Yes,No phone service,Fiber optic,No,No,Yes,No,No internet service,No,Month-to-month,No,Mailed check,62.18,937.54,1
CUST-10605,Female,0,No,No,39,Yes,No,DSL,No internet service,Yes,No,No,No,Yes,Month-to-month,Yes,Mailed check,48.66,1912.14,1
CUST-10606,Male,0,No,Yes,45,Yes,No,DSL,No internet service,No,Yes,No internet service,No,Yes,One year,No,Electronic check,52.9,2368.12,1
CUST-10607,Female,0,No,No,70,Yes,No,DSL,No,No,No internet service,No internet service,No,No,Month-to-month,No,Mailed check,66.22,4637.54,0
CUST-10608,Female,0,No,Yes,43,Yes,Yes,No,Yes,Yes,Yes,No,No internet service,Yes,Two year,Yes,Credit card (automatic),28.1,1290.91,0
CUST-10609,Female,0,Yes,No,43,Yes,Yes,No,No,Yes,No,No internet service,Yes,No,One year,Yes,Credit card (automatic),69.09,2952.99,0
CUST-10610,Female,0,No,Yes,52,Yes,No,Fiber optic,Yes,No,Yes,No internet service,No internet service,Yes,Month-to-month,Yes,Electronic check,72.83,3755.42,1
CUST-10611,Male,0,No,No,15,Yes,No,Fiber optic,No internet service,No,No,No,Yes,Yes,One year,No,Electronic check,77.36,1125.6,0
CUST-10612,Female,0,No,No,34,Yes,No phone service,DSL,Yes,No,No,Yes,Yes,Yes,Two year,Yes,Electronic check,82.7,2758.66,0
CUST-10613,Male,1,Yes,Yes,60,Yes,No,Fiber optic,Yes,No internet service,Yes,No,No internet service,No internet service,Month-to-month,No,Mailed check,46.43,2816.25,0
CUST-10614,Female,0,Yes,No,12,No,Yes,No,Yes,No internet service,No,No internet service,Yes,No,Month-to-month,Yes,Credit card (automatic),77.42,987.97,1
CUST-10615,Female,0,Yes,No,21,Yes,Yes,No,No internet service,No,Yes,No internet service,No,Yes,One year,Yes,Bank transfer (automatic),63.68,1307.82,1
CUST-10616,Male,0,Yes,No,16,Yes,No phone service,Fiber optic,No,No,No internet service,No,No,No,Month-to-month,Yes,Electronic check,103.14,1676.88,1
CUST-10617,Male,0,Yes,Yes,70,Yes,Yes,DSL,Yes,No,No internet service,Yes,No,Yes,Month-to-month,Yes,Mailed check,57.32,4064.64,0
CUST-10618,Male,0,No,Yes,25,Yes,No phone service,Fiber optic,No,No,Yes,No,No internet service,No internet service,Month-to-month,Yes,Electronic check,69.85,1757.81,1
CUST-10619,Male,1,No,No,23,Yes,Yes,No,Yes,Yes,No,No,Yes,Yes,One year,No,Mailed check,34.92,804.23,1
CUST-10620,Male,0,Yes,No,59,Yes,Yes,No,Yes,No internet service,No,Yes,Yes,Yes,Two year,No,Mailed check,39.34,2288.5,0
CUST-10621,Male,0,No,No,66,Yes,Yes,Fiber optic,No internet service,No internet service,No internet service,No,Yes,Yes,Two year,Yes,Electronic check,112.48,7454.76,0
CUST-10622,Male,0,No,No,0,Yes,No,DSL,No,No,No internet service,No,No internet service,Yes,Month-to-month,Yes,Electronic check,33.15,0.0,1
CUST-10623,Male,0,No,No,64,Yes,Yes,No,No,No,No,No internet service,No internet service,No,Month-to-month,No,Electronic check,73.25,4717.86,0
CUST-10624,Female,0,No,Yes,51,Yes,No phone service,Fiber optic,No,No,No,No,Yes,No internet service,Two year,No,Electronic check,82.91,4202.75,0
CUST-10625,Male,0,No,No,63,Yes,No,DSL,No,Yes,Yes,No,No,No,One year,Yes,Electronic check,93.72,5920.64,0
CUST-10626,Male,1,Yes,No,6,Yes,Yes,DSL,No,Yes,No,Yes,No,Yes,Month-to-month,Yes,Credit card (automatic),79.91,533.96,0
CUST-10627,Male,0,Yes,No,2,Yes,No,Fiber optic,Yes,Yes,No internet service,No,No internet service,Yes,One year,No,Bank transfer (automatic),100.01,224.21,1
CUST-10628,Female,0,No,No,24,Yes,Yes,No,No,No internet service,No internet service,No internet service,No,No,One year,Yes,Bank transfer (automatic),66.3,1559.3,1
CUST-10629,Male,0,No,No,62,Yes,No,No,No,No,No,No,No internet service,Yes,One year,No,Mailed check,44.83,2724.42,0
CUST-10630,Female,0,No,No,36,Yes,No,No,No,No,Yes,No internet service,Yes,Yes,Month-to-month,Yes,Electronic check,28.24,1020.2,0
CUST-10631,Male,1,No,No,52,Yes,No phone service,Fiber optic,Yes,Yes,No,No,No,Yes,One year,No,Mailed check,69.13,3664.18,0
CUST-10632,Male,0,Yes,Yes,17,Yes,No,No,No internet service,No internet service,No,No,No,Yes,Month-to-month,Yes,Mailed check,66.5,1170.1,1
CUST-10633,Male,0,Yes,No,24,Yes,Yes,DSL,No internet service,No internet service,No,No internet service,Yes,Yes,Two year,No,Electronic check,103.1,2573.38,0
CUST-10634,Male,0,No,No,64,Yes,No,DSL,Yes,No internet service,No,No internet service,No,No,Two year,Yes,Bank transfer (automatic),57.69,3829.3,0
CUST-10635,Female,0,Yes,No,35,Yes,Yes,DSL,Yes,No,No,No,No internet service,No internet service,Two year,No,Electronic check,94.57,3304.93,0
CUST-10636,Male,0,No,No,56,Yes,No,Fiber optic,No,No,No,No,No internet service,No,Month-to-month,Yes,Bank transfer (automatic),106.63,6003.06,1
CUST-10637,Male,0,No,Yes,46,Yes,Yes,No,No,No,No,No internet service,Yes,Yes,Month-to-month,No,Electronic check,18.25,839.34,1
CUST-10638,Female,0,No,No,12,Yes,Yes,No,No,Yes,No,No,No,No,One year,Yes,Mailed check,65.91,763.73,0
CUST-10639,Female,0,Yes,No,68,Yes,No phone service,No,No internet service,No,No,Yes,No,Yes,Month-to-month,Yes,Bank transfer (automatic),35.41,2430.08,1
CUST-10640,Female,0,No,Yes,69,Yes,No phone service,Fiber optic,No internet service,No,No,No,Yes,Yes,Month-to-month,Yes,Bank transfer (automatic),117.69,8133.19,0
CUST-10641,Female,0,Yes,No,56,Yes,Yes,Fiber optic,Yes,No,No internet service,No,Yes,No,Two year,No,Credit card (automatic),92.41,5172.86,1
CUST-10642,Female,0,No,No,34,Yes,No phone service,DSL,Yes,No,Yes,No,Yes,Yes,Month-to-month,No,Mailed check,118.75,4019.94,0
CUST-10643,Male,0,Yes,Yes,31,Yes,No,Fiber optic,Yes,Yes,Yes,Yes,No internet service,No,Month-to-month,Yes,Mailed check,87.22,2710.64,1
CUST-10644,Female,0,No,No,21,Yes,Yes,Fiber optic,No internet service,No,Yes,No,No,Yes,Two year,No,Bank transfer (automatic),75.54,1568.04,0
CUST-10645,Male,0,No,Yes,47,No,No phone service,Fiber optic,No,No,No,No,Yes,Yes,Month-to-month,No,Electronic check,98.7,4631.92,1
CUST-10646,Male,0,Yes,No,22,Yes,No phone service,DSL,No internet service,No,Yes,No,No,No,Two year,Yes,Mailed check,88.57,1893.44,0
CUST-10647,Female,0,No,No,13,Yes,No,DSL,No,No internet service,No,Yes,Yes,No,One year,No,Credit card (automatic),84.62,1059.52,1
CUST-10648,Female,0,Yes,No,4,Yes,No,No,No,Yes,Yes,No,No internet service,No internet service,One year,Yes,Electronic check,40.68,135.88,1
CUST-10649,Female,1,Yes,Yes,30,No,Yes,Fiber optic,Yes,No,No internet service,No internet service,No,Yes,Month-to-month,Yes,Mailed check,103.84,3125.17,1
CUST-10650,Male,0,No,No,59,No,No,Fiber optic,Yes,No,No,Yes,No,No internet service,Month-to-month,Yes,Electronic check,64.8,3827.09,0
CUST-10651,Female,0,No,No,57,Yes,No,No,No internet service,No,Yes,No,No,Yes,Two year,No,Credit card (automatic),18.25,1010.74,0
CUST-10652,Male,0,Yes,No,62,Yes,No,Fiber optic,No,No internet service,No,No,Yes,No internet service,One year,Yes,Credit card (automatic),95.58,5901.09,0
CUST-10653,Female,0,No,No,44,Yes,Yes,DSL,No internet service,No,Yes,No,No,Yes,Month-to-month,No,Bank transfer (automatic),118.0,5202.41,1
CUST-10654,Female,0,No,Yes,63,Yes,No,Fiber optic,No,No internet service,No internet service,No,Yes,No internet service,Month-to-month,Yes,Electronic check,100.7,6320.43,0
CUST-10655,Female,0,No,No,57,Yes,No,Fiber optic,No,Yes,No internet service,Yes,Yes,No internet service,Month-to-month,No,Mailed check,72.92,4109.03,0
CUST-10656,Female,0,Yes,Yes,58,Yes,No,Fiber optic,No,No internet service,No internet service,No,Yes,Yes,Two year,Yes,Electronic check,81.95,4787.36,1
CUST-10657,Female,0,Yes,No,37,Yes,Yes,Fiber optic,Yes,No internet service,No,No internet service,Yes,Yes,Month-to-month,Yes,Credit card (automatic),88.46,3204.89,0
CUST-10658,Male,1,No,No,6,Yes,No,Fiber optic,No,Yes,No internet service,Yes,No,No,Month-to-month,Yes,Credit card (automatic),70.29,369.79,1
CUST-10659,Male,0,Yes,No,27,Yes,Yes,DSL,No internet service,No,Yes,No internet service,Yes,Yes,Two year,Yes,Bank transfer (automatic),53.63,1504.04,0
CUST-10660,Male,0,Yes,No,61,Yes,No,DSL,No,No,No,No,Yes,Yes,Month-to-month,Yes,Bank transfer (automatic),80.95,4880.22,1
CUST-10661,Female,1,No,No,54,Yes,Yes,No,No,No internet service,No,Yes,Yes,No internet service,Month-to-month,Yes,Electronic check,57.06,3155.81,0
CUST-10662,Male,1,Yes,No,0,Yes,No phone service,Fiber optic,No,Yes,No,Yes,Yes,No,Month-to-month,Yes,Electronic check,69.78,0.0,1
CUST-10663,Male,0,No,No,6,Yes,No,No,No internet service,No,Yes,Yes,Yes,No internet service,Two year,Yes,Credit card (automatic),20.89,77.12,1
CUST-10664,Female,0,Yes,Yes,48,Yes,Yes,Fiber optic,No internet service,No,Yes,No,Yes,No internet service,Month-to-month,Yes,Electronic check,83.94,3976.36,1
CUST-10665,Female,0,No,No,71,Yes,No,DSL,No,Yes,No internet service,Yes,No internet service,No,Two year,Yes,Electronic check,64.59,4520.42,0
CUST-10666,Female,0,No,No,53,Yes,Yes,Fiber optic,No,No internet service,No,No,Yes,No,Month-to-month,No,Electronic check,100.82,5413.53,1
CUST-10667,Female,0,No,No,69,Yes,Yes,Fiber optic,No,No,No internet service,No internet service,No,No,Month-to-month,No,Mailed check,72.98,5095.89,0
CUST-10668,Female,0,No,Yes,4,Yes,Yes,Fiber optic,No internet service,No,No,No internet service,No internet service,No,Month-to-month,Yes,Electronic check,94.42,308.13,1
CUST-10669,Male,0,No,No,64,Yes,No,Fiber optic,No internet service,No internet service,Yes,No internet service,No internet service,Yes,One year,Yes,Electronic check,96.09,6228.44,0
CUST-10670,Female,0,Yes,No,9,Yes,No,Fiber optic,No,No internet service,Yes,No,Yes,No,Month-to-month,Yes,Electronic check,103.68,871.95,1
CUST-10671,Female,0,No,Yes,64,Yes,Yes,Fiber optic,Yes,No internet service,No,Yes,Yes,No internet service,Month-to-month,Yes,Bank transfer (automatic),86.21,5665.95,1
CUST-10672,Female,0,No,No,71,Yes,No,DSL,No internet service,Yes,Yes,No,No,Yes,Month-to-month,Yes,Credit card (automatic),59.11,4189.68,0
CUST-10673,Male,0,No,No,37,No,Yes,No,Yes,No internet service,Yes,No,No,Yes,Month-to-month,Yes,Electronic check,41.83,1517.8,1
CUST-10674,Female,0,Yes,Yes,38,Yes,Yes,Fiber optic,Yes,Yes,No,No internet service,No,No internet service,Month-to-month,Yes,Bank transfer (automatic),84.01,3217.3,0
CUST-10675,Female,1,Yes,Yes,36,Yes,No,Fiber optic,No,No,No,No internet service,Yes,Yes,Month-to-month,No,Mailed check,118.75,4231.15,1
CUST-10676,Female,0,No,No,40,Yes,No,DSL,No,No internet service,No,No,No internet service,No,Month-to-month,Yes,Mailed check,62.19,2417.12,0
CUST-10677,Male,0,No,Yes,59,Yes,No phone service,DSL,Yes,Yes,Yes,No,No,No,Two year,Yes,Bank transfer (automatic),110.6,6504.0,0
CUST-10678,Female,0,Yes,No,20,Yes,No,Fiber optic,No,Yes,No internet service,Yes,Yes,Yes,Month-to-month,Yes,Bank transfer (automatic),88.74,1778.97,1
CUST-10679,Female,0,Yes,No,20,No,No,Fiber optic,No internet service,No internet service,No internet service,No,No internet service,No,Two year,No,Electronic check,79.79,1487.76,1
CUST-10680,Female,0,No,No,70,Yes,Yes,No,No,Yes,No internet service,Yes,No,No,One year,No,Credit card (automatic),34.36,2360.53,0
CUST-10681,Male,0,Yes,No,62,Yes,Yes,Fiber optic,Yes,Yes,Yes,No internet service,No internet service,Yes,Month-to-month,Yes,Electronic check,66.15,4199.08,0
CUST-10682,Female,0,No,Yes,39,Yes,No phone service,Fiber optic,Yes,Yes,No internet service,No,Yes,No,Two year,Yes,Mailed check,84.02,3276.59,0
CUST-10683,Female,0,Yes,No,14,Yes,No,Fiber optic,No,No,No,No,Yes,No,Month-to-month,No,Electronic check,86.32,1088.78,1
CUST-10684,Male,0,Yes,Yes,69,Yes,Yes,No,Yes,No,Yes,Yes,Yes,No,Two year,No,Bank transfer (automatic),47.9,3305.32,0
CUST-10685,Female,0,Yes,Yes,64,Yes,Yes,No,Yes,No,No,No,No,Yes,Two year,No,Mailed check,91.83,5895.36,1
CUST-10686,Male,0,No,No,23,Yes,Yes,DSL,No internet service,No internet service,No internet service,No,No internet service,No internet service,Month-to-month,Yes,Electronic check,100.28,2305.69,1
CUST-10687,Female,1,No,No,39,Yes,No,Fiber optic,No,No,No,Yes,No internet service,No internet service,Month-to-month,No,Electronic check,89.41,3526.52,1
CUST-10688,Male,0,Yes,Yes,30,Yes,Yes,No,No,No,Yes,Yes,No,No internet service,Month-to-month,No,Electronic check,39.47,1169.81,0
CUST-10689,Female,0,Yes,No,61,Yes,No phone service,DSL,No,No,Yes,No,No,No,One year,No,Bank transfer (automatic),44.36,2757.09,0
CUST-10690,Female,0,Yes,Yes,50,Yes,No,DSL,No,No internet service,No,No,Yes,No internet service,Month-to-month,Yes,Bank transfer (automatic),77.85,3891.95,0
CUST-10691,Female,0,Yes,Yes,35,Yes,No,No,No,Yes,No internet service,No,Yes,No internet service,Two year,Yes,Mailed check,67.4,2364.9,0
CUST-10692,Female,0,No,No,70,Yes,Yes,Fiber optic,No,No internet service,Yes,No internet service,Yes,No internet service,Two year,Yes,Bank transfer (automatic),113.74,7979.34,0
CUST-10693,Female,0,Yes,No,44,Yes,Yes,No,No,Yes,Yes,No internet service,No,No internet service,Month-to-month,Yes,Electronic check,36.4,1636.65,0
CUST-10694,Male,0,No,No,35,Yes,Yes,Fiber optic,Yes,No internet service,No internet service,No internet service,No internet service,Yes,Month-to-month,Yes,Bank transfer (automatic),60.47,2134.17,0
CUST-10695,Male,0,Yes,No,67,Yes,Yes,Fiber optic,No,No internet service,No internet service,Yes,No,Yes,Two year,No,Bank transfer (automatic),87.74,5841.74,0
CUST-10696,Female,0,Yes,No,32,No,No phone service,Fiber optic,No,Yes,No internet service,No,No,No,Month-to-month,No,Mailed check,97.2,3190.45,0
CUST-10697,Female,0,Yes,Yes,30,No,No,Fiber optic,No internet service,Yes,Yes,No,Yes,No,Month-to-month,Yes,Credit card (automatic),80.96,2389.75,0
CUST-10698,Male,0,Yes,No,28,Yes,Yes,No,No,Yes,No internet service,No internet service,No,No internet service,One year,No,Electronic check,57.02,1553.15,1
CUST-10699,Male,0,Yes,Yes,16,Yes,No,Fiber optic,No internet service,No,Yes,No internet service,Yes,Yes,Two year,No,Bank transfer (automatic),85.28,1267.28,1
CUST-10700,Female,1,Yes,No,20,Yes,No,No,No,No,No,No,No internet service,No,Month-to-month,Yes,Electronic check,50.69,1001.06,1
CUST-10701,Female,0,Yes,No,6,Yes,No,DSL,No,Yes,No,No internet service,No,No,Month-to-month,No,Electronic check,77.3,438.9,0
CUST-10702,Male,0,No,No,53,Yes,Yes,No,No,Yes,No internet service,Yes,Yes,No,One year,No,Electronic check,46.12,2447.81,0
CUST-10703,Male,0,Yes,No,43,Yes,Yes,Fiber optic,No,No,Yes,No,No,No,Month-to-month,Yes,Electronic check,61.93,2621.63,1
CUST-10704,Male,0,Yes,No,68,Yes,Yes,DSL,No internet service,Yes,No internet service,Yes,Yes,No internet service,Month-to-month,Yes,Bank transfer (automatic),96.8,6664.62,0
CUST-10705,Female,0,Yes,Yes,44,Yes,No phone service,Fiber optic,No,No,No internet service,No,Yes,No,Month-to-month,Yes,Bank transfer (automatic),75.7,3301.68,1
CUST-10706,Male,0,No,No,5,Yes,Yes,DSL,No,Yes,No internet service,No,No,No,Month-to-month,No,Electronic check,25.85,99.9,1
CUST-10707,Female,0,No,No,45,Yes,No,DSL,No internet service,Yes,No,Yes,No,Yes,Month-to-month,No,Electronic check,70.06,3149.13,0
CUST-10708,Male,0,No,No,12,Yes,No phone service,No,No,Yes,No,No,Yes,No,One year,No,Electronic check,54.62,674.11,0
CUST-10709,Male,0,No,Yes,2,Yes,Yes,No,No,Yes,Yes,No,Yes,Yes,One year,No,Credit card (automatic),66.07,192.62,1
CUST-10710,Female,1,No,No,48,Yes,Yes,DSL,No,Yes,No,No internet service,Yes,No,Month-to-month,No,Credit card (automatic),76.2,3683.84,0
CUST-10711,Female,0,Yes,No,2,No,Yes,DSL,No,Yes,Yes,No internet service,Yes,Yes,Month-to-month,Yes,Electronic check,73.63,172.65,1
CUST-10712,Female,1,No,No,29,Yes,No,DSL,No,Yes,No,No,Yes,Yes,One year,Yes,Credit card (automatic),75.1,2183.97,0
CUST-10713,Female,0,No,No,65,Yes,No,No,No,No,No internet service,No,No,No,Month-to-month,Yes,Electronic check,32.95,2101.07,0
CUST-10714,Female,1,Yes,No,18,Yes,Yes,Fiber optic,No internet service,No,No internet service,No internet service,No,No,One year,Yes,Mailed check,80.21,1412.88,1
CUST-10715,Female,0,No,No,50,Yes,Yes,Fiber optic,Yes,No,No,Yes,No,No internet service,Two year,Yes,Bank transfer (automatic),104.62,5119.86,0
CUST-10716,Female,0,Yes,Yes,27,Yes,No,Fiber optic,No,No internet service,No,No,No internet service,No,Month-to-month,Yes,Mailed check,76.93,2061.53,1
CUST-10717,Male,0,Yes,No,8,Yes,No,No,Yes,No,No,No internet service,No,No,Two year,No,Electronic check,49.93,431.42,0
CUST-10718,Male,1,No,No,14,Yes,Yes,DSL,No,Yes,No internet service,No,No,No internet service,Month-to-month,No,Bank transfer (automatic),63.61,877.53,1
CUST-10719,Female,0,Yes,No,5,Yes,No,DSL,Yes,No,Yes,Yes,No,Yes,One year,No,Bank transfer (automatic),59.5,319.15,0
CUST-10720,Male,0,No,No,11,Yes,Yes,Fiber optic,No,No,Yes,No,No internet service,Yes,Two year,No,Electronic check,83.45,1012.89,1
CUST-10721,Female,0,No,Yes,11,Yes,Yes,No,Yes,No,Yes,Yes,No,Yes,Two year,No,Electronic check,43.77,486.73,0
CUST-10722,Female,1,No,No,64,Yes,Yes,Fiber optic,No,Yes,No,No,No,No,Month-to-month,No,Credit card (automatic),84.38,5429.03,0
CUST-10723,Male,0,Yes,No,58,Yes,No,No,No,No internet service,No,No internet service,No,No,Two year,Yes,Electronic check,52.73,3064.12,0
CUST-10724,Female,0,No,No,25,Yes,No,No,No,Yes,No internet service,Yes,No internet service,No internet service,Month-to-month,Yes,Electronic check,18.25,415.37,1
CUST-10725,Male,0,No,Yes,52,Yes,No,DSL,No,No,No internet service,No,No,No,One year,Yes,Mailed check,63.82,3307.73,0
CUST-10726,Female,1,Yes,No,14,Yes,Yes,Fiber optic,No internet service,No,No internet service,No,No internet service,Yes,Month-to-month,Yes,Mailed check,98.27,1321.25,1
CUST-10727,Male,0,Yes,No,46,Yes,Yes,No,Yes,No internet service,No,No internet service,Yes,No internet service,One year,Yes,Mailed check,75.07,3495.62,0
CUST-10728,Male,0,No,No,14,Yes,Yes,DSL,No,No internet service,No internet service,Yes,No,Yes,Month-to-month,No,Electronic check,48.17,720.85,1
CUST-10729,Female,0,No,No,46,Yes,Yes,Fiber optic,No,No internet service,No,No,No,No,Two year,No,Mailed check,65.25,2996.92,0
CUST-10730,Female,1,Yes,No,26,Yes,No,DSL,No internet service,No,No,Yes,No,No,Month-to-month,No,Credit card (automatic),76.49,2077.27,1
CUST-10731,Male,1,Yes,No,62,Yes,No,No,Yes,No,No,No,Yes,No,Month-to-month,No,Credit card (automatic),67.44,4169.86,1
CUST-10732,Female,0,No,Yes,60,Yes,Yes,DSL,No,Yes,No,No,No internet service,No,Month-to-month,No,Electronic check,56.89,3456.74,0
CUST-10733,Female,0,Yes,No,24,Yes,Yes,Fiber optic,No internet service,No,Yes,Yes,Yes,Yes,Month-to-month,No,Bank transfer (automatic),50.85,1207.91,1
CUST-10734,Male,0,Yes,No,3,Yes,Yes,Fiber optic,No,No internet service,No,Yes,No,No,Month-to-month,No,Mailed check,91.83,297.84,0
CUST-10735,Female,1,No,No,23,Yes,No,Fiber optic,No internet service,Yes,No internet service,No,No,No internet service,Month-to-month,No,Electronic check,69.89,1537.79,1
CUST-10736,Female,0,Yes,No,20,Yes,No,DSL,Yes,Yes,Yes,Yes,No,Yes,Month-to-month,Yes,Bank transfer (automatic),103.68,2048.86,1
CUST-10737,Male,0,Yes,No,31,Yes,No,DSL,Yes,No internet service,Yes,No internet service,No internet service,No internet service,Two year,Yes,Electronic check,69.68,2163.43,0
CUST-10738,Female,0,No,Yes,41,Yes,Yes,No,No,Yes,No internet service,No internet service,No internet service,No,Month-to-month,Yes,Electronic check,23.66,1012.4,1
CUST-10739,Female,0,No,No,72,Yes,Yes,No,Yes,Yes,No internet service,No internet service,No,No internet service,Two year,Yes,Electronic check,29.2,2104.5,0
CUST-10740,Female,0,No,No,4,Yes,Yes,Fiber optic,No,No internet service,Yes,Yes,Yes,Yes,One year,Yes,Bank transfer (automatic),89.89,427.87,1
CUST-10741,Female,0,Yes,No,40,Yes,Yes,DSL,Yes,No,No,No,Yes,No internet service,Month-to-month,No,Bank transfer (automatic),65.26,2592.42,0
CUST-10742,Female,1,No,No,12,Yes,No,Fiber optic,No,No internet service,Yes,No,Yes,No,Month-to-month,No,Credit card (automatic),88.95,1021.16,1
CUST-10743,Male,0,No,No,39,Yes,Yes,Fiber optic,No internet service,Yes,Yes,No,No,Yes,Two year,Yes,Mailed check,118.75,4724.76,1
CUST-10744,Female,0,No,Yes,46,Yes,Yes,Fiber optic,No internet service,Yes,Yes,No internet service,Yes,No,One year,Yes,Mailed check,65.99,2959.88,0
CUST-10745,Male,0,No,Yes,59,Yes,Yes,DSL,No,Yes,Yes,No,No,No internet service,Month-to-month,Yes,Mailed check,87.0,5096.24,0
CUST-10746,Female,0,No,No,40,Yes,Yes,DSL,Yes,Yes,No,Yes,Yes,No,Month-to-month,Yes,Electronic check,98.42,3936.31,1
CUST-10747,Male,1,No,No,12,Yes,No phone service,DSL,No internet service,No,Yes,Yes,Yes,Yes,One year,Yes,Bank transfer (automatic),95.79,1134.77,1
CUST-10748,Male,0,No,No,66,Yes,No phone service,Fiber optic,No,No,Yes,No,No internet service,Yes,Two year,Yes,Credit card (automatic),66.79,4414.35,0
CUST-10749,Male,0,Yes,No,29,Yes,No,DSL,No,No,Yes,No internet service,No internet service,Yes,One year,No,Electronic check,74.03,2151.82,0
CUST-10750,Female,0,No,Yes,35,Yes,Yes,Fiber optic,No internet service,No,Yes,No,No,Yes,Month-to-month,Yes,Credit card (automatic),58.11,2143.68,0
CUST-10751,Male,0,No,No,46,Yes,No,Fiber optic,No,Yes,No,Yes,Yes,No,Month-to-month,Yes,Mailed check,102.67,4710.99,1
CUST-10752,Male,0,Yes,No,19,Yes,No,Fiber optic,No,No,No,No,Yes,Yes,Month-to-month,Yes,Electronic check,77.67,1493.73,1
CUST-10753,Female,0,Yes,No,72,Yes,No,Fiber optic,No internet service,Yes,No internet service,No,Yes,No internet service,Month-to-month,No,Electronic check,93.53,6736.98,1
CUST-10754,Female,0,No,No,3,Yes,Yes,Fiber optic,No,Yes,Yes,No internet service,No,No internet service,Month-to-month,No,Credit card (automatic),114.34,221.51,1
CUST-10755,Male,0,Yes,Yes,11,Yes,Yes,DSL,No,No internet service,Yes,No,No,No,One year,Yes,Bank transfer (automatic),76.73,784.06,1
CUST-10756,Female,0,No,Yes,72,Yes,Yes,DSL,No internet service,No internet service,No,No,No internet service,Yes,One year,No,Bank transfer (automatic),76.39,5389.2,0
CUST-10757,Male,0,No,Yes,32,Yes,Yes,Fiber optic,No,Yes,Yes,Yes,No,No,One year,Yes,Electronic check,82.55,2585.7,1
CUST-10758,Male,1,Yes,No,65,Yes,No,Fiber optic,No internet service,Yes,No,Yes,Yes,No,Month-to-month,No,Credit card (automatic),112.14,7278.92,1
CUST-10759,Female,0,Yes,Yes,66,Yes,No,Fiber optic,No,No,No,No,No internet service,Yes,Month-to-month,Yes,Bank transfer (automatic),76.01,5058.26,0
CUST-10760,Male,1,No,Yes,72,Yes,Yes,Fiber optic,No internet service,No,No,No internet service,No internet service,No internet service,Month-to-month,No,Mailed check,95.64,6951.56,0
CUST-10761,Female,0,Yes,No,52,No,No,DSL,No,No internet service,No,No internet service,No internet service,No,Month-to-month,Yes,Bank transfer (automatic),83.67,4475.36,1
CUST-10762,Female,0,No,No,49,Yes,Yes,DSL,Yes,No,No,No,No internet service,No internet service,Month-to-month,Yes,Electronic check,87.32,4281.35,0
CUST-10763,Female,0,Yes,No,44,Yes,Yes,Fiber optic,No,Yes,No,No,No internet service,No,Month-to-month,Yes,Mailed check,93.54,4115.77,1
CUST-10764,Male,0,Yes,No,49,Yes,No,Fiber optic,No internet service,No,Yes,No,No,Yes,Month-to-month,No,Electronic check,67.36,3226.74,1
CUST-10765,Female,0,No,Yes,18,Yes,Yes,Fiber optic,No,Yes,Yes,No internet service,No internet service,No,Month-to-month,No,Electronic check,87.33,1520.19,1
CUST-10766,Female,0,Yes,Yes,59,Yes,No phone service,DSL,No,No,No,No,No,Yes,Month-to-month,Yes,Credit card (automatic),39.14,2348.01,0
CUST-10767,Male,0,No,No,13,No,No phone service,No,No internet service,No,Yes,No,No,Yes,Month-to-month,Yes,Electronic check,42.45,646.78,0
CUST-10768,Male,0,No,No,35,Yes,Yes,Fiber optic,No,No internet service,Yes,No,No,Yes,One year,Yes,Electronic check,100.35,3580.49,1
CUST-10769,Male,0,Yes,No,27,Yes,Yes,Fiber optic,No internet service,Yes,No,No internet service,No,No,One year,No,Electronic check,107.39,2867.1,1
CUST-10770,Female,1,Yes,No,55,No,Yes,Fiber optic,Yes,No,No,No,Yes,Yes,Month-to-month,Yes,Mailed check,74.81,4055.3,1
CUST-10771,Female,1,No,Yes,18,Yes,No phone service,Fiber optic,Yes,Yes,Yes,No,No,No,Two year,No,Electronic check,118.75,2045.02,1
CUST-10772,Male,0,No,No,15,Yes,Yes,Fiber optic,Yes,No internet service,No internet service,No internet service,No,No,Month-to-month,Yes,Bank transfer (automatic),56.78,845.89,1
CUST-10773,Female,0,No,Yes,59,Yes,No,DSL,No internet service,Yes,Yes,Yes,No,Yes,Month-to-month,Yes,Mailed check,81.95,4931.05,1
CUST-10774,Female,0,No,No,35,Yes,Yes,DSL,Yes,Yes,No internet service,Yes,No,No,Two year,No,Mailed check,83.93,2910.04,1
CUST-10775,Female,0,Yes,No,52,Yes,No,DSL,No,Yes,No internet service,No,No internet service,No internet service,Month-to-month,Yes,Credit card (automatic),84.28,4349.09,0
CUST-10776,Male,0,Yes,Yes,64,Yes,Yes,No,Yes,No internet service,Yes,No,No internet service,No,Month-to-month,No,Electronic check,55.73,3552.56,0
CUST-10777,Male,0,No,No,60,No,No,No,Yes,Yes,Yes,No internet service,No internet service,No internet service,Month-to-month,No,Electronic check,49.47,2952.7,1
CUST-10778,Male,0,No,No,29,Yes,No,Fiber optic,No,No,Yes,No,No,No,Month-to-month,Yes,Electronic check,118.75,3445.9,1
CUST-10779,Female,1,No,No,12,Yes,Yes,Fiber optic,Yes,Yes,No internet service,No internet service,No internet service,No,Two year,Yes,Credit card (automatic),67.11,677.41,1
CUST-10780,Female,0,Yes,Yes,70,Yes,Yes,DSL,No internet service,No,No internet service,No,Yes,Yes,Two year,No,Mailed check,66.39,4596.01,0
CUST-10781,Female,0,No,No,22,Yes,No,No,No internet service,No internet service,No,No,No,Yes,Two year,No,Credit card (automatic),50.28,1084.64,0
CUST-10782,Male,1,No,No,56,Yes,No,DSL,No,Yes,No internet service,No,Yes,Yes,Month-to-month,Yes,Electronic check,70.12,3938.46,0
CUST-10783,Male,0,Yes,Yes,56,Yes,No,DSL,No,No,No,Yes,Yes,Yes,Month-to-month,Yes,Mailed check,54.33,3012.14,0
CUST-10784,Male,0,No,No,32,Yes,Yes,No,No internet service,No,No,Yes,No,No internet service,Month-to-month,Yes,Electronic check,60.16,1933.62,1
CUST-10785,Female,1,No,Yes,11,Yes,No phone service,DSL,No,No,No internet service,Yes,Yes,Yes,One year,Yes,Credit card (automatic),78.03,825.04,1
CUST-10786,Male,1,Yes,No,34,Yes,Yes,No,Yes,Yes,No,Yes,No internet service,No internet service,Month-to-month,Yes,Mailed check,81.66,2816.6,1
CUST-10787,Female,0,Yes,No,10,Yes,No,No,No,Yes,No,No,No internet service,No,Month-to-month,Yes,Electronic check,64.35,657.62,1
CUST-10788,Female,0,Yes,No,25,Yes,No phone service,No,No,No internet service,No,Yes,Yes,No,Month-to-month,No,Electronic check,69.8,1752.55,1
CUST-10789,Male,0,No,No,27,Yes,No,Fiber optic,No,No,No,No,Yes,Yes,Two year,No,Mailed check,109.03,2982.5,1
CUST-10790,Male,0,Yes,No,37,Yes,No phone service,Fiber optic,No,Yes,No,No,No internet service,No internet service,Two year,Yes,Electronic check,67.89,2539.39,0
CUST-10791,Male,0,Yes,No,13,Yes,Yes,Fiber optic,No internet service,Yes,No,No,No internet service,Yes,One year,Yes,Electronic check,81.6,1030.78,1
CUST-10792,Female,0,Yes,No,61,No,No,No,No,No,Yes,No,No internet service,No,One year,No,Electronic check,42.18,2530.97,0
CUST-10793,Female,0,Yes,Yes,5,Yes,Yes,Fiber optic,Yes,No internet service,Yes,No,No,Yes,Two year,No,Mailed check,110.85,620.29,1
CUST-10794,Male,0,Yes,No,71,No,Yes,No,No,No internet service,No,No internet service,No internet service,No internet service,Month-to-month,No,Electronic check,52.04,3790.95,0
CUST-10795,Male,0,No,No,22,Yes,No,No,No,No,No,Yes,No internet service,No,Month-to-month,Yes,Mailed check,49.34,1143.19,1
CUST-10796,Female,0,Yes,Yes,35,Yes,No,Fiber optic,Yes,No internet service,Yes,No,Yes,No,Month-to-month,No,Mailed check,87.98,3135.74,1
CUST-10797,Male,0,Yes,No,63,Yes,No phone service,No,Yes,No,Yes,No,No internet service,Yes,Month-to-month,No,Electronic check,70.75,4405.5,0
CUST-10798,Male,0,Yes,Yes,47,Yes,No,DSL,No,No,Yes,No internet service,No,No,One year,No,Mailed check,54.49,2552.47,0
CUST-10799,Male,0,Yes,No,4,Yes,No,No,No,No,No internet service,No,No,Yes,Month-to-month,No,Mailed check,50.17,185.53,0
CUST-10800,Male,0,Yes,No,44,Yes,No,No,Yes,No internet service,No,Yes,No,No,One year,No,Mailed check,79.25,3470.16,0
CUST-10801,Male,0,No,No,41,Yes,No,DSL,No,Yes,Yes,No internet service,No internet service,Yes,One year,Yes,Bank transfer (automatic),84.7,3431.92,0
CUST-10802,Female,0,No,No,68,Yes,Yes,Fiber optic,No,No,No,Yes,Yes,No internet service,Month-to-month,Yes,Bank transfer (automatic),82.06,5597.06,1
CUST-10803,Female,0,No,No,41,Yes,No,Fiber optic,Yes,No,No,No internet service,No,Yes,Month-to-month,No,Bank transfer (automatic),95.01,3912.67,1
CUST-10804,Female,0,Yes,No,72,Yes,No,No,No internet service,Yes,No,No,Yes,No,Two year,Yes,Electronic check,20.52,1431.21,0
CUST-10805,Female,0,No,No,38,No,No,DSL,No,No internet service,No internet service,Yes,No,Yes,One year,Yes,Credit card (automatic),61.15,2286.39,0
CUST-10806,Female,0,No,No,14,Yes,No,Fiber optic,Yes,No internet service,No,No,No,No,Two year,Yes,Credit card (automatic),83.28,1175.58,0
CUST-10807,Male,0,Yes,Yes,36,Yes,No,Fiber optic,No internet service,No,Yes,No,Yes,Yes,Month-to-month,No,Credit card (automatic),67.53,2429.27,0
CUST-10808,Male,1,Yes,Yes,66,Yes,No phone service,Fiber optic,No,No internet service,No internet service,No,Yes,No internet service,One year,Yes,Electronic check,103.14,6776.64,1
CUST-10809,Female,0,No,Yes,1,Yes,No,No,No internet service,Yes,Yes,No internet service,Yes,Yes,Month-to-month,No,Bank transfer (automatic),26.04,15.64,1
CUST-10810,Male,0,Yes,No,29,No,No,Fiber optic,Yes,No internet service,No internet service,Yes,Yes,No,Month-to-month,No,Credit card (automatic),113.29,3219.61,1
CUST-10811,Female,0,Yes,No,3,Yes,No,Fiber optic,No,Yes,No internet service,Yes,Yes,No internet service,Month-to-month,Yes,Credit card (automatic),100.28,333.92,1
CUST-10812,Female,0,No,No,61,No,No,No,No,Yes,No,Yes,No,No,Month-to-month,No,Mailed check,36.5,2206.26,0
CUST-10813,Male,0,Yes,No,37,Yes,No,DSL,No internet service,No,No,No internet service,No,Yes,Two year,No,Credit card (automatic),64.34,2358.81,0
CUST-10814,Female,0,No,Yes,52,Yes,No phone service,DSL,No internet service,No,No internet service,Yes,No,No internet service,One year,Yes,Mailed check,74.37,3891.11,0
CUST-10815,Female,0,Yes,No,70,Yes,No,DSL,No,No,No internet service,No internet service,Yes,Yes,Month-to-month,No,Electronic check,92.5,6527.32,1
CUST-10816,Male,0,Yes,No,60,Yes,No,No,No internet service,No,Yes,No,No,No,Two year,Yes,Credit card (automatic),48.2,2892.0,0
CUST-10817,Male,0,Yes,No,29,Yes,Yes,No,Yes,No internet service,Yes,No,No,No,Month-to-month,Yes,Electronic check,69.52,1984.81,1
CUST-10818,Female,0,Yes,Yes,68,Yes,No,Fiber optic,No,No,No,No,No,Yes,Month-to-month,No,Electronic check,89.32,6093.4,0
CUST-10819,Female,1,No,No,34,No,No,DSL,No,No internet service,No,No,No internet service,No internet service,Month-to-month,Yes,Credit card (automatic),87.4,2974.36,1
CUST-10820,Male,0,No,No,71,Yes,No phone service,Fiber optic,Yes,Yes,No,Yes,No internet service,No,Month-to-month,No,Bank transfer (automatic),118.48,8427.6,0
CUST-10821,Female,0,No,No,71,Yes,No phone service,Fiber optic,Yes,No internet service,Yes,No,No internet service,No internet service,Month-to-month,No,Mailed check,93.85,6704.12,0
CUST-10822,Male,0,No,No,16,Yes,No,Fiber optic,Yes,No internet service,No,No,No,Yes,Two year,Yes,Credit card (automatic),68.52,1087.44,1
CUST-10823,Female,0,Yes,No,56,Yes,No,DSL,Yes,No internet service,Yes,Yes,Yes,No internet service,One year,Yes,Electronic check,70.74,4012.66,1
CUST-10824,Female,0,Yes,No,50,No,Yes,DSL,Yes,No,No,No,Yes,No,Two year,Yes,Bank transfer (automatic),113.29,5635.35,0
CUST-10825,Male,0,Yes,No,56,Yes,No,No,Yes,No internet service,Yes,Yes,No,No,Month-to-month,No,Electronic check,39.39,2171.57,0
CUST-10826,Female,0,No,No,12,Yes,Yes,Fiber optic,No,Yes,No,Yes,No,Yes,Month-to-month,Yes,Mailed check,52.95,680.12,1
CUST-10827,Female,0,No,No,36,Yes,No,DSL,No,Yes,No,No,No,Yes,One year,Yes,Electronic check,55.59,2023.23,1
CUST-10828,Female,1,Yes,No,11,Yes,Yes,No,Yes,No,No,No internet service,No,Yes,One year,Yes,Bank transfer (automatic),44.82,485.05,1
CUST-10829,Male,0,No,Yes,65,No,No phone service,Fiber optic,No,No internet service,Yes,No internet service,No,No,One year,Yes,Bank transfer (automatic),99.21,6448.12,0
CUST-10830,Male,0,No,No,63,Yes,No,Fiber optic,Yes,No internet service,No,Yes,Yes,No,One year,No,Bank transfer (automatic),112.39,7065.56,0
CUST-10831,Male,0,Yes,No,42,Yes,Yes,DSL,No,No,Yes,No,No internet service,No,Month-to-month,Yes,Bank transfer (automatic),58.3,2438.51,0
CUST-10832,Male,0,No,No,9,Yes,No,No,No internet service,No,Yes,No,No internet service,Yes,One year,Yes,Bank transfer (automatic),76.1,623.31,1
CUST-10833,Male,0,No,No,47,Yes,No,DSL,No,No,No,No,Yes,No internet service,Two year,No,Credit card (automatic),88.89,4138.86,0
CUST-10834,Female,0,No,Yes,32,Yes,No,No,No,Yes,No,Yes,No,Yes,One year,Yes,Mailed check,70.71,2255.09,1
CUST-10835,Female,0,Yes,No,57,Yes,No,Fiber optic,No,No,Yes,No,No internet service,No,Two year,Yes,Bank transfer (automatic),109.22,6147.03,0
CUST-10836,Female,0,Yes,Yes,7,Yes,No,DSL,Yes,Yes,No internet service,No,No,No internet service,Month-to-month,Yes,Electronic check,66.91,360.42,1
CUST-10837,Male,0,Yes,No,29,Yes,Yes,DSL,No,No,No internet service,No,No,No,Month-to-month,No,Credit card (automatic),110.54,3124.98,1
CUST-10838,Male,0,No,No,26,Yes,No,No,No,Yes,No internet service,Yes,No internet service,No,Two year,No,Credit card (automatic),75.79,2029.3,0
CUST-10839,Female,0,No,No,69,Yes,No phone service,DSL,No,Yes,No,No,No,Yes,Two year,Yes,Electronic check,76.47,5372.23,0
CUST-10840,Male,0,No,No,21,Yes,No,DSL,No internet service,No,No,No,No,No,Month-to-month,No,Credit card (automatic),102.76,2171.86,1
CUST-10841,Female,0,Yes,No,72,Yes,Yes,Fiber optic,No internet service,No,No,No,No,No internet service,Month-to-month,Yes,Bank transfer (automatic),118.75,8541.13,1
CUST-10842,Female,0,Yes,No,67,Yes,No,DSL,No,No internet service,No,No internet service,No,Yes,Month-to-month,No,Mailed check,94.61,6396.36,1
CUST-10843,Male,0,No,Yes,42,Yes,Yes,Fiber optic,No,No,No,Yes,No internet service,No internet service,Month-to-month,Yes,Electronic check,51.45,2105.88,0
CUST-10844,Male,1,Yes,No,12,Yes,No phone service,Fiber optic,No,Yes,No,No,Yes,No,Month-to-month,Yes,Bank transfer (automatic),57.58,706.13,1
CUST-10845,Male,0,No,No,16,Yes,Yes,DSL,No,No,Yes,No,No,No internet service,Two year,No,Mailed check,80.82,1308.72,0
CUST-10846,Male,0,No,No,1,Yes,Yes,Fiber optic,No internet service,Yes,No internet service,No,No,Yes,Month-to-month,Yes,Credit card (automatic),71.97,59.16,1
CUST-10847,Male,0,Yes,Yes,56,Yes,Yes,DSL,No,No,No,No,Yes,No,Month-to-month,Yes,Mailed check,60.56,3298.41,0
CUST-10848,Female,0,Yes,No,52,No,No,No,No,No,No,No,No internet service,Yes,Month-to-month,Yes,Mailed check,54.88,2909.25,1
CUST-10849,Female,0,Yes,No,23,Yes,No,DSL,Yes,Yes,No,No,No internet service,No,Month-to-month,Yes,Mailed check,67.68,1528.04,0
CUST-10850,Female,0,Yes,No,53,Yes,No,Fiber optic,No,No,No,No,Yes,No,Month-to-month,Yes,Electronic check,107.33,5653.16,1
CUST-10851,Female,0,No,Yes,42,Yes,Yes,Fiber optic,No,No internet service,No,Yes,No,Yes,Month-to-month,No,Mailed check,109.85,4538.11,1
CUST-10852,Female,0,Yes,No,59,Yes,No,Fiber optic,Yes,Yes,No,Yes,Yes,No internet service,Two year,Yes,Credit card (automatic),69.61,4136.43,0
CUST-10853,Male,0,Yes,No,6,Yes,No,DSL,No,No internet service,Yes,No,Yes,No,Month-to-month,Yes,Electronic check,80.85,503.46,1
CUST-10854,Male,0,Yes,No,14,No,Yes,DSL,No internet service,No,Yes,No,Yes,No,Two year,No,Bank transfer (automatic),65.31,941.42,0
CUST-10855,Female,0,Yes,No,58,Yes,No,Fiber optic,No,Yes,Yes,No,No,No internet service,Month-to-month,Yes,Mailed check,104.65,6046.52,0
CUST-10856,Male,0,No,No,26,Yes,No,Fiber optic,Yes,No,No,No,No internet service,No internet service,Two year,Yes,Electronic check,85.87,2217.38,1
CUST-10857,Male,0,No,Yes,70,Yes,No,Fiber optic,Yes,No,No,No,No,No internet service,One year,Yes,Bank transfer (automatic),108.86,7584.96,0
CUST-10858,Female,0,No,No,64,Yes,Yes,DSL,No,No,Yes,No,Yes,No,Two year,Yes,Mailed check,73.65,4725.39,0
CUST-10859,Female,0,No,No,6,Yes,No,Fiber optic,Yes,Yes,Yes,Yes,Yes,No,Two year,No,Credit card (automatic),118.75,711.71,0
CUST-10860,Female,0,Yes,No,29,Yes,Yes,DSL,Yes,No internet service,No,No internet service,Yes,Yes,Month-to-month,No,Mailed check,80.38,2314.84,0
CUST-10861,Female,0,No,No,53,Yes,No,Fiber optic,Yes,No internet service,Yes,No internet service,Yes,No,Month-to-month,Yes,Mailed check,59.47,3089.85,1
CUST-10862,Male,0,Yes,No,9,Yes,No,Fiber optic,No,No,No,No internet service,No,No,Month-to-month,Yes,Credit card (automatic),101.33,895.77,1
CUST-10863,Female,0,No,No,62,Yes,No,DSL,Yes,No,No,Yes,No internet service,Yes,Month-to-month,No,Electronic check,69.01,4204.06,0
CUST-10864,Female,1,Yes,No,7,Yes,Yes,No,Yes,No,No,No,No internet service,No internet service,Month-to-month,Yes,Credit card (automatic),18.25,96.01,1
CUST-10865,Female,0,Yes,Yes,7,Yes,Yes,Fiber optic,No internet service,No,Yes,No internet service,Yes,No,Month-to-month,Yes,Bank transfer (automatic),83.5,543.02,1
CUST-10866,Female,0,Yes,No,39,Yes,Yes,DSL,No internet service,No,No,No internet service,Yes,No,Month-to-month,Yes,Mailed check,86.05,3343.88,0
CUST-10867,Female,0,No,Yes,18,Yes,No,DSL,No internet service,Yes,Yes,Yes,No,No,Month-to-month,Yes,Mailed check,90.54,1642.76,1
CUST-10868,Male,0,Yes,No,46,Yes,Yes,Fiber optic,Yes,No,No,Yes,No,Yes,Two year,Yes,Electronic check,103.34,4745.46,0
CUST-10869,Male,0,No,No,28,Yes,No,No,Yes,Yes,No,No,Yes,No,Two year,Yes,Credit card (automatic),49.62,1359.05,0
CUST-10870,Male,0,Yes,Yes,19,Yes,Yes,DSL,No,No internet service,No,Yes,No internet service,No,Two year,Yes,Bank transfer (automatic),67.6,1270.88,0
CUST-10871,Male,0,No,No,61,Yes,No,DSL,No internet service,Yes,No,Yes,No,No internet service,Month-to-month,Yes,Mailed check,56.89,3477.84,0
CUST-10872,Male,0,No,Yes,11,Yes,No,Fiber optic,No,No,No internet service,No,No,Yes,Two year,Yes,Bank transfer (automatic),106.82,1196.02,0
CUST-10873,Male,0,Yes,No,36,Yes,Yes,Fiber optic,No internet service,Yes,No,Yes,No internet service,No,Month-to-month,No,Credit card (automatic),104.05,3812.89,0
CUST-10874,Female,1,Yes,No,12,No,No,Fiber optic,No,No internet service,Yes,No,Yes,No,Month-to-month,No,Electronic check,78.2,1057.19,1
CUST-10875,Female,0,Yes,No,9,Yes,No,Fiber optic,No internet service,No,No,No,No,No,Month-to-month,No,Mailed check,118.75,1141.29,1
CUST-10876,Female,0,No,No,14,Yes,No,Fiber optic,No internet service,No,No,Yes,No internet service,Yes,Month-to-month,No,Credit card (automatic),108.16,1513.85,1
CUST-10877,Female,1,No,No,18,Yes,No,DSL,Yes,Yes,Yes,No internet service,No internet service,No,Month-to-month,Yes,Credit card (automatic),93.42,1634.87,1
CUST-10878,Female,0,Yes,No,30,No,Yes,Fiber optic,No,No,No internet service,No,Yes,Yes,Two year,No,Bank transfer (automatic),89.59,2669.1,1
CUST-10879,Female,0,Yes,No,34,Yes,Yes,DSL,No,No,Yes,No internet service,Yes,No,One year,Yes,Bank transfer (automatic),115.21,3927.22,1
CUST-10880,Male,0,Yes,Yes,10,Yes,No,DSL,Yes,No internet service,No internet service,Yes,No,No,Month-to-month,Yes,Mailed check,58.82,567.08,1
CUST-10881,Female,1,Yes,No,2,No,No,No,No,No internet service,No,No,Yes,Yes,Month-to-month,Yes,Electronic check,18.25,19.99,1
CUST-10882,Male,0,No,Yes,6,Yes,Yes,DSL,No,No,No,No,No,No internet service,One year,Yes,Bank transfer (automatic),93.23,591.61,1
CUST-10883,Male,0,Yes,No,46,Yes,Yes,DSL,No,Yes,No,No internet service,No internet service,No,Month-to-month,Yes,Bank transfer (automatic),94.32,4328.88,0
CUST-10884,Female,1,Yes,No,71,Yes,No,No,No internet service,Yes,Yes,Yes,Yes,No internet service,Two year,No,Mailed check,67.1,4779.91,0
CUST-10885,Female,0,No,No,1,Yes,No,No,Yes,No,No,No,Yes,No,Month-to-month,Yes,Credit card (automatic),74.92,63.64,1
CUST-10886,Male,1,No,No,2,Yes,No phone service,No,No internet service,No,Yes,Yes,No,No,Month-to-month,Yes,Electronic check,73.23,46.04,1
CUST-10887,Male,1,No,Yes,57,Yes,Yes,DSL,No,No,Yes,No internet service,No internet service,No,Month-to-month,Yes,Mailed check,99.28,5558.34,1
CUST-10888,Male,1,Yes,No,52,Yes,No,Fiber optic,No internet service,No,No,No,No,Yes,One year,Yes,Bank transfer (automatic),98.01,5115.18,1
CUST-10889,Male,0,No,Yes,53,Yes,No,Fiber optic,Yes,No,Yes,No,No internet service,Yes,One year,No,Credit card (automatic),98.02,5190.5,1
CUST-10890,Male,0,No,No,12,Yes,No,Fiber optic,No,No,No,No,No,No,One year,Yes,Electronic check,93.1,1124.19,1
CUST-10891,Female,0,No,No,63,Yes,Yes,DSL,No internet service,No,No,Yes,Yes,Yes,Month-to-month,Yes,Electronic check,96.8,6112.0,1
CUST-10892,Female,0,Yes,No,45,Yes,Yes,Fiber optic,Yes,No internet service,No internet service,Yes,Yes,No,Month-to-month,No,Mailed check,76.38,3448.04,0
CUST-10893,Female,0,No,No,11,Yes,Yes,DSL,No internet service,Yes,No internet service,No,No,Yes,Month-to-month,Yes,Bank transfer (automatic),72.51,794.99,1
CUST-10894,Female,1,No,No,8,Yes,No,Fiber optic,No,Yes,Yes,No,Yes,Yes,Two year,Yes,Electronic check,69.12,616.87,0
CUST-10895,Female,0,No,No,43,Yes,Yes,Fiber optic,No,Yes,No internet service,No,Yes,No,Month-to-month,No,Mailed check,103.21,4448.38,0
CUST-10896,Female,0,No,Yes,56,Yes,Yes,Fiber optic,No,Yes,Yes,Yes,No,No,Month-to-month,Yes,Electronic check,118.75,6661.92,1
CUST-10897,Male,0,No,Yes,57,No,Yes,Fiber optic,Yes,No,No,No,No,Yes,Month-to-month,No,Credit card (automatic),73.91,4187.05,0
CUST-10898,Male,0,No,Yes,42,Yes,No,No,No,No internet service,No internet service,No,No internet service,Yes,Month-to-month,No,Electronic check,18.25,708.61,0
CUST-10899,Female,0,No,No,37,Yes,Yes,No,Yes,No,Yes,No,No internet service,No,One year,No,Electronic check,48.93,1918.63,0
CUST-10900,Male,0,Yes,Yes,50,Yes,No,Fiber optic,No,No internet service,No,No,No,No,Month-to-month,Yes,Mailed check,96.37,4859.28,0
CUST-10901,Male,0,Yes,No,9,Yes,No,DSL,No,Yes,Yes,No,Yes,Yes,Month-to-month,No,Electronic check,71.94,659.86,1
CUST-10902,Male,0,No,No,26,Yes,No,No,Yes,Yes,No internet service,No,No,No,Month-to-month,Yes,Credit card (automatic),26.1,666.76,0
CUST-10903,Female,0,No,No,7,Yes,No,DSL,Yes,Yes,No,No internet service,Yes,No,Month-to-month,Yes,Bank transfer (automatic),97.13,710.93,1
CUST-10904,Male,0,No,No,61,Yes,No,DSL,No,No,Yes,Yes,No,No,Month-to-month,Yes,Bank transfer (automatic),81.8,4964.53,1
CUST-10905,Female,0,No,Yes,44,Yes,Yes,Fiber optic,Yes,No,Yes,No,No,Yes,Month-to-month,Yes,Electronic check,118.75,5260.04,1
CUST-10906,Male,0,No,No,56,Yes,Yes,Fiber optic,No,Yes,No,No,No,No internet service,One year,No,Mailed check,109.53,6208.44,1
CUST-10907,Male,1,No,Yes,36,Yes,Yes,DSL,No internet service,Yes,No,No,Yes,No,Month-to-month,Yes,Electronic check,58.22,2091.85,1
CUST-10908,Male,0,Yes,No,67,Yes,Yes,DSL,Yes,No internet service,No,Yes,No internet service,Yes,Month-to-month,Yes,Electronic check,84.67,5750.25,0
CUST-10909,Male,0,No,No,67,Yes,Yes,DSL,No,Yes,No,No,Yes,No internet service,Month-to-month,No,Mailed check,86.95,5812.49,0
CUST-10910,Female,0,Yes,No,44,Yes,No,Fiber optic,No internet service,Yes,No,No,No,No,Month-to-month,Yes,Mailed check,118.75,5135.94,1
CUST-10911,Male,0,No,No,60,Yes,Yes,Fiber optic,No internet service,No,No,No,No,Yes,Month-to-month,Yes,Bank transfer (automatic),78.56,4754.9,0
CUST-10912,Male,1,No,Yes,48,Yes,No,Fiber optic,Yes,No,Yes,No,No,No internet service,Month-to-month,Yes,Mailed check,65.08,3118.98,1
CUST-10913,Female,0,Yes,No,52,Yes,Yes,Fiber optic,No internet service,No,Yes,No internet service,Yes,No,Month-to-month,No,Credit card (automatic),90.72,4758.78,1
CUST-10914,Female,0,Yes,No,18,Yes,No phone service,No,Yes,No,Yes,No,No internet service,Yes,One year,Yes,Mailed check,46.11,773.95,0
CUST-10915,Male,0,Yes,Yes,71,Yes,No,Fiber optic,No,No internet service,No,Yes,No,No,Month-to-month,Yes,Mailed check,85.58,6051.81,0
CUST-10916,Female,0,No,No,13,Yes,Yes,Fiber optic,No,No internet service,No,Yes,No,No,Month-to-month,Yes,Electronic check,96.73,1324.65,1
CUST-10917,Female,0,Yes,Yes,50,Yes,Yes,Fiber optic,Yes,No,Yes,No,No,Yes,Two year,Yes,Bank transfer (automatic),33.88,1708.95,0
CUST-10918,Male,0,Yes,Yes,44,Yes,No phone service,Fiber optic,No,No internet service,No internet service,No internet service,Yes,No,Two year,No,Credit card (automatic),67.42,3041.18,0
CUST-10919,Female,0,No,No,6,Yes,No phone service,Fiber optic,Yes,No,No,No,No,Yes,One year,No,Credit card (automatic),92.52,523.73,1
CUST-10920,Female,0,Yes,Yes,56,Yes,Yes,DSL,No,No internet service,Yes,No,No internet service,Yes,Month-to-month,Yes,Electronic check,73.36,4226.45,0
CUST-10921,Female,1,No,No,5,Yes,Yes,No,No,No,No,Yes,No,Yes,Two year,No,Electronic check,90.08,564.22,0
CUST-10922,Male,0,No,Yes,37,Yes,No phone service,Fiber optic,No internet service,Yes,No internet service,Yes,No,Yes,Month-to-month,Yes,Credit card (automatic),90.24,3376.48,0
CUST-10923,Male,1,Yes,No,59,Yes,No,No,No,No,No internet service,No,Yes,No,One year,Yes,Mailed check,22.9,1358.79,0
CUST-10924,Male,0,Yes,No,9,Yes,No,Fiber optic,No,No internet service,No,No,No internet service,Yes,One year,No,Bank transfer (automatic),76.12,706.8,1
CUST-10925,Female,0,No,No,26,Yes,Yes,Fiber optic,Yes,No internet service,No,No,No internet service,Yes,Month-to-month,Yes,Credit card (automatic),109.85,2908.42,1
CUST-10926,Female,0,No,No,37,Yes,No,DSL,No internet service,Yes,No,Yes,No internet service,Yes,Month-to-month,Yes,Electronic check,69.94,2600.51,0
CUST-10927,Male,0,Yes,No,67,Yes,No,Fiber optic,No,No,No internet service,Yes,No,No,Month-to-month,Yes,Electronic check,49.33,3288.08,0
CUST-10928,Male,0,No,No,27,Yes,No,Fiber optic,Yes,No internet service,No internet service,No,No,No,Month-to-month,Yes,Credit card (automatic),103.33,2738.68,1
CUST-10929,Female,1,No,Yes,8,Yes,No,No,No,No,Yes,No internet service,No internet service,No,Month-to-month,Yes,Bank transfer (automatic),72.93,474.87,1
CUST-10930,Female,0,Yes,No,9,No,Yes,No,No,No,No,Yes,Yes,Yes,One year,No,Mailed check,47.86,416.03,0
CUST-10931,Female,0,No,No,14,Yes,No,Fiber optic,No,No internet service,Yes,No,No internet service,No,Month-to-month,No,Credit card (automatic),79.04,1003.58,1
CUST-10932,Male,0,No,Yes,63,Yes,No,No,No,No,No,Yes,No internet service,No internet service,One year,Yes,Bank transfer (automatic),67.02,4214.94,0
CUST-10933,Female,0,Yes,No,56,Yes,No,No,No,Yes,Yes,Yes,Yes,No internet service,Two year,No,Electronic check,18.25,1100.08,0
CUST-10934,Male,0,No,No,30,No,No phone service,No,Yes,Yes,No,Yes,Yes,No,One year,Yes,Electronic check,65.15,1950.87,0
CUST-10935,Female,0,Yes,Yes,61,Yes,No,Fiber optic,No,No,No internet service,No,No internet service,Yes,Two year,Yes,Credit card (automatic),90.82,5492.68,0
CUST-10936,Male,0,Yes,No,67,Yes,Yes,DSL,Yes,No,No,Yes,Yes,No,Month-to-month,No,Credit card (automatic),92.68,6184.02,0
CUST-10937,Male,0,Yes,No,63,Yes,Yes,No,Yes,No internet service,Yes,No,Yes,Yes,Month-to-month,Yes,Electronic check,27.38,1684.05,0
CUST-10938,Male,0,No,No,0,Yes,No,Fiber optic,Yes,No internet service,Yes,No,Yes,No,Month-to-month,No,Electronic check,88.84,85.07,1
CUST-10939,Female,0,No,Yes,7,Yes,Yes,Fiber optic,No,Yes,No internet service,No internet service,No internet service,No,One year,Yes,Electronic check,109.47,733.44,1
CUST-10940,Female,0,No,No,52,Yes,No,Fiber optic,Yes,No internet service,No,No,Yes,Yes,Month-to-month,No,Electronic check,100.99,5161.88,1
CUST-10941,Male,0,Yes,No,27,Yes,Yes,DSL,Yes,Yes,No,No,Yes,No,Month-to-month,Yes,Electronic check,25.12,805.59,0
CUST-10942,Female,0,No,Yes,11,Yes,Yes,DSL,No,Yes,No,No,Yes,No,Month-to-month,Yes,Credit card (automatic),92.07,1003.29,1
CUST-10943,Male,0,No,No,47,Yes,Yes,DSL,No internet service,No,No,No,No,No internet service,Month-to-month,Yes,Electronic check,96.32,4483.27,0
CUST-10944,Male,0,Yes,Yes,25,Yes,No,Fiber optic,Yes,No,No,No,No,No internet service,Month-to-month,Yes,Electronic check,98.45,2461.78,1
CUST-10945,Male,1,Yes,Yes,67,Yes,Yes,Fiber optic,Yes,Yes,No,No,Yes,Yes,Month-to-month,Yes,Credit card (automatic),91.43,6113.66,1
CUST-10946,Female,0,No,Yes,42,Yes,No,Fiber optic,No,No,No,No internet service,No,No internet service,Month-to-month,Yes,Electronic check,110.12,4648.52,1
CUST-10947,Male,0,Yes,Yes,17,Yes,Yes,DSL,No,No internet service,Yes,Yes,No,Yes,Month-to-month,Yes,Electronic check,77.49,1309.25,1
CUST-10948,Female,1,No,Yes,68,No,No phone service,DSL,Yes,No,No,No,No,No,Month-to-month,Yes,Mailed check,39.45,2575.59,0
CUST-10949,Male,0,No,No,43,Yes,No,Fiber optic,No internet service,No,No,Yes,No,No,Month-to-month,No,Electronic check,75.32,3229.61,1
CUST-10950,Male,0,Yes,No,21,Yes,No,DSL,No,No internet service,Yes,No,No,Yes,Two year,Yes,Mailed check,105.96,2269.53,0
CUST-10951,Male,1,No,Yes,10,Yes,No,No,No,Yes,No,No,No,No,Two year,Yes,Mailed check,45.29,425.99,1
CUST-10952,Female,1,No,No,40,Yes,No,Fiber optic,No,Yes,No,No internet service,Yes,No,Month-to-month,No,Bank transfer (automatic),94.65,3822.56,1
CUST-10953,Male,0,No,Yes,54,Yes,No,Fiber optic,No internet service,Yes,No internet service,No,No,No,Two year,No,Electronic check,56.61,3104.17,0
CUST-10954,Female,0,No,No,61,Yes,Yes,Fiber optic,Yes,Yes,No,No,No internet service,No,Month-to-month,Yes,Credit card (automatic),100.83,6209.84,0
CUST-10955,Female,0,Yes,No,9,Yes,Yes,Fiber optic,No internet service,Yes,No,No,Yes,No,Month-to-month,Yes,Mailed check,102.08,866.85,1
CUST-10956,Male,1,No,No,31,Yes,No,DSL,Yes,Yes,No,Yes,No internet service,Yes,One year,Yes,Credit card (automatic),118.75,3634.59,1
CUST-10957,Female,1,Yes,No,72,Yes,No,Fiber optic,No,No,No internet service,No,No,Yes,Month-to-month,Yes,Credit card (automatic),106.14,7642.98,1
CUST-10958,Female,0,Yes,Yes,48,Yes,No,DSL,Yes,Yes,No internet service,Yes,No,Yes,Month-to-month,Yes,Electronic check,94.35,4438.01,0
CUST-10959,Male,0,Yes,Yes,6,Yes,No,Fiber optic,No,Yes,Yes,No,Yes,No,One year,Yes,Credit card (automatic),53.62,267.71,1
CUST-10960,Male,0,Yes,No,66,Yes,Yes,Fiber optic,No internet service,No,Yes,No,No,Yes,One year,No,Electronic check,78.84,5218.34,1
CUST-10961,Male,0,Yes,No,50,Yes,Yes,Fiber optic,No,No,No,No,Yes,Yes,Month-to-month,Yes,Electronic check,118.75,5833.27,0
CUST-10962,Female,0,Yes,No,33,Yes,No,Fiber optic,Yes,No,No,Yes,No,No,Month-to-month,Yes,Electronic check,108.1,3477.62,1
CUST-10963,Male,0,No,No,56,Yes,No,No,No,Yes,No,No,Yes,No internet service,Two year,Yes,Credit card (automatic),59.68,3367.37,0
CUST-10964,Female,0,Yes,No,47,Yes,No,Fiber optic,No internet service,No,No,No internet service,Yes,No internet service,One year,No,Mailed check,118.75,5500.19,1
CUST-10965,Female,0,Yes,No,18,Yes,No,DSL,Yes,No internet service,No,Yes,Yes,Yes,One year,No,Electronic check,58.24,1182.79,1
CUST-10966,Female,0,Yes,No,58,Yes,Yes,Fiber optic,Yes,Yes,No,Yes,No internet service,No,Two year,No,Credit card (automatic),97.74,5618.09,0
CUST-10967,Male,0,No,Yes,18,No,Yes,Fiber optic,No,No,No,No,No internet service,Yes,Two year,Yes,Credit card (automatic),99.87,1743.48,0
CUST-10968,Female,0,Yes,Yes,16,Yes,Yes,Fiber optic,No,No,Yes,No,No,No internet service,Month-to-month,No,Credit card (automatic),87.44,1328.08,1
CUST-10969,Male,0,No,No,43,Yes,Yes,Fiber optic,Yes,No,No internet service,No,Yes,No,Month-to-month,No,Credit card (automatic),61.66,2649.44,1
CUST-10970,Male,1,No,Yes,1,Yes,No,Fiber optic,Yes,Yes,No,No internet service,No internet service,Yes,Two year,Yes,Electronic check,118.75,107.74,0
CUST-10971,Male,0,Yes,No,46,Yes,No,Fiber optic,No,Yes,Yes,No,Yes,Yes,Month-to-month,No,Mailed check,91.97,4249.2,1
CUST-10972,Male,0,No,No,40,No,No,Fiber optic,No internet service,No,No internet service,No internet service,Yes,No internet service,Month-to-month,No,Electronic check,98.98,3945.91,1
CUST-10973,Male,0,Yes,No,52,Yes,No,No,No,No,No,No internet service,Yes,No,Month-to-month,Yes,Bank transfer (automatic),36.35,1935.02,1
CUST-10974,Male,0,No,No,11,Yes,Yes,Fiber optic,No,No internet service,No,Yes,Yes,No internet service,Two year,Yes,Credit card (automatic),75.61,819.02,0
CUST-10975,Male,0,Yes,No,42,No,No,Fiber optic,No internet service,Yes,No,Yes,No internet service,No,Month-to-month,No,Credit card (automatic),83.4,3482.99,1
CUST-10976,Male,0,No,No,32,Yes,Yes,DSL,Yes,Yes,Yes,No internet service,No,No,Month-to-month,Yes,Bank transfer (automatic),70.47,2265.38,1
CUST-10977,Female,0,No,No,12,Yes,Yes,DSL,No,No,No,No internet service,Yes,No internet service,Month-to-month,Yes,Bank transfer (automatic),97.44,1070.16,1
CUST-10978,Male,0,Yes,Yes,32,Yes,No,DSL,No,No,Yes,No,No,No,One year,Yes,Credit card (automatic),82.74,2590.45,0
CUST-10979,Female,0,Yes,No,67,Yes,Yes,DSL,No,No,No internet service,Yes,No,No,Month-to-month,No,Mailed check,55.24,3785.36,0
CUST-10980,Female,0,Yes,Yes,60,Yes,Yes,DSL,No,Yes,Yes,Yes,Yes,Yes,One year,No,Mailed check,44.98,2608.41,0
CUST-10981,Female,0,Yes,Yes,12,Yes,No,Fiber optic,No internet service,No,Yes,No internet service,Yes,No internet service,Two year,Yes,Credit card (automatic),108.79,1348.49,0
CUST-10982,Female,0,No,No,61,Yes,No,DSL,No,No internet service,Yes,Yes,Yes,No internet service,Month-to-month,Yes,Mailed check,95.92,5730.13,0
CUST-10983,Female,0,No,Yes,41,Yes,Yes,DSL,Yes,No internet service,No,No internet service,Yes,No internet service,Month-to-month,No,Mailed check,68.91,2743.32,0
CUST-10984,Female,0,No,Yes,3,No,No,Fiber optic,No,No internet service,Yes,No,Yes,Yes,Month-to-month,No,Credit card (automatic),77.45,191.78,1
CUST-10985,Female,0,No,Yes,67,Yes,Yes,No,No,No,No,No internet service,No,No internet service,One year,Yes,Credit card (automatic),51.09,3442.97,0
CUST-10986,Female,0,No,No,38,Yes,No,DSL,No,No internet service,No,Yes,Yes,No,Month-to-month,No,Bank transfer (automatic),76.19,2886.23,1
CUST-10987,Male,0,No,No,66,Yes,No,No,No internet service,No,Yes,No internet service,No,Yes,Month-to-month,Yes,Mailed check,55.62,3689.18,1
CUST-10988,Male,1,Yes,Yes,7,Yes,No,No,No,Yes,No internet service,No,Yes,No,Month-to-month,No,Mailed check,71.4,471.39,1
CUST-10989,Female,1,Yes,No,12,Yes,No,No,No,No internet service,No internet service,No,No,No,Month-to-month,No,Electronic check,69.79,827.57,1
CUST-10990,Male,1,Yes,Yes,65,No,Yes,Fiber optic,Yes,Yes,Yes,Yes,No,Yes,Two year,No,Electronic check,107.36,6978.55,0
CUST-10991,Female,0,Yes,No,17,Yes,Yes,No,No,Yes,Yes,Yes,No internet service,Yes,Month-to-month,Yes,Electronic check,29.69,550.5,1
CUST-10992,Male,0,Yes,Yes,40,Yes,No,Fiber optic,No,Yes,No,Yes,No,No,Month-to-month,No,Electronic check,100.55,4106.9,1
CUST-10993,Male,0,Yes,No,43,Yes,Yes,Fiber optic,No,No,Yes,No,No,No internet service,Month-to-month,Yes,Bank transfer (automatic),96.72,4103.67,0
CUST-10994,Female,0,Yes,No,69,Yes,Yes,DSL,No internet service,No,No,Yes,Yes,Yes,Two year,No,Bank transfer (automatic),49.42,3399.98,0
CUST-10995,Female,0,Yes,No,24,Yes,No,DSL,No internet service,No,No,No,Yes,No,Month-to-month,Yes,Electronic check,67.53,1599.0,1
CUST-10996,Female,0,Yes,No,55,Yes,Yes,No,No,Yes,No,Yes,Yes,No internet service,Month-to-month,Yes,Electronic check,59.94,3310.74,0
CUST-10997,Male,0,Yes,No,53,Yes,No,Fiber optic,No internet service,Yes,No,No,Yes,No internet service,Month-to-month,Yes,Mailed check,61.69,3338.42,0
CUST-10998,Female,0,Yes,No,51,Yes,No,DSL,No,Yes,No internet service,No,No,Yes,Two year,Yes,Mailed check,63.13,3223.21,0
CUST-10999,Female,0,No,No,38,Yes,No,DSL,No,Yes,No,No internet service,No internet service,No,Two year,Yes,Credit card (automatic),76.88,2891.79,0
CUST-11000,Female,0,No,No,5,No,No,Fiber optic,Yes,Yes,Yes,No,No,No,Two year,No,Electronic check,81.58,458.34,0
CUST-11001,Female,0,No,No,19,No,No,No,No internet service,Yes,Yes,No internet service,No internet service,No,Month-to-month,No,Electronic check,71.63,1347.76,1
CUST-11002,Female,1,Yes,Yes,40,Yes,No,No,No internet service,No internet service,No,No,Yes,No,One year,Yes,Credit card (automatic),64.79,2583.13,0
CUST-11003,Female,0,Yes,Yes,30,Yes,No,DSL,No,No internet service,No,Yes,No,No internet service,Month-to-month,Yes,Mailed check,48.87,1495.31,0
CUST-11004,Male,0,Yes,Yes,13,Yes,No,DSL,No,No,No,No internet service,No,No,Month-to-month,No,Electronic check,57.77,684.14,0
CUST-11005,Female,0,Yes,No,50,Yes,No,DSL,Yes,No,No,No,Yes,No,Two year,Yes,Bank transfer (automatic),97.84,4821.79,1
CUST-11006,Female,0,Yes,No,33,Yes,No,Fiber optic,Yes,No internet service,No,No,No,No internet service,Two year,Yes,Credit card (automatic),101.41,3295.65,0
CUST-11007,Female,0,No,Yes,57,Yes,No,Fiber optic,No internet service,No,No internet service,No,No internet service,No internet service,Month-to-month,No,Credit card (automatic),32.33,1827.89,0
CUST-11008,Female,0,Yes,No,40,Yes,No phone service,Fiber optic,No,No internet service,No,No internet service,Yes,Yes,Month-to-month,Yes,Mailed check,118.52,4791.92,1
CUST-11009,Female,0,Yes,No,26,Yes,No,Fiber optic,No,No internet service,Yes,Yes,No,No,Month-to-month,Yes,Electronic check,90.3,2313.86,1
CUST-11010,Male,0,No,No,7,Yes,No phone service,DSL,No,Yes,No internet service,Yes,Yes,No internet service,Two year,No,Electronic check,74.26,493.53,0
CUST-11011,Female,0,No,No,7,Yes,Yes,DSL,No,Yes,No internet service,No internet service,No,No internet service,Two year,Yes,Electronic check,57.3,409.62,1
CUST-11012,Male,1,Yes,No,37,Yes,Yes,DSL,No,Yes,Yes,No,Yes,No internet service,One year,Yes,Credit card (automatic),100.26,3662.63,0
CUST-11013,Male,0,Yes,Yes,25,Yes,Yes,Fiber optic,No internet service,No,No,No,No,No,Month-to-month,No,Credit card (automatic),100.4,2486.13,1
CUST-11014,Female,0,No,No,52,Yes,No,Fiber optic,No,No internet service,No,No internet service,Yes,Yes,One year,Yes,Credit card (automatic),87.29,4537.12,1
CUST-11015,Female,0,Yes,Yes,46,Yes,Yes,No,No,Yes,Yes,Yes,Yes,Yes,Month-to-month,No,Mailed check,18.25,867.79,0
CUST-11016,Male,0,No,Yes,20,Yes,Yes,DSL,Yes,No internet service,Yes,No,No,Yes,Two year,No,Bank transfer (automatic),65.24,1351.96,0
CUST-11017,Male,0,No,No,55,Yes,Yes,No,No internet service,No,Yes,Yes,Yes,No,One year,Yes,Electronic check,28.22,1544.2,0
CUST-11018,Male,0,Yes,No,41,Yes,No,DSL,No internet service,No,No,No internet service,No,No internet service,Month-to-month,Yes,Mailed check,67.17,2739.19,1
CUST-11019,Male,0,No,No,64,Yes,Yes,Fiber optic,No,No,Yes,No internet service,Yes,No,Month-to-month,No,Bank transfer (automatic),72.29,4615.82,1
CUST-11020,Male,0,Yes,Yes,69,No,No,DSL,Yes,No,Yes,No internet service,No internet service,No,Month-to-month,Yes,Electronic check,91.0,6289.27,0
CUST-11021,Male,0,Yes,No,70,Yes,No,DSL,No,No,Yes,No,No,No,Month-to-month,No,Credit card (automatic),105.97,7491.42,1
CUST-11022,Female,0,Yes,No,9,Yes,No,DSL,No,No internet service,No,No,Yes,Yes,Month-to-month,No,Bank transfer (automatic),73.53,770.5,1
CUST-11023,Female,1,No,No,38,Yes,No,DSL,No,No,No internet service,No internet service,Yes,Yes,One year,Yes,Electronic check,51.85,2062.86,1
CUST-11024,Female,0,Yes,No,2,Yes,Yes,Fiber optic,Yes,Yes,No,No internet service,No internet service,Yes,Month-to-month,Yes,Electronic check,82.86,219.02,1
CUST-11025,Male,1,Yes,No,64,Yes,No phone service,No,No internet service,No,Yes,Yes,Yes,No,One year,No,Credit card (automatic),41.18,2584.29,0
CUST-11026,Male,0,No,No,51,Yes,No,Fiber optic,No,No,No internet service,Yes,Yes,No,Two year,Yes,Electronic check,118.75,6067.12,0
CUST-11027,Male,0,Yes,No,19,Yes,Yes,No,No,No internet service,No internet service,No,No internet service,No,Month-to-month,Yes,Mailed check,50.84,947.78,1
CUST-11028,Female,0,No,No,44,Yes,Yes,Fiber optic,Yes,Yes,Yes,No,Yes,No internet service,Two year,Yes,Mailed check,118.75,5218.16,0
CUST-11029,Male,1,No,No,40,Yes,No,No,Yes,Yes,No internet service,No,No internet service,Yes,Two year,No,Mailed check,21.68,954.09,0
CUST-11030,Male,0,No,No,39,Yes,No,DSL,Yes,No,No,Yes,Yes,No,Month-to-month,No,Mailed check,75.06,2993.82,0
CUST-11031,Male,0,No,No,39,Yes,No,No,No,No internet service,Yes,No internet service,Yes,Yes,Month-to-month,Yes,Mailed check,29.2,1181.04,1
CUST-11032,Female,0,No,Yes,71,Yes,No,Fiber optic,No internet service,No,No,No,No internet service,No,Month-to-month,Yes,Electronic check,87.49,6342.28,0
CUST-11033,Male,0,Yes,No,56,Yes,No phone service,Fiber optic,No,Yes,No,Yes,No,No,One year,Yes,Electronic check,100.05,5644.03,1
CUST-11034,Male,0,No,Yes,29,Yes,No,Fiber optic,No internet service,No,No internet service,No,Yes,No,One year,No,Credit card (automatic),59.88,1810.8,1
CUST-11035,Female,0,No,No,56,Yes,Yes,DSL,No,No,No,No internet service,No,No,One year,Yes,Credit card (automatic),64.07,3615.97,1
CUST-11036,Female,0,No,Yes,10,Yes,Yes,DSL,Yes,No,No,No,No,No,One year,Yes,Credit card (automatic),71.18,721.69,1
CUST-11037,Male,1,No,No,20,Yes,Yes,Fiber optic,No,No,No internet service,No internet service,No,Yes,Month-to-month,Yes,Bank transfer (automatic),93.71,1975.67,1
CUST-11038,Male,0,No,No,8,Yes,Yes,Fiber optic,No,No,Yes,No internet service,No,No internet service,Month-to-month,No,Electronic check,58.99,432.75,1
CUST-11039,Female,0,No,Yes,64,Yes,Yes,No,No internet service,Yes,No,Yes,Yes,No,Month-to-month,Yes,Credit card (automatic),58.19,3643.6,1
CUST-11040,Female,0,Yes,No,1,Yes,No,DSL,No,Yes,No,No,Yes,No,Two year,No,Credit card (automatic),83.89,35.84,1
CUST-11041,Female,0,No,No,65,Yes,No,DSL,Yes,No,Yes,Yes,Yes,No internet service,Month-to-month,Yes,Electronic check,94.89,6145.04,0
CUST-11042,Male,0,No,Yes,60,Yes,Yes,Fiber optic,No,Yes,No,No,No internet service,No,Month-to-month,Yes,Mailed check,58.14,3534.21,1
CUST-11043,Male,1,No,Yes,69,Yes,No,Fiber optic,No,Yes,No internet service,No,Yes,Yes,One year,No,Mailed check,83.59,5830.43,0
CUST-11044,Female,0,Yes,No,55,Yes,No phone service,DSL,No,No,No,No,No internet service,No,One year,No,Mailed check,74.62,4064.7,1
CUST-11045,Male,0,Yes,No,33,No,Yes,Fiber optic,Yes,No,No,No,Yes,No,Month-to-month,No,Bank transfer (automatic),93.76,3063.56,1
CUST-11046,Male,0,No,No,59,Yes,Yes,Fiber optic,No,No,Yes,Yes,No,Yes,Month-to-month,Yes,Credit card (automatic),91.36,5368.43,0
CUST-11047,Female,0,Yes,No,72,Yes,No,DSL,No internet service,No internet service,No,Yes,No,No,Two year,No,Credit card (automatic),63.84,4598.49,0
CUST-11048,Female,0,No,No,65,Yes,No,DSL,No,Yes,No,No,Yes,No,Month-to-month,Yes,Electronic check,76.96,5002.97,1
CUST-11049,Male,0,No,No,57,Yes,No,DSL,No,Yes,No internet service,Yes,Yes,No,Two year,Yes,Bank transfer (automatic),118.75,6787.06,0
CUST-11050,Female,1,Yes,No,55,Yes,Yes,Fiber optic,Yes,No internet service,No internet service,Yes,Yes,Yes,Two year,No,Electronic check,101.34,5526.56,0
CUST-11051,Male,0,Yes,No,47,No,No,DSL,No,Yes,Yes,No internet service,No,No,Month-to-month,Yes,Electronic check,44.04,2016.51,0
CUST-11052,Female,0,No,No,65,Yes,No,Fiber optic,No,No internet service,No internet service,No,Yes,Yes,One year,Yes,Mailed check,118.75,7675.39,0
CUST-11053,Female,0,Yes,No,31,Yes,Yes,No,Yes,Yes,No internet service,No,Yes,Yes,Two year,No,Credit card (automatic),83.12,2579.01,0
CUST-11054,Male,0,No,No,36,Yes,No,DSL,No,No,Yes,Yes,Yes,No internet service,Month-to-month,No,Mailed check,91.55,3234.84,0
CUST-11055,Female,1,Yes,No,61,No,No,DSL,No,No,No,No internet service,No internet service,No,Month-to-month,No,Bank transfer (automatic),100.89,6109.18,1
CUST-11056,Male,0,Yes,No,19,Yes,Yes,DSL,No,No,Yes,No internet service,No,No,Month-to-month,No,Bank transfer (automatic),118.75,2281.89,1
CUST-11057,Female,1,Yes,No,55,Yes,No phone service,No,No,No,No,No,No internet service,Yes,Two year,Yes,Mailed check,55.71,3137.76,1
CUST-11058,Male,0,No,No,8,Yes,Yes,Fiber optic,No,Yes,Yes,Yes,Yes,No,One year,No,Bank transfer (automatic),111.18,908.87,1
CUST-11059,Male,0,No,No,42,Yes,No,No,No,Yes,No,No internet service,Yes,Yes,Month-to-month,No,Mailed check,80.44,3324.17,1
CUST-11060,Female,1,No,No,2,Yes,No,No,No,No,Yes,No,No,Yes,One year,No,Electronic check,34.63,103.87,1
CUST-11061,Female,0,No,Yes,72,No,Yes,No,No internet service,No internet service,No internet service,No internet service,Yes,No internet service,One year,No,Mailed check,80.15,5742.14,0
CUST-11062,Male,0,No,No,61,Yes,No,No,No,No,Yes,No,Yes,Yes,Month-to-month,Yes,Electronic check,54.02,3365.46,1
CUST-11063,Female,0,Yes,No,18,Yes,Yes,DSL,No,No,Yes,No internet service,Yes,No internet service,Month-to-month,No,Electronic check,94.35,1719.9,0
CUST-11064,Female,0,No,No,10,Yes,Yes,Fiber optic,Yes,No internet service,Yes,No,No,No,Month-to-month,Yes,Mailed check,108.41,1041.63,1
CUST-11065,Male,0,No,No,46,Yes,Yes,No,No,No,No,No,Yes,Yes,Month-to-month,No,Credit card (automatic),36.53,1686.36,1
CUST-11066,Female,0,Yes,Yes,65,Yes,No,Fiber optic,Yes,No,No,No,No internet service,Yes,One year,No,Mailed check,117.28,7553.14,0
CUST-11067,Female,0,No,No,23,Yes,No phone service,Fiber optic,No internet service,Yes,No,No,No internet service,Yes,Two year,No,Credit card (automatic),81.33,1879.35,0
CUST-11068,Male,1,Yes,Yes,70,No,Yes,No,Yes,No internet service,No,No,No,No,Two year,No,Electronic check,55.56,3875.58,0
CUST-11069,Male,0,Yes,Yes,33,Yes,No,Fiber optic,No,Yes,No internet service,No,No,Yes,Month-to-month,No,Mailed check,106.65,3624.67,0
CUST-11070,Female,0,No,Yes,32,Yes,No phone service,Fiber optic,No,Yes,No,No,No,No internet service,Month-to-month,No,Electronic check,101.46,3257.07,1
CUST-11071,Male,0,No,No,24,Yes,No,Fiber optic,No,Yes,No,No,Yes,Yes,Month-to-month,No,Mailed check,78.67,1891.08,1
CUST-11072,Female,0,Yes,No,19,Yes,Yes,DSL,Yes,Yes,No,Yes,No,No,Month-to-month,No,Bank transfer (automatic),49.37,818.69,0
CUST-11073,Female,0,No,No,24,Yes,Yes,DSL,Yes,No,No internet service,No,Yes,Yes,Month-to-month,No,Electronic check,58.49,1435.4,1
CUST-11074,Male,0,Yes,No,12,Yes,No,Fiber optic,Yes,Yes,Yes,No,No internet service,No,Two year,Yes,Electronic check,104.46,1312.01,1
CUST-11075,Male,0,No,No,27,Yes,Yes,No,No internet service,No,Yes,Yes,No,Yes,Month-to-month,Yes,Electronic check,60.73,1698.58,1
CUST-11076,Female,0,No,Yes,21,Yes,No,No,Yes,No,No,Yes,No,No,Month-to-month,No,Electronic check,46.05,960.92,0
CUST-11077,Male,0,Yes,No,4,Yes,No,DSL,No,Yes,No,No,No,No,Month-to-month,Yes,Bank transfer (automatic),70.38,250.74,1
CUST-11078,Male,0,No,Yes,26,Yes,No,No,Yes,Yes,Yes,No,No internet service,No internet service,Month-to-month,No,Mailed check,43.8,1201.01,1
CUST-11079,Female,0,No,Yes,2,Yes,Yes,DSL,No,Yes,No internet service,No internet service,Yes,Yes,Month-to-month,No,Credit card (automatic),53.19,102.04,1
CUST-11080,Female,0,No,Yes,13,Yes,No,Fiber optic,No,No,Yes,No,No,No,Month-to-month,Yes,Electronic check,108.32,1406.4,1
CUST-11081,Female,0,Yes,No,52,Yes,No,No,No,No,No,No,No internet service,Yes,Two year,No,Credit card (automatic),27.88,1433.34,0
CUST-11082,Female,0,Yes,No,1,Yes,No,No,Yes,Yes,Yes,Yes,No,Yes,Month-to-month,Yes,Credit card (automatic),52.48,0.0,1
CUST-11083,Female,0,No,No,22,Yes,Yes,Fiber optic,No internet service,Yes,No internet service,Yes,Yes,No internet service,One year,Yes,Bank transfer (automatic),115.46,2499.05,1
CUST-11084,Male,0,No,No,49,Yes,Yes,Fiber optic,No,Yes,No,No,No internet service,No internet service,Two year,Yes,Bank transfer (automatic),89.28,4379.49,1
CUST-11085,Female,1,No,No,1,Yes,Yes,Fiber optic,Yes,No internet service,Yes,No,No internet service,Yes,One year,Yes,Electronic check,118.75,148.73,1
CUST-11086,Female,0,No,No,53,Yes,Yes,Fiber optic,No,No internet service,Yes,No,Yes,No,One year,No,Bank transfer (automatic),68.64,3636.3,0
CUST-11087,Female,0,No,Yes,5,No,No,DSL,No internet service,No,Yes,No,Yes,No,Two year,Yes,Electronic check,48.44,269.15,1
CUST-11088,Female,0,Yes,No,4,Yes,No,DSL,No,No internet service,No,Yes,Yes,Yes,Month-to-month,No,Electronic check,28.96,30.19,0
CUST-11089,Male,0,No,Yes,14,Yes,Yes,No,No internet service,Yes,Yes,No,No internet service,Yes,Two year,No,Electronic check,65.11,863.76,0
CUST-11090,Female,0,No,Yes,62,Yes,No,DSL,Yes,No,No,Yes,No internet service,No internet service,Month-to-month,Yes,Mailed check,35.57,2320.6,0
CUST-11091,Male,0,Yes,No,3,Yes,No,Fiber optic,No internet service,No,No,No,No,No,Month-to-month,No,Electronic check,118.75,391.59,1
CUST-11092,Female,0,Yes,Yes,7,Yes,No,Fiber optic,No internet service,No,No,No,No internet service,Yes,Month-to-month,No,Credit card (automatic),118.75,898.96,1
CUST-11093,Male,0,No,Yes,69,Yes,No,DSL,No,No,Yes,No,Yes,Yes,Two year,Yes,Bank transfer (automatic),80.34,5529.53,0
CUST-11094,Male,0,No,No,44,Yes,No,DSL,No,No,No,No,No,No internet service,Month-to-month,No,Bank transfer (automatic),58.82,2639.57,0
CUST-11095,Male,0,No,No,41,Yes,No,DSL,Yes,No internet service,No internet service,No,Yes,No,Month-to-month,Yes,Bank transfer (automatic),37.87,1602.28,0
CUST-11096,Female,0,Yes,No,2,Yes,Yes,DSL,Yes,Yes,No,No internet service,No internet service,No,Month-to-month,Yes,Electronic check,82.98,273.78,1
CUST-11097,Female,0,No,Yes,28,Yes,No,Fiber optic,No,Yes,No internet service,Yes,Yes,Yes,Month-to-month,Yes,Mailed check,89.67,2532.95,1
CUST-11098,Male,0,Yes,No,42,Yes,Yes,Fiber optic,No internet service,No,Yes,No internet service,No internet service,Yes,Two year,Yes,Bank transfer (automatic),94.66,3923.55,0
CUST-11099,Male,1,Yes,No,38,Yes,No,Fiber optic,Yes,Yes,Yes,No,No,Yes,One year,Yes,Mailed check,100.72,3789.01,0
CUST-11100,Male,0,No,No,38,Yes,No phone service,No,No,Yes,No internet service,No,No internet service,Yes,Month-to-month,Yes,Bank transfer (automatic),28.11,1083.54,1
CUST-11101,Male,0,No,No,8,Yes,Yes,Fiber optic,Yes,Yes,No,Yes,No,Yes,Month-to-month,Yes,Electronic check,85.64,554.75,1
CUST-11102,Female,0,No,No,72,Yes,Yes,Fiber optic,No,No,No,Yes,No,Yes,Two year,Yes,Mailed check,93.02,6718.12,0
CUST-11103,Male,0,No,No,51,Yes,Yes,Fiber optic,No,No,No,No internet service,Yes,No,Month-to-month,No,Bank transfer (automatic),118.75,6084.36,0
CUST-11104,Male,1,No,No,17,Yes,No phone service,Fiber optic,No internet service,No,No,Yes,Yes,Yes,Month-to-month,Yes,Electronic check,105.69,1870.78,1
CUST-11105,Male,0,Yes,Yes,70,Yes,No,DSL,Yes,No,No internet service,No,No,No internet service,Month-to-month,Yes,Electronic check,77.99,5368.55,1
CUST-11106,Male,0,Yes,Yes,22,Yes,No,DSL,Yes,Yes,Yes,Yes,Yes,No internet service,Month-to-month,Yes,Mailed check,54.74,1148.81,1
CUST-11107,Female,0,No,No,9,No,Yes,DSL,Yes,No,Yes,Yes,No,Yes,Two year,Yes,Electronic check,100.59,911.07,0
CUST-11108,Female,1,No,No,65,Yes,Yes,Fiber optic,No,Yes,No internet service,No internet service,Yes,No internet service,One year,Yes,Mailed check,118.75,7716.58,0
CUST-11109,Male,0,Yes,No,11,Yes,Yes,Fiber optic,No,Yes,Yes,No,No,Yes,Month-to-month,Yes,Electronic check,59.87,659.62,1
CUST-11110,Female,0,Yes,No,4,Yes,No,No,Yes,No,No,No,Yes,No,One year,Yes,Electronic check,18.25,121.76,0
CUST-11111,Male,0,Yes,No,45,Yes,Yes,DSL,Yes,Yes,Yes,Yes,Yes,No,One year,No,Credit card (automatic),76.22,3447.41,0
CUST-11112,Male,0,Yes,No,19,Yes,No phone service,Fiber optic,No,Yes,No,Yes,Yes,No internet service,Month-to-month,Yes,Credit card (automatic),86.17,1713.96,1
CUST-11113,Male,0,No,No,11,Yes,No,DSL,Yes,No internet service,No,No,Yes,No,Month-to-month,No,Electronic check,103.37,1197.24,0
CUST-11114,Male,0,Yes,Yes,7,Yes,No phone service,No,No internet service,No,Yes,Yes,No,Yes,Month-to-month,No,Electronic check,27.41,158.22,0
CUST-11115,Male,0,Yes,No,9,Yes,Yes,Fiber optic,No,No internet service,Yes,Yes,Yes,No,Two year,Yes,Mailed check,71.11,655.08,0
CUST-11116,Female,0,No,Yes,70,Yes,No,Fiber optic,No,No,No,No,No,No,Two year,Yes,Electronic check,59.43,4188.88,0
CUST-11117,Female,1,No,No,48,Yes,Yes,Fiber optic,No,Yes,No,Yes,No,Yes,Two year,Yes,Mailed check,69.97,3453.72,1
CUST-11118,Female,0,Yes,No,61,Yes,No,DSL,No,No,No,No internet service,Yes,No,One year,Yes,Credit card (automatic),78.26,4785.42,0
CUST-11119,Male,0,Yes,No,45,Yes,No,No,Yes,No internet service,No,No,No,No,Month-to-month,Yes,Bank transfer (automatic),19.56,909.7,0
CUST-11120,Male,1,Yes,Yes,39,Yes,Yes,No,No,No internet service,Yes,Yes,Yes,Yes,Month-to-month,Yes,Electronic check,114.75,4452.08,1
CUST-11121,Male,0,Yes,No,15,Yes,No phone service,Fiber optic,No,No,No,No,Yes,Yes,Two year,Yes,Mailed check,39.6,621.61,0
CUST-11122,Male,1,Yes,Yes,70,Yes,Yes,DSL,No,Yes,No internet service,No,No,No,One year,No,Electronic check,64.07,4431.85,0
CUST-11123,Male,0,Yes,Yes,60,No,Yes,Fiber optic,Yes,No,No,No,No,No,Two year,No,Bank transfer (automatic),94.62,5644.48,0
CUST-11124,Female,1,Yes,No,38,Yes,No,Fiber optic,Yes,Yes,No internet service,No internet service,No internet service,Yes,Month-to-month,Yes,Electronic check,115.62,4457.28,1
CUST-11125,Female,0,Yes,No,7,Yes,No,No,No,Yes,No internet service,No,No internet service,Yes,Month-to-month,Yes,Credit card (automatic),29.66,250.97,0
CUST-11126,Female,0,Yes,No,55,Yes,Yes,DSL,No,Yes,Yes,Yes,Yes,Yes,Two year,No,Bank transfer (automatic),38.08,2162.58,0
CUST-11127,Female,0,No,No,24,Yes,No phone service,No,No,Yes,Yes,No,No internet service,No internet service,Month-to-month,Yes,Mailed check,29.44,819.97,0
CUST-11128,Female,0,Yes,No,15,Yes,Yes,No,Yes,No,Yes,No,Yes,No,Month-to-month,Yes,Mailed check,86.66,1347.52,1
CUST-11129,Female,1,Yes,No,53,Yes,No,DSL,No,No internet service,Yes,No,No,No,Month-to-month,No,Electronic check,34.14,1822.25,0
CUST-11130,Male,0,No,Yes,61,Yes,Yes,Fiber optic,No internet service,No,No,No internet service,No,Yes,Month-to-month,No,Mailed check,110.88,6736.27,1
CUST-11131,Female,0,Yes,No,44,No,Yes,DSL,Yes,No,Yes,Yes,No,No,Two year,No,Credit card (automatic),80.7,3524.41,0
CUST-11132,Female,0,No,No,5,Yes,No,DSL,No,No internet service,No internet service,No,No internet service,No internet service,One year,No,Bank transfer (automatic),82.99,416.29,0
CUST-11133,Female,0,No,Yes,43,Yes,No,Fiber optic,No,Yes,No,No internet service,No internet service,No internet service,Two year,No,Mailed check,113.98,4898.86,1
CUST-11134,Female,0,No,No,67,Yes,No,DSL,No,No,No internet service,Yes,No,No,Month-to-month,Yes,Mailed check,60.07,4068.44,0
CUST-11135,Male,0,Yes,No,50,Yes,Yes,DSL,No internet service,No,No,Yes,No internet service,No internet service,Month-to-month,Yes,Bank transfer (automatic),94.55,4683.94,0
CUST-11136,Female,0,No,No,19,Yes,Yes,Fiber optic,No internet service,Yes,Yes,Yes,No internet service,No,Month-to-month,Yes,Credit card (automatic),93.15,1742.2,1
CUST-11137,Male,1,No,Yes,47,Yes,No phone service,No,No,No,Yes,No,No,No,Month-to-month,No,Mailed check,23.7,1132.04,0
CUST-11138,Female,0,Yes,Yes,18,Yes,Yes,DSL,No,No,No,No,No,Yes,One year,Yes,Bank transfer (automatic),73.13,1242.84,0
CUST-11139,Female,0,Yes,No,63,Yes,No,DSL,No,No internet service,Yes,No,No,No,Month-to-month,No,Credit card (automatic),74.13,4743.73,1
CUST-11140,Female,0,Yes,No,61,Yes,Yes,DSL,No,No,No internet service,No,No,No,Month-to-month,Yes,Bank transfer (automatic),25.98,1628.18,0
CUST-11141,Male,0,No,No,41,Yes,Yes,DSL,No internet service,No,Yes,No,Yes,Yes,Month-to-month,No,Bank transfer (automatic),55.38,2281.18,1
CUST-11142,Female,0,Yes,Yes,9,Yes,Yes,No,No,No,No,No internet service,Yes,No internet service,Two year,Yes,Credit card (automatic),59.74,486.76,0
CUST-11143,Female,0,Yes,No,29,Yes,Yes,Fiber optic,Yes,No internet service,No,No internet service,Yes,Yes,One year,Yes,Mailed check,92.92,2687.98,0
CUST-11144,Male,0,No,No,8,Yes,No,Fiber optic,Yes,No internet service,No,Yes,No internet service,No,One year,Yes,Electronic check,111.02,924.04,1
CUST-11145,Male,0,No,Yes,55,Yes,Yes,Fiber optic,No internet service,Yes,No internet service,No internet service,Yes,No internet service,Two year,Yes,Mailed check,115.73,6333.84,0
CUST-11146,Female,0,Yes,Yes,49,Yes,No,No,Yes,No,Yes,No,Yes,Yes,Two year,No,Electronic check,32.14,1493.03,0
CUST-11147,Female,0,Yes,Yes,18,Yes,Yes,Fiber optic,No,No internet service,No internet service,No internet service,No,No internet service,One year,Yes,Credit card (automatic),75.24,1377.88,0
CUST-11148,Female,0,Yes,Yes,62,No,No,No,No,No,No,No,Yes,No,Month-to-month,Yes,Credit card (automatic),18.5,1163.08,0
CUST-11149,Female,0,No,Yes,55,Yes,No,Fiber optic,No internet service,No,No,Yes,No internet service,No,Month-to-month,No,Bank transfer (automatic),100.2,5486.73,1
CUST-11150,Male,0,Yes,Yes,68,Yes,Yes,No,No internet service,No,No internet service,No,No,Yes,Two year,Yes,Mailed check,39.06,2773.29,0
CUST-11151,Female,0,No,Yes,20,Yes,Yes,Fiber optic,Yes,No,No internet service,No,No,No,Month-to-month,No,Bank transfer (automatic),113.33,2225.78,0
CUST-11152,Male,0,Yes,No,12,Yes,Yes,No,No,No,Yes,No internet service,No internet service,No,Month-to-month,No,Bank transfer (automatic),70.74,918.65,0
CUST-11153,Female,0,Yes,No,35,Yes,Yes,DSL,No internet service,No,Yes,No,No internet service,No internet service,Two year,Yes,Electronic check,84.83,3002.98,0
CUST-11154,Male,0,Yes,No,19,Yes,Yes,Fiber optic,Yes,Yes,No internet service,No,No internet service,No,One year,Yes,Electronic check,81.19,1561.09,0
CUST-11155,Female,0,Yes,No,53,Yes,Yes,Fiber optic,No,No,No,No,No internet service,Yes,One year,No,Credit card (automatic),111.85,6044.56,0
CUST-11156,Male,1,No,Yes,31,Yes,Yes,Fiber optic,No,No,No,No,Yes,No,One year,Yes,Credit card (automatic),89.95,2846.78,1
CUST-11157,Female,0,No,No,45,Yes,No,Fiber optic,No,No internet service,Yes,No,No,No internet service,Month-to-month,Yes,Bank transfer (automatic),94.8,4233.12,1
CUST-11158,Male,0,Yes,No,12,Yes,No,DSL,No,Yes,No,No,No,No,Two year,No,Electronic check,36.3,407.59,0
CUST-11159,Male,0,No,No,6,Yes,Yes,No,Yes,No,Yes,No internet service,Yes,No,Month-to-month,No,Credit card (automatic),57.58,307.7,1
CUST-11160,Female,0,Yes,Yes,68,No,No,Fiber optic,No,Yes,Yes,No,No,No,Month-to-month,No,Credit card (automatic),90.86,6194.68,0
CUST-11161,Male,0,No,Yes,32,Yes,Yes,DSL,Yes,No,No,No,No internet service,Yes,Month-to-month,No,Bank transfer (automatic),72.69,2291.29,0
CUST-11162,Female,1,Yes,No,10,Yes,No phone service,Fiber optic,No,No internet service,Yes,No internet service,Yes,No internet service,Two year,Yes,Bank transfer (automatic),78.26,677.83,1
CUST-11163,Female,0,No,Yes,59,Yes,Yes,Fiber optic,No,No internet service,No,No,No internet service,No,Month-to-month,No,Electronic check,59.11,3463.75,0
CUST-11164,Female,0,Yes,Yes,9,Yes,Yes,DSL,Yes,No,No,No,No,Yes,Month-to-month,Yes,Bank transfer (automatic),73.8,711.04,1
CUST-11165,Male,0,No,Yes,72,Yes,No,DSL,No,Yes,No,No,Yes,Yes,Two year,Yes,Credit card (automatic),31.64,2347.06,0
CUST-11166,Male,0,No,No,28,Yes,Yes,Fiber optic,Yes,No internet service,Yes,No,No,No,Month-to-month,Yes,Bank transfer (automatic),85.32,2431.75,1
CUST-11167,Male,0,No,No,34,Yes,Yes,No,Yes,Yes,Yes,No,No,No,One year,Yes,Credit card (automatic),38.64,1308.44,0
CUST-11168,Female,0,No,Yes,18,Yes,No,DSL,No,Yes,No,No internet service,No,Yes,Month-to-month,Yes,Electronic check,101.19,1875.18,1
CUST-11169,Female,0,Yes,No,6,Yes,No,DSL,No,Yes,No,No,Yes,No internet service,Month-to-month,No,Electronic check,112.39,773.02,1
CUST-11170,Female,1,No,No,29,Yes,No,Fiber optic,No,No,Yes,No,Yes,No,Month-to-month,No,Credit card (automatic),59.51,1753.19,1
CUST-11171,Female,0,Yes,Yes,26,Yes,Yes,DSL,Yes,No internet service,No,Yes,No,No internet service,Month-to-month,Yes,Credit card (automatic),90.63,2359.59,1
CUST-11172,Male,1,No,No,32,Yes,Yes,No,No,No internet service,No,Yes,Yes,Yes,Two year,Yes,Electronic check,36.61,1259.74,0
CUST-11173,Male,0,Yes,Yes,35,No,Yes,No,Yes,No,Yes,No,Yes,No,Two year,No,Credit card (automatic),40.42,1384.13,0
CUST-11174,Male,0,Yes,No,46,Yes,No,No,Yes,No,No,No internet service,No internet service,No internet service,Month-to-month,Yes,Electronic check,40.07,1882.71,0
CUST-11175,Male,0,No,No,5,Yes,Yes,Fiber optic,Yes,No internet service,No,No internet service,No,No,One year,Yes,Mailed check,115.92,426.59,1
CUST-11176,Male,0,Yes,No,26,Yes,No,DSL,Yes,No,No,No internet service,No internet service,No,Two year,Yes,Electronic check,72.62,1870.49,0
CUST-11177,Male,1,No,No,63,Yes,No phone service,Fiber optic,No,No,No internet service,No internet service,No,No,Month-to-month,Yes,Credit card (automatic),98.37,6086.72,1
CUST-11178,Male,0,Yes,Yes,69,Yes,No phone service,DSL,No internet service,No internet service,Yes,No,Yes,Yes,Two year,Yes,Credit card (automatic),41.5,2903.05,0
CUST-11179,Male,1,No,No,39,Yes,Yes,DSL,Yes,No internet service,No,Yes,No internet service,No internet service,Month-to-month,Yes,Electronic check,52.01,1989.95,0
CUST-11180,Female,0,No,No,26,Yes,No,Fiber optic,No,No,Yes,No,No,No,Month-to-month,No,Credit card (automatic),78.83,2083.99,1
CUST-11181,Female,0,No,No,30,Yes,No,Fiber optic,Yes,No,No internet service,No internet service,No,Yes,Two year,No,Electronic check,89.96,2671.11,0
CUST-11182,Female,0,Yes,No,57,Yes,No,DSL,No,No internet service,Yes,No,Yes,No,Month-to-month,Yes,Credit card (automatic),88.37,5013.53,0
CUST-11183,Male,0,Yes,Yes,28,Yes,No phone service,DSL,No,No,No internet service,No internet service,Yes,Yes,Month-to-month,Yes,Credit card (automatic),63.22,1737.93,1
CUST-11184,Male,1,Yes,Yes,68,Yes,No,DSL,Yes,Yes,No,No internet service,Yes,No internet service,Month-to-month,Yes,Credit card (automatic),102.96,7030.84,1
CUST-11185,Male,0,Yes,Yes,2,Yes,No,Fiber optic,No,No internet service,No internet service,Yes,Yes,Yes,Month-to-month,No,Electronic check,84.44,187.31,0
CUST-11186,Male,0,No,No,44,Yes,Yes,DSL,Yes,No,No,No,No internet service,No internet service,Month-to-month,Yes,Electronic check,61.12,2645.97,1
CUST-11187,Female,0,Yes,No,37,Yes,No,Fiber optic,No internet service,No,Yes,No,No internet service,No,One year,No,Mailed check,107.17,3962.4,1
CUST-11188,Female,0,Yes,No,32,No,No,Fiber optic,No,No,No,No,Yes,No,Month-to-month,No,Mailed check,104.1,3298.26,1
CUST-11189,Male,0,Yes,Yes,34,Yes,No,Fiber optic,No,Yes,Yes,Yes,Yes,No internet service,Two year,Yes,Mailed check,53.99,1813.32,0
CUST-11190,Male,0,No,Yes,11,Yes,No,No,Yes,Yes,Yes,No,No,No internet service,Two year,No,Bank transfer (automatic),81.65,875.62,0
CUST-11191,Male,0,Yes,Yes,25,Yes,Yes,No,No,Yes,Yes,No,Yes,No internet service,Two year,Yes,Electronic check,39.03,949.13,0
CUST-11192,Male,0,Yes,No,25,Yes,No,DSL,No,No,No,No,No,No,One year,Yes,Bank transfer (automatic),70.56,1800.01,1
CUST-11193,Female,0,Yes,No,48,Yes,No phone service,DSL,No,No,Yes,No internet service,Yes,No,One year,No,Electronic check,57.29,2785.56,0
CUST-11194,Female,0,Yes,No,43,Yes,Yes,No,No,No,No,No,No,Yes,Two year,No,Electronic check,41.27,1697.48,0
CUST-11195,Female,0,No,No,30,Yes,No,No,No,No,No,No,No internet service,No,Month-to-month,No,Bank transfer (automatic),18.25,537.36,1
CUST-11196,Female,0,Yes,No,37,Yes,No,DSL,No,Yes,Yes,Yes,No,No,One year,Yes,Bank transfer (automatic),80.74,3119.29,0
CUST-11197,Female,1,No,Yes,41,Yes,No,No,No,No,Yes,Yes,No internet service,Yes,One year,Yes,Electronic check,37.12,1588.14,0
CUST-11198,Female,0,No,Yes,3,Yes,Yes,No,No,No internet service,No,No,No,No,One year,No,Electronic check,43.55,241.35,1
CUST-11199,Female,0,No,Yes,64,Yes,No,No,No internet service,No,Yes,No,No,No,Month-to-month,Yes,Bank transfer (automatic),69.47,4397.91,0
CUST-11200,Female,0,No,Yes,65,Yes,No,DSL,No,Yes,Yes,No,No,No,Month-to-month,No,Bank transfer (automatic),83.81,5431.25,0
CUST-11201,Male,0,No,No,26,Yes,Yes,Fiber optic,Yes,Yes,Yes,No internet service,No,No,Two year,No,Electronic check,89.61,2289.19,1
CUST-11202,Female,0,Yes,No,55,Yes,No phone service,Fiber optic,Yes,No,Yes,No,No internet service,No internet service,Month-to-month,Yes,Mailed check,118.75,6534.47,1
CUST-11203,Female,0,No,No,29,Yes,No,Fiber optic,No,No,No,No,Yes,No,Two year,No,Electronic check,66.26,1936.72,1
CUST-11204,Female,0,No,No,4,Yes,Yes,DSL,No,No internet service,Yes,No,No,No,One year,Yes,Mailed check,76.0,331.66,1
CUST-11205,Female,0,No,No,63,Yes,Yes,DSL,No internet service,No internet service,No internet service,No,No,No,Month-to-month,No,Bank transfer (automatic),100.07,6283.86,0
CUST-11206,Female,0,No,No,19,Yes,Yes,No,No,No,No,No,No,Yes,One year,No,Credit card (automatic),80.16,1492.02,0
CUST-11207,Female,0,Yes,No,26,Yes,Yes,Fiber optic,Yes,No,No internet service,Yes,No,No,Two year,Yes,Electronic check,60.06,1518.95,1
CUST-11208,Male,0,Yes,No,42,No,Yes,Fiber optic,Yes,Yes,No,No,Yes,Yes,Month-to-month,Yes,Bank transfer (automatic),74.98,3143.0,1
CUST-11209,Female,0,Yes,Yes,32,Yes,Yes,DSL,No,No,Yes,Yes,Yes,No,One year,No,Electronic check,97.43,3150.22,1
CUST-11210,Female,0,Yes,No,19,Yes,No phone service,No,No,Yes,Yes,No,Yes,No internet service,Two year,No,Bank transfer (automatic),40.34,805.72,0
CUST-11211,Female,0,Yes,No,58,No,No,No,No internet service,Yes,Yes,No internet service,No,Yes,Month-to-month,Yes,Credit card (automatic),50.83,3014.07,0
CUST-11212,Male,0,Yes,Yes,25,Yes,No,Fiber optic,No,Yes,No,Yes,No,No,Two year,Yes,Credit card (automatic),79.99,2019.57,0
CUST-11213,Female,0,No,Yes,43,Yes,No,DSL,No internet service,Yes,No,No,No internet service,No internet service,Month-to-month,Yes,Electronic check,74.45,3242.68,1
CUST-11214,Male,0,No,No,48,Yes,No,DSL,No,Yes,Yes,No,Yes,No,One year,No,Electronic check,18.25,806.67,1
CUST-11215,Male,0,No,No,68,Yes,No,Fiber optic,No,No internet service,No,No,No,No,Month-to-month,Yes,Mailed check,82.06,5633.26,1
CUST-11216,Female,0,No,No,34,Yes,Yes,No,No,No,Yes,No,No,No,Month-to-month,Yes,Electronic check,48.55,1709.36,1
CUST-11217,Female,0,Yes,No,34,Yes,No,No,No,No,No,No,No internet service,No,Month-to-month,Yes,Mailed check,40.8,1478.1,0
CUST-11218,Female,1,Yes,No,66,Yes,No,DSL,No,Yes,Yes,No internet service,No,No,Two year,No,Electronic check,77.15,5199.44,1
CUST-11219,Male,0,No,No,34,Yes,No phone service,DSL,No internet service,No,Yes,No internet service,No internet service,No internet service,Two year,Yes,Bank transfer (automatic),48.38,1589.52,0
CUST-11220,Female,0,No,Yes,21,Yes,No,Fiber optic,Yes,No internet service,No,Yes,No,Yes,Two year,Yes,Bank transfer (automatic),95.4,2051.78,0
CUST-11221,Female,0,No,No,3,Yes,No,Fiber optic,No internet service,No,No internet service,No internet service,No,No internet service,Two year,Yes,Mailed check,118.75,340.8,1
CUST-11222,Female,0,No,No,23,Yes,No,Fiber optic,No,No internet service,No,Yes,No internet service,No,One year,Yes,Bank transfer (automatic),115.83,2642.68,1
CUST-11223,Female,0,No,No,14,Yes,Yes,Fiber optic,No,No internet service,No,Yes,Yes,No,Month-to-month,No,Mailed check,104.07,1441.29,1
CUST-11224,Male,0,No,No,22,Yes,Yes,No,Yes,No internet service,No,No,No internet service,No internet service,Two year,Yes,Bank transfer (automatic),55.24,1193.53,1
CUST-11225,Female,1,No,No,39,No,No,DSL,Yes,No,No,No internet service,No,Yes,Month-to-month,Yes,Mailed check,60.74,2364.03,1
CUST-11226,Male,0,No,No,38,Yes,Yes,Fiber optic,No,Yes,Yes,Yes,No internet service,No internet service,Two year,No,Electronic check,80.09,3024.63,0
CUST-11227,Female,0,Yes,No,13,Yes,Yes,Fiber optic,Yes,Yes,No,No,Yes,No,One year,No,Electronic check,107.28,1420.87,1
CUST-11228,Male,0,Yes,Yes,33,Yes,Yes,No,Yes,No,Yes,Yes,Yes,No,One year,Yes,Electronic check,47.1,1591.75,1
CUST-11229,Male,0,Yes,No,33,Yes,No,No,Yes,No internet service,No,No,Yes,No,One year,Yes,Mailed check,92.26,3106.78,1
CUST-11230,Female,1,No,Yes,3,No,No,No,No,No,Yes,No,Yes,No internet service,Month-to-month,Yes,Electronic check,18.25,84.52,1
CUST-11231,Female,0,No,No,20,Yes,No,Fiber optic,No internet service,Yes,No internet service,No,Yes,No internet service,One year,Yes,Credit card (automatic),85.81,1714.86,0
CUST-11232,Female,0,Yes,Yes,52,Yes,No,DSL,No,Yes,Yes,Yes,Yes,No,Month-to-month,Yes,Electronic check,63.77,3354.01,1
CUST-11233,Female,0,Yes,No,1,Yes,No phone service,Fiber optic,No,No,Yes,Yes,Yes,No internet service,Two year,Yes,Mailed check,105.5,159.36,1
CUST-11234,Female,0,No,No,21,Yes,No,No,No internet service,No internet service,No,No,Yes,No,Month-to-month,Yes,Bank transfer (automatic),69.78,1498.35,0
CUST-11235,Male,0,Yes,Yes,34,Yes,No,DSL,No,Yes,No,Yes,No,No,Two year,No,Electronic check,49.25,1704.49,0
CUST-11236,Male,0,No,No,12,Yes,No,DSL,No internet service,Yes,No internet service,Yes,No,No,Two year,Yes,Mailed check,48.16,717.98,0
CUST-11237,Male,1,Yes,No,47,Yes,Yes,DSL,No internet service,No,Yes,No,Yes,Yes,One year,No,Bank transfer (automatic),59.53,2771.25,1
CUST-11238,Male,0,Yes,Yes,52,Yes,No,Fiber optic,No,Yes,Yes,No,No,Yes,One year,No,Credit card (automatic),100.98,5299.92,1
CUST-11239,Male,0,Yes,No,24,No,No,Fiber optic,No,Yes,No,No internet service,No,No,Month-to-month,Yes,Mailed check,98.73,2380.78,1
CUST-11240,Female,0,Yes,No,16,Yes,No phone service,DSL,No internet service,Yes,Yes,Yes,Yes,Yes,Two year,Yes,Bank transfer (automatic),42.38,598.17,0
CUST-11241,Female,0,Yes,No,56,Yes,Yes,DSL,No,No,Yes,No,Yes,No internet service,Month-to-month,Yes,Credit card (automatic),80.88,4446.48,0
CUST-11242,Female,0,Yes,No,15,Yes,Yes,Fiber optic,No,Yes,Yes,No internet service,No,No,One year,No,Mailed check,93.17,1306.45,1
CUST-11243,Male,0,Yes,Yes,10,Yes,Yes,Fiber optic,Yes,Yes,Yes,No,No internet service,Yes,Month-to-month,No,Mailed check,88.82,893.01,1
CUST-11244,Female,0,Yes,Yes,2,Yes,Yes,DSL,Yes,No,No,No,Yes,No,Two year,Yes,Credit card (automatic),86.77,96.11,0
CUST-11245,Female,0,No,No,6,Yes,No phone service,Fiber optic,Yes,No,No,Yes,No,No,Two year,Yes,Bank transfer (automatic),94.55,565.53,1
CUST-11246,Female,1,Yes,No,63,Yes,No,DSL,No internet service,No,Yes,No,Yes,No,Two year,No,Electronic check,76.62,4837.65,0
CUST-11247,Male,0,Yes,Yes,68,No,Yes,DSL,Yes,No,Yes,No internet service,No internet service,No internet service,Month-to-month,Yes,Credit card (automatic),98.33,6665.02,0
CUST-11248,Male,0,Yes,No,39,Yes,No,DSL,No,No,Yes,No,No,No,One year,No,Mailed check,105.57,4107.45,0
CUST-11249,Female,0,No,No,67,No,No,DSL,No,No internet service,No internet service,No internet service,No,No,Month-to-month,Yes,Bank transfer (automatic),66.8,4524.58,1
CUST-11250,Male,0,No,Yes,51,No,Yes,DSL,No,Yes,No,No,No,No,Month-to-month,Yes,Mailed check,73.73,3718.9,1
CUST-11251,Male,0,No,No,29,Yes,Yes,DSL,No internet service,Yes,No internet service,No,No internet service,No,Month-to-month,Yes,Mailed check,88.44,2570.87,1
CUST-11252,Male,0,No,No,52,Yes,Yes,DSL,No internet service,No,No internet service,No,No,No,Month-to-month,Yes,Mailed check,71.23,3594.79,0
CUST-11253,Female,0,Yes,Yes,30,Yes,No,Fiber optic,No,Yes,No,No internet service,No,No,Month-to-month,Yes,Electronic check,103.92,3133.35,1
CUST-11254,Female,1,No,Yes,70,Yes,No,No,No,Yes,No internet service,No,No,No,Month-to-month,No,Mailed check,52.59,3749.33,0
CUST-11255,Male,0,Yes,Yes,62,Yes,Yes,DSL,No internet service,Yes,Yes,No,Yes,No,One year,No,Electronic check,90.53,5655.28,0
CUST-11256,Male,0,No,No,61,Yes,No,Fiber optic,No,No internet service,Yes,No,No internet service,Yes,One year,Yes,Bank transfer (automatic),103.42,6299.27,1
CUST-11257,Female,0,Yes,Yes,38,Yes,No,DSL,No,No internet service,No,No internet service,No,No,Month-to-month,Yes,Credit card (automatic),73.32,2768.36,0
CUST-11258,Female,1,Yes,No,37,Yes,Yes,No,Yes,Yes,Yes,No,No,Yes,Two year,Yes,Bank transfer (automatic),67.93,2600.63,0
CUST-11259,Female,0,No,No,8,Yes,No,DSL,Yes,Yes,No,Yes,No internet service,No,Month-to-month,Yes,Credit card (automatic),89.24,748.63,1
CUST-11260,Male,1,No,Yes,47,Yes,Yes,DSL,No internet service,Yes,No internet service,No,No,No,One year,Yes,Mailed check,118.75,5587.55,0
CUST-11261,Female,1,No,No,8,Yes,Yes,Fiber optic,No,Yes,No internet service,No,Yes,Yes,Two year,No,Electronic check,53.27,461.88,1
CUST-11262,Male,0,Yes,No,39,Yes,No,DSL,No,Yes,No,No,No,Yes,One year,No,Electronic check,88.32,3419.42,1
CUST-11263,Female,0,Yes,Yes,9,No,Yes,DSL,Yes,Yes,No,No internet service,No internet service,Yes,Month-to-month,No,Mailed check,95.86,858.2,0
CUST-11264,Male,0,Yes,No,34,Yes,No,DSL,No,No,No,No,No internet service,No internet service,Two year,Yes,Mailed check,118.75,4003.62,1
CUST-11265,Male,0,Yes,Yes,56,Yes,No,Fiber optic,No internet service,No internet service,No,No,No,No,One year,No,Mailed check,79.7,4510.49,0
CUST-11266,Male,0,Yes,No,22,No,Yes,DSL,No internet service,Yes,No,No internet service,No internet service,Yes,Month-to-month,Yes,Credit card (automatic),77.22,1654.35,1
CUST-11267,Male,0,Yes,Yes,43,Yes,No phone service,DSL,No,Yes,No,No,No,No,One year,Yes,Electronic check,65.79,2806.17,0
CUST-11268,Female,0,No,No,18,Yes,Yes,No,No,No,No,No,No,No,Month-to-month,Yes,Electronic check,85.55,1562.73,1
CUST-11269,Male,0,Yes,No,21,Yes,No,DSL,Yes,Yes,No,No,No,No internet service,Month-to-month,No,Credit card (automatic),59.61,1125.31,0
CUST-11270,Male,1,No,No,13,No,No,DSL,Yes,Yes,Yes,No,Yes,No internet service,Month-to-month,Yes,Bank transfer (automatic),65.2,809.6,0
CUST-11271,Male,0,No,No,11,Yes,No,Fiber optic,Yes,Yes,No,No,Yes,No,Month-to-month,No,Mailed check,60.9,625.35,1
CUST-11272,Female,0,No,Yes,27,Yes,No phone service,DSL,No,No,No,No,No,No,Month-to-month,No,Electronic check,19.1,525.72,1
CUST-11273,Female,1,Yes,No,9,Yes,Yes,No,No internet service,Yes,Yes,Yes,Yes,No internet service,Month-to-month,No,Mailed check,50.14,460.48,1
CUST-11274,Female,0,Yes,Yes,65,Yes,Yes,DSL,No internet service,Yes,No internet service,Yes,No,Yes,One year,Yes,Credit card (automatic),72.96,4841.72,0
CUST-11275,Female,0,Yes,Yes,54,Yes,No,DSL,No,No,No,Yes,No internet service,No internet service,Month-to-month,Yes,Credit card (automatic),70.38,3754.59,1
CUST-11276,Female,0,No,Yes,16,Yes,No,No,No,No,No,No internet service,No internet service,No internet service,One year,Yes,Electronic check,62.21,919.8,0
CUST-11277,Female,1,Yes,No,64,Yes,No,No,No,No internet service,Yes,Yes,Yes,No internet service,One year,No,Credit card (automatic),65.38,4244.77,1
CUST-11278,Male,0,Yes,No,26,No,No,Fiber optic,No,No,Yes,No,No internet service,No internet service,Two year,Yes,Electronic check,76.27,1950.69,0
CUST-11279,Female,0,No,Yes,38,Yes,Yes,DSL,No internet service,Yes,No internet service,No internet service,No,Yes,Month-to-month,Yes,Bank transfer (automatic),76.25,2904.14,0
CUST-11280,Female,0,No,No,51,Yes,No,Fiber optic,No internet service,Yes,No,Yes,Yes,No,One year,Yes,Credit card (automatic),87.67,4445.51,0
CUST-11281,Female,0,No,No,56,No,No,No,No internet service,No internet service,Yes,No internet service,No,Yes,One year,Yes,Electronic check,50.07,2834.38,0
CUST-11282,Male,0,Yes,No,0,Yes,No,Fiber optic,No,Yes,No,No,Yes,Yes,One year,No,Bank transfer (automatic),118.75,17.18,1
CUST-11283,Female,0,No,No,20,Yes,Yes,No,No,Yes,No,Yes,No,No internet service,Month-to-month,No,Credit card (automatic),58.25,1146.25,1
CUST-11284,Male,1,Yes,No,24,Yes,No phone service,Fiber optic,No internet service,Yes,No internet service,No internet service,No,No internet service,Two year,Yes,Bank transfer (automatic),110.72,2658.37,0
CUST-11285,Male,0,Yes,No,42,Yes,No,No,No,No internet service,Yes,No internet service,No,No,One year,Yes,Bank transfer (automatic),45.88,1902.57,0
CUST-11286,Female,1,No,No,63,Yes,Yes,DSL,Yes,No internet service,No,Yes,No internet service,No,One year,No,Electronic check,52.26,3294.8,0
CUST-11287,Male,0,No,No,31,Yes,Yes,No,No,No,Yes,No internet service,No internet service,Yes,Month-to-month,Yes,Electronic check,71.44,2191.89,0
CUST-11288,Male,1,No,Yes,33,Yes,No,No,Yes,Yes,Yes,No,No,No,Two year,Yes,Electronic check,64.62,2205.38,1
CUST-11289,Female,0,Yes,No,6,Yes,No phone service,No,Yes,Yes,No,No internet service,No,Yes,One year,Yes,Electronic check,40.5,229.07,1
CUST-11290,Male,0,Yes,No,38,Yes,No,No,No,Yes,Yes,No,No,No,Two year,No,Electronic check,46.37,1739.02,0
CUST-11291,Female,0,No,Yes,35,No,No,No,No,Yes,Yes,No internet service,No,Yes,Month-to-month,Yes,Credit card (automatic),60.94,2042.89,1
CUST-11292,Male,0,No,Yes,46,Yes,Yes,Fiber optic,Yes,No internet service,No,No internet service,No,Yes,Month-to-month,Yes,Electronic check,97.24,4418.75,0
CUST-11293,Male,0,Yes,No,61,Yes,Yes,Fiber optic,No,No,No,No internet service,Yes,Yes,One year,No,Credit card (automatic),87.47,5365.64,0
CUST-11294,Female,0,Yes,No,41,Yes,No,No,No,Yes,No internet service,Yes,No,Yes,Two year,No,Credit card (automatic),28.12,1144.55,0
CUST-11295,Female,0,No,No,3,Yes,Yes,Fiber optic,No internet service,No internet service,No,No,No,No,Two year,Yes,Mailed check,118.75,339.64,1
CUST-11296,Male,0,No,Yes,59,Yes,Yes,Fiber optic,Yes,Yes,Yes,No internet service,No internet service,Yes,One year,Yes,Electronic check,89.84,5337.4,0
CUST-11297,Female,0,Yes,No,34,Yes,No,Fiber optic,Yes,No,Yes,No internet service,Yes,Yes,One year,Yes,Credit card (automatic),112.99,3907.12,1
CUST-11298,Female,0,No,Yes,35,Yes,Yes,No,No,Yes,No,No,No,Yes,Month-to-month,No,Credit card (automatic),18.25,596.29,0
CUST-11299,Male,0,No,No,63,Yes,Yes,DSL,No,No,Yes,No,No internet service,No internet service,Month-to-month,No,Electronic check,50.3,3157.35,1
CUST-11300,Female,0,Yes,Yes,43,Yes,Yes,Fiber optic,Yes,Yes,Yes,No internet service,No,Yes,Month-to-month,No,Electronic check,112.06,4714.09,1
CUST-11301,Male,0,No,No,57,Yes,Yes,Fiber optic,No,Yes,No internet service,Yes,Yes,Yes,Two year,Yes,Bank transfer (automatic),86.28,4965.82,0
CUST-11302,Female,1,No,No,64,Yes,Yes,No,No,No internet service,No,No,No internet service,Yes,Month-to-month,No,Electronic check,71.08,4691.46,1
CUST-11303,Female,0,No,No,36,Yes,Yes,DSL,No,No internet service,Yes,No,Yes,No internet service,Month-to-month,Yes,Mailed check,63.19,2257.14,1
CUST-11304,Female,0,No,No,71,Yes,No phone service,Fiber optic,No,No,Yes,No internet service,No,No,Two year,Yes,Electronic check,87.35,6183.19,0
CUST-11305,Female,0,No,No,12,Yes,No,DSL,Yes,No internet service,No internet service,No,No,Yes,Month-to-month,Yes,Credit card (automatic),59.8,713.45,0
CUST-11306,Male,0,No,No,63,Yes,No,Fiber optic,Yes,Yes,No,No,No internet service,No,Month-to-month,No,Electronic check,109.56,6914.46,1
CUST-11307,Male,0,Yes,No,61,Yes,Yes,Fiber optic,No,No,Yes,No internet service,No,No internet service,One year,No,Bank transfer (automatic),83.36,5098.87,0
CUST-11308,Male,1,No,No,7,Yes,Yes,Fiber optic,Yes,Yes,No,No,No internet service,No,Month-to-month,No,Bank transfer (automatic),106.62,760.3,1
CUST-11309,Female,0,Yes,No,11,No,No,Fiber optic,Yes,Yes,No internet service,No,No,No,One year,Yes,Credit card (automatic),118.75,1236.7,1
CUST-11310,Female,0,Yes,No,2,No,No,Fiber optic,No,No,Yes,No internet service,Yes,Yes,Month-to-month,Yes,Electronic check,85.97,169.17,1
CUST-11311,Male,0,No,No,20,Yes,No,Fiber optic,No,No,No,Yes,Yes,No,Month-to-month,Yes,Mailed check,88.14,1794.85,1
CUST-11312,Female,0,No,No,72,Yes,Yes,No,No internet service,No,No internet service,No,Yes,Yes,Two year,No,Credit card (automatic),39.68,2797.27,0
CUST-11313,Female,0,No,No,9,Yes,No,Fiber optic,No,No,No,No internet service,No,Yes,Month-to-month,Yes,Mailed check,118.75,1000.71,1
CUST-11314,Female,0,No,Yes,2,Yes,No,DSL,No internet service,No,No internet service,No internet service,No,No internet service,One year,Yes,Credit card (automatic),72.85,117.87,1
CUST-11315,Male,0,No,No,33,Yes,Yes,Fiber optic,No,No,Yes,Yes,Yes,No,Two year,Yes,Electronic check,85.3,2823.44,1
CUST-11316,Female,1,Yes,No,25,Yes,No,Fiber optic,No,No internet service,No,No,No internet service,Yes,Month-to-month,Yes,Mailed check,67.75,1724.79,1
CUST-11317,Female,0,No,No,45,Yes,Yes,Fiber optic,No,Yes,No,No,Yes,No,Month-to-month,Yes,Credit card (automatic),78.89,3589.26,0
CUST-11318,Male,1,No,No,44,No,No,Fiber optic,Yes,No,No,No internet service,Yes,No internet service,One year,Yes,Mailed check,81.18,3528.72,0
CUST-11319,Male,0,Yes,No,60,Yes,Yes,No,Yes,No internet service,No,No,No,No,One year,Yes,Electronic check,71.91,4220.8,0
CUST-11320,Male,0,No,No,30,Yes,No,No,Yes,No,No,No,No,No,Month-to-month,Yes,Electronic check,44.02,1399.21,0
CUST-11321,Male,0,No,No,33,No,No,DSL,No,No internet service,No,No internet service,Yes,No,One year,No,Credit card (automatic),67.81,2299.68,1
CUST-11322,Female,0,Yes,Yes,1,Yes,Yes,Fiber optic,No,No,No,No,No internet service,No,Two year,Yes,Electronic check,105.3,82.98,0
CUST-11323,Female,0,No,No,70,Yes,No phone service,Fiber optic,Yes,No internet service,No,No,Yes,No internet service,Month-to-month,Yes,Electronic check,90.57,6378.28,1
CUST-11324,Female,0,Yes,Yes,15,Yes,Yes,No,No,No internet service,No internet service,No,Yes,Yes,Month-to-month,Yes,Mailed check,28.28,438.29,1
CUST-11325,Male,0,Yes,No,43,Yes,No,DSL,Yes,No,No internet service,No,No,No,One year,Yes,Credit card (automatic),106.04,4550.9,1
CUST-11326,Female,0,Yes,No,64,Yes,No,DSL,No internet service,Yes,No,Yes,No,No,Month-to-month,Yes,Bank transfer (automatic),63.96,4183.7,1
CUST-11327,Male,0,Yes,No,44,Yes,No phone service,Fiber optic,No internet service,No,No,No,No,Yes,Month-to-month,No,Mailed check,95.68,4177.34,1
CUST-11328,Female,1,Yes,Yes,45,Yes,No,Fiber optic,No,Yes,No internet service,No,Yes,Yes,Month-to-month,No,Credit card (automatic),98.97,4383.49,0
CUST-11329,Male,1,No,Yes,12,Yes,No,DSL,Yes,Yes,No,No,Yes,No internet service,Month-to-month,No,Electronic check,30.94,378.69,1
CUST-11330,Male,0,Yes,Yes,51,No,Yes,No,No internet service,No,No,No internet service,No,Yes,Month-to-month,Yes,Electronic check,43.47,2187.99,0
CUST-11331,Female,1,No,No,13,Yes,No,DSL,No internet service,No,No,No,No internet service,No,One year,Yes,Mailed check,63.21,830.6,1
CUST-11332,Male,0,No,No,50,No,No,DSL,No internet service,No internet service,Yes,No internet service,No,Yes,Two year,Yes,Bank transfer (automatic),51.25,2547.76,0
CUST-11333,Female,0,Yes,No,42,Yes,No,DSL,Yes,Yes,Yes,No,Yes,No,Two year,No,Credit card (automatic),72.58,3013.04,0
CUST-11334,Female,1,Yes,No,35,Yes,No,DSL,No,Yes,Yes,No,No internet service,Yes,Month-to-month,No,Bank transfer (automatic),77.31,2695.07,1
CUST-11335,Female,0,No,No,52,Yes,No,DSL,Yes,No,No,No,No internet service,No,One year,Yes,Bank transfer (automatic),85.77,4384.0,0
CUST-11336,Female,0,No,Yes,52,Yes,Yes,Fiber optic,No,No,No,No,Yes,No,One year,No,Bank transfer (automatic),92.21,4718.13,0
CUST-11337,Male,0,No,No,14,No,Yes,DSL,Yes,Yes,No internet service,Yes,Yes,No internet service,Month-to-month,No,Electronic check,74.03,1023.73,0
CUST-11338,Female,0,Yes,No,27,No,No,Fiber optic,No,Yes,No internet service,No,Yes,Yes,Month-to-month,No,Credit card (automatic),118.75,3225.85,0
CUST-11339,Male,0,No,Yes,35,Yes,No,Fiber optic,No,Yes,Yes,No,No,Yes,Month-to-month,No,Bank transfer (automatic),82.99,2820.68,0
CUST-11340,Female,0,No,No,11,Yes,No,Fiber optic,No internet service,No internet service,No,Yes,Yes,No,Month-to-month,No,Mailed check,56.41,643.23,1
CUST-11341,Male,0,No,No,26,Yes,No,No,Yes,Yes,No internet service,No internet service,No,No internet service,Two year,Yes,Bank transfer (automatic),33.72,852.53,1
CUST-11342,Male,0,Yes,No,3,Yes,Yes,No,No internet service,No,Yes,No,Yes,No,Month-to-month,No,Electronic check,72.49,237.02,1
CUST-11343,Female,0,No,Yes,32,Yes,Yes,Fiber optic,No,No internet service,Yes,No,No,Yes,One year,Yes,Bank transfer (automatic),85.96,2762.34,0
CUST-11344,Male,0,Yes,No,15,Yes,Yes,Fiber optic,No internet service,Yes,No internet service,No,Yes,Yes,Month-to-month,Yes,Electronic check,72.45,1135.53,1
CUST-11345,Female,1,No,Yes,16,Yes,Yes,Fiber optic,No,No internet service,Yes,No,No,Yes,Month-to-month,No,Mailed check,104.42,1663.34,1
CUST-11346,Female,0,No,No,59,Yes,No,Fiber optic,Yes,No,No,No internet service,No,Yes,One year,Yes,Credit card (automatic),118.75,6924.21,1
CUST-11347,Female,1,No,No,10,No,No,Fiber optic,No internet service,No,No,Yes,No internet service,Yes,Two year,Yes,Electronic check,86.29,964.71,1
CUST-11348,Female,0,Yes,No,8,Yes,No phone service,Fiber optic,No,No internet service,No,No internet service,Yes,No,Month-to-month,No,Mailed check,103.01,829.06,0
CUST-11349,Female,0,No,No,23,Yes,Yes,DSL,Yes,Yes,No internet service,Yes,No,No internet service,Month-to-month,Yes,Bank transfer (automatic),104.54,2412.09,1
CUST-11350,Male,0,Yes,Yes,1,Yes,No,Fiber optic,Yes,No internet service,No,Yes,No,No internet service,One year,Yes,Bank transfer (automatic),118.75,111.94,0
CUST-11351,Male,0,No,No,63,Yes,No,No,No internet service,Yes,No,Yes,No,Yes,Month-to-month,No,Electronic check,61.38,3936.84,0
CUST-11352,Male,0,No,Yes,72,Yes,Yes,Fiber optic,No internet service,No,Yes,No,No,Yes,One year,Yes,Electronic check,89.09,6353.59,0
CUST-11353,Female,0,No,No,58,Yes,No,Fiber optic,No,Yes,Yes,No internet service,Yes,No,One year,Yes,Electronic check,88.84,5083.8,0
CUST-11354,Male,1,Yes,No,58,Yes,No phone service,Fiber optic,Yes,No,No,Yes,Yes,No,One year,No,Credit card (automatic),46.55,2664.9,0
CUST-11355,Male,0,No,No,7,No,Yes,Fiber optic,No,Yes,No,No,No,No,Month-to-month,No,Credit card (automatic),64.56,471.57,1
CUST-11356,Male,1,No,No,40,Yes,No,DSL,Yes,Yes,Yes,No,No,No internet service,Month-to-month,Yes,Mailed check,85.16,3370.3,1
CUST-11357,Male,0,No,No,6,Yes,Yes,Fiber optic,No,Yes,No,Yes,No,No,One year,Yes,Credit card (automatic),118.75,674.3,1
CUST-11358,Male,0,No,No,21,Yes,Yes,DSL,No,Yes,No,No,Yes,Yes,Month-to-month,No,Electronic check,63.79,1283.89,1
CUST-11359,Male,0,No,No,35,Yes,Yes,Fiber optic,No,Yes,No internet service,No internet service,Yes,No,One year,Yes,Bank transfer (automatic),85.69,3041.82,0
CUST-11360,Male,0,No,Yes,49,Yes,Yes,DSL,No internet service,No,Yes,No,No,No,Month-to-month,Yes,Electronic check,83.5,4109.15,1
CUST-11361,Male,0,No,No,20,Yes,No,No,No internet service,No,No internet service,No,No,Yes,Month-to-month,Yes,Mailed check,81.54,1670.6,1
CUST-11362,Male,0,Yes,No,18,Yes,Yes,Fiber optic,Yes,No,No internet service,Yes,No,Yes,Month-to-month,No,Electronic check,73.55,1296.9,1
CUST-11363,Male,1,No,No,60,Yes,No,DSL,No,No,Yes,No,Yes,No internet service,Month-to-month,No,Electronic check,66.25,3971.6,0
CUST-11364,Female,0,Yes,No,16,Yes,No,No,No,Yes,No,Yes,No,No,Two year,Yes,Mailed check,50.68,848.45,0
CUST-11365,Male,0,Yes,Yes,35,Yes,No,Fiber optic,Yes,Yes,No,Yes,No,No,Month-to-month,No,Bank transfer (automatic),93.27,3224.04,1
CUST-11366,Male,0,No,No,20,No,Yes,Fiber optic,No,No,Yes,Yes,No,Yes,Two year,Yes,Mailed check,94.47,1939.49,0
CUST-11367,Male,0,Yes,No,62,Yes,Yes,DSL,Yes,No,No internet service,Yes,Yes,No internet service,One year,Yes,Credit card (automatic),83.22,5180.97,0
CUST-11368,Female,0,No,No,39,Yes,No,Fiber optic,Yes,No,No internet service,No internet service,Yes,No,Two year,Yes,Credit card (automatic),102.26,4052.5,0
CUST-11369,Female,0,No,Yes,7,No,Yes,Fiber optic,No internet service,Yes,No,No,Yes,Yes,Two year,No,Electronic check,97.43,728.91,1
CUST-11370,Female,0,Yes,No,10,Yes,Yes,Fiber optic,No,No,Yes,Yes,No,Yes,Two year,Yes,Electronic check,90.74,825.6,0
CUST-11371,Male,0,Yes,No,70,Yes,No,Fiber optic,No,No,Yes,No,Yes,Yes,Month-to-month,Yes,Credit card (automatic),63.24,4398.13,0
CUST-11372,Male,0,Yes,No,68,Yes,No,DSL,Yes,No,No,No,Yes,Yes,Two year,Yes,Mailed check,49.78,3268.15,0
CUST-11373,Male,0,Yes,No,55,Yes,Yes,No,No,No internet service,Yes,No,No internet service,No,Month-to-month,No,Credit card (automatic),35.94,1878.98,0
CUST-11374,Female,0,No,No,5,Yes,Yes,No,No,No,No,No,No internet service,Yes,Two year,Yes,Electronic check,73.53,318.29,1
CUST-11375,Female,0,No,No,53,Yes,No,DSL,No internet service,No,No,Yes,No internet service,No,Month-to-month,Yes,Credit card (automatic),104.3,5594.8,1
CUST-11376,Female,0,No,Yes,48,Yes,No phone service,Fiber optic,Yes,No,No,No,No,No,Month-to-month,Yes,Bank transfer (automatic),64.09,3075.45,1
CUST-11377,Female,0,Yes,No,68,No,No,DSL,No,No internet service,No,No,Yes,Yes,Two year,Yes,Mailed check,94.86,6472.86,0
CUST-11378,Female,1,No,Yes,35,Yes,No,No,No internet service,No internet service,Yes,No internet service,Yes,Yes,One year,Yes,Electronic check,19.51,657.51,0
CUST-11379,Female,0,Yes,No,34,Yes,No,DSL,Yes,Yes,No,No,No,No internet service,One year,No,Mailed check,88.32,2986.22,0
CUST-11380,Female,0,No,No,46,No,Yes,No,Yes,Yes,No internet service,No,Yes,Yes,Two year,No,Bank transfer (automatic),42.13,1971.25,0
CUST-11381,Male,0,No,No,10,Yes,No,No,No,No internet service,No,No,No internet service,Yes,Two year,Yes,Electronic check,18.25,173.64,0
CUST-11382,Male,0,Yes,No,54,Yes,Yes,DSL,No internet service,No,No,No,No internet service,No,Two year,Yes,Credit card (automatic),55.83,3003.57,0
CUST-11383,Female,0,No,Yes,36,Yes,No,Fiber optic,Yes,No,Yes,No,No,No internet service,One year,Yes,Credit card (automatic),79.26,2878.93,0
CUST-11384,Male,1,No,No,13,Yes,Yes,Fiber optic,Yes,No,No,No,Yes,No,Month-to-month,Yes,Bank transfer (automatic),99.91,1244.91,1
CUST-11385,Male,1,Yes,No,59,Yes,No,Fiber optic,No internet service,Yes,No internet service,No internet service,No,Yes,One year,Yes,Mailed check,90.19,5330.08,0
CUST-11386,Female,0,No,Yes,19,Yes,No,No,No,No internet service,No,No,No,No,Month-to-month,Yes,Credit card (automatic),48.67,936.13,1
CUST-11387,Male,0,No,No,62,Yes,No,Fiber optic,Yes,No,Yes,Yes,No,No,Month-to-month,Yes,Mailed check,85.4,5206.14,0
CUST-11388,Female,0,Yes,No,19,Yes,No,DSL,No,No internet service,Yes,No,No internet service,No,One year,Yes,Bank transfer (automatic),95.89,1766.34,1
CUST-11389,Female,0,Yes,No,35,Yes,No,Fiber optic,Yes,No,No internet service,Yes,Yes,No,One year,No,Mailed check,71.01,2452.27,0
CUST-11390,Male,0,No,No,31,Yes,No,Fiber optic,No,Yes,No,No,Yes,Yes,Month-to-month,Yes,Electronic check,101.58,3124.18,1
CUST-11391,Female,0,No,No,53,Yes,No,Fiber optic,Yes,No internet service,Yes,No internet service,Yes,No,Month-to-month,Yes,Credit card (automatic),118.75,6318.0,1
CUST-11392,Female,0,No,No,13,Yes,No,Fiber optic,No,No,No,Yes,Yes,Yes,Month-to-month,Yes,Electronic check,101.82,1277.35,1
CUST-11393,Female,0,No,No,18,Yes,No,Fiber optic,No,No,Yes,Yes,No,No,One year,No,Bank transfer (automatic),101.1,1772.7,0
CUST-11394,Male,0,No,Yes,14,Yes,No,DSL,Yes,Yes,No internet service,Yes,No internet service,Yes,Month-to-month,No,Electronic check,62.77,910.17,1
CUST-11395,Female,0,Yes,Yes,16,Yes,Yes,Fiber optic,No,No,No,No,Yes,No internet service,One year,Yes,Bank transfer (automatic),118.75,1947.43,1
CUST-11396,Female,0,Yes,No,33,Yes,No,DSL,No internet service,No,Yes,No,No,No,Month-to-month,Yes,Bank transfer (automatic),60.0,2029.18,0
CUST-11397,Female,0,Yes,No,42,Yes,Yes,Fiber optic,No,No,Yes,No,Yes,Yes,Two year,Yes,Mailed check,89.22,3690.65,0
CUST-11398,Male,0,No,No,63,Yes,No,No,No internet service,No internet service,Yes,No,No internet service,No,One year,No,Mailed check,18.25,1103.46,0
CUST-11399,Male,0,No,No,30,Yes,Yes,DSL,No internet service,No internet service,No,No internet service,No,No internet service,Two year,Yes,Mailed check,62.74,1796.37,0
CUST-11400,Female,0,No,No,29,Yes,No,DSL,Yes,Yes,No,No internet service,Yes,Yes,One year,Yes,Mailed check,90.91,2505.9,0
CUST-11401,Male,0,Yes,Yes,11,No,Yes,Fiber optic,No,No internet service,No,No,Yes,No,Month-to-month,Yes,Mailed check,88.05,905.83,1
CUST-11402,Male,0,No,No,7,Yes,No,DSL,No internet service,No internet service,Yes,No,No,No,Month-to-month,Yes,Electronic check,96.72,643.85,1
CUST-11403,Male,0,No,No,55,Yes,Yes,DSL,No,No internet service,No internet service,No,No,No,Month-to-month,Yes,Bank transfer (automatic),79.82,4399.8,0
CUST-11404,Male,0,Yes,No,46,Yes,No,Fiber optic,No,No internet service,No internet service,No,Yes,No,Month-to-month,Yes,Bank transfer (automatic),100.52,4665.27,1
CUST-11405,Male,0,Yes,Yes,38,Yes,Yes,Fiber optic,Yes,No,No,No,Yes,No,One year,Yes,Bank transfer (automatic),110.63,4198.24,0
CUST-11406,Male,1,No,No,32,Yes,No,DSL,No internet service,No internet service,No,No,Yes,No,Month-to-month,Yes,Bank transfer (automatic),43.99,1478.89,0
CUST-11407,Female,0,No,No,37,No,Yes,Fiber optic,Yes,No,Yes,Yes,No,Yes,Month-to-month,Yes,Mailed check,107.47,3930.89,1
CUST-11408,Male,1,No,No,61,Yes,No,DSL,No,Yes,No internet service,Yes,Yes,Yes,Two year,No,Mailed check,68.17,4225.93,0
CUST-11409,Male,0,Yes,No,13,No,Yes,No,No internet service,No internet service,Yes,No,No,No,Month-to-month,No,Bank transfer (automatic),40.93,489.91,1
CUST-11410,Male,0,No,Yes,36,Yes,No,Fiber optic,No,Yes,No internet service,Yes,Yes,No internet service,Two year,Yes,Electronic check,69.01,2508.32,0
CUST-11411,Female,0,Yes,No,17,No,Yes,DSL,No,No,No,No,No,Yes,Two year,No,Mailed check,84.58,1448.37,0
CUST-11412,Male,0,Yes,No,7,Yes,Yes,Fiber optic,No,No,Yes,Yes,No,Yes,Month-to-month,No,Mailed check,93.19,711.16,1
CUST-11413,Female,0,No,No,50,Yes,Yes,Fiber optic,No internet service,Yes,Yes,No internet service,No internet service,Yes,Month-to-month,No,Bank transfer (automatic),107.4,5443.69,0
CUST-11414,Female,0,Yes,No,51,Yes,No,No,No,No internet service,No internet service,No,No,Yes,One year,No,Bank transfer (automatic),19.63,950.3,0
CUST-11415,Female,0,No,No,62,Yes,Yes,Fiber optic,No,No,No,Yes,No internet service,No,Month-to-month,Yes,Electronic check,111.55,6800.56,1
CUST-11416,Female,0,Yes,No,1,Yes,No phone service,Fiber optic,Yes,No,No,No internet service,No internet service,No internet service,Month-to-month,No,Electronic check,100.66,90.0,1
CUST-11417,Male,0,Yes,No,12,Yes,Yes,Fiber optic,Yes,No,No internet service,Yes,No,Yes,Month-to-month,Yes,Electronic check,72.76,892.5,1
CUST-11418,Female,0,Yes,No,41,Yes,No,Fiber optic,Yes,No,No,No internet service,No,No internet service,Month-to-month,Yes,Bank transfer (automatic),110.52,4530.56,1
CUST-11419,Male,0,No,Yes,59,Yes,Yes,Fiber optic,No,Yes,No internet service,No internet service,Yes,No,Month-to-month,Yes,Bank transfer (automatic),98.2,5939.29,0
CUST-11420,Female,0,Yes,No,68,Yes,Yes,Fiber optic,No,No,No internet service,No,No internet service,No,Month-to-month,No,Electronic check,64.79,4433.02,1
CUST-11421,Female,0,Yes,No,57,Yes,No,No,Yes,Yes,No,No internet service,No internet service,Yes,Month-to-month,No,Bank transfer (automatic),53.72,3088.98,0
CUST-11422,Female,0,Yes,No,66,Yes,No,DSL,Yes,No internet service,Yes,No internet service,Yes,Yes,Two year,No,Bank transfer (automatic),24.72,1566.38,0
CUST-11423,Female,0,Yes,No,59,Yes,No,No,Yes,Yes,No internet service,No,Yes,Yes,Two year,Yes,Electronic check,63.85,3739.34,0
CUST-11424,Male,0,No,No,23,Yes,No,DSL,No internet service,No internet service,No,Yes,No,Yes,Two year,No,Electronic check,61.86,1446.41,1
CUST-11425,Female,0,No,Yes,42,Yes,Yes,DSL,Yes,Yes,No,Yes,Yes,No,Month-to-month,Yes,Electronic check,41.87,1774.3,1
CUST-11426,Female,0,Yes,No,46,Yes,No phone service,DSL,No,Yes,No,Yes,No internet service,Yes,Month-to-month,Yes,Bank transfer (automatic),27.82,1283.06,0
CUST-11427,Female,0,No,Yes,25,Yes,No,No,No internet service,No internet service,Yes,No,No internet service,No,Two year,No,Credit card (automatic),56.14,1466.38,0
CUST-11428,Male,0,Yes,Yes,64,Yes,No,No,No internet service,No,Yes,Yes,Yes,No internet service,Two year,Yes,Electronic check,47.39,2998.97,0
CUST-11429,Female,0,No,Yes,56,Yes,No,Fiber optic,No,Yes,No,No,No,Yes,Month-to-month,No,Credit card (automatic),83.4,4691.51,1
CUST-11430,Male,0,Yes,No,37,Yes,Yes,No,Yes,No,No,Yes,No internet service,No internet service,Month-to-month,Yes,Mailed check,55.0,2002.41,1
CUST-11431,Male,1,No,Yes,35,Yes,No,DSL,Yes,Yes,No,No internet service,No,Yes,One year,No,Credit card (automatic),75.23,2775.25,0
CUST-11432,Male,0,Yes,No,57,Yes,No phone service,DSL,Yes,Yes,No,Yes,Yes,No,One year,Yes,Credit card (automatic),89.77,5079.09,0
CUST-11433,Female,0,No,No,16,Yes,Yes,DSL,No,Yes,No internet service,No,No internet service,No,One year,Yes,Bank transfer (automatic),74.75,1300.21,1
CUST-11434,Male,0,Yes,Yes,15,Yes,No,Fiber optic,No,Yes,Yes,Yes,Yes,No,Two year,Yes,Electronic check,80.52,1195.69,1
CUST-11435,Male,0,No,No,29,No,No,Fiber optic,No,Yes,No,No,No,No,Month-to-month,Yes,Electronic check,80.87,2312.96,1
CUST-11436,Male,0,Yes,No,9,Yes,Yes,DSL,Yes,No,Yes,No,No internet service,No,Two year,No,Electronic check,79.3,712.0,0
CUST-11437,Female,0,No,No,33,Yes,Yes,DSL,No,No internet service,No internet service,No,No internet service,Yes,Month-to-month,No,Electronic check,84.24,2722.97,1
CUST-11438,Male,0,No,No,31,Yes,No,Fiber optic,No,No,Yes,Yes,No,No,One year,No,Bank transfer (automatic),78.13,2376.33,1
CUST-11439,Female,0,Yes,No,36,Yes,No phone service,DSL,No,No,No,No,Yes,Yes,One year,Yes,Bank transfer (automatic),65.38,2435.61,0
CUST-11440,Female,0,Yes,Yes,33,Yes,No,Fiber optic,Yes,Yes,No internet service,No,No,No internet service,One year,No,Mailed check,95.3,3168.0,0
CUST-11441,Female,0,Yes,No,65,Yes,No phone service,Fiber optic,No,No internet service,No,No internet service,Yes,No internet service,Month-to-month,Yes,Electronic check,96.5,6318.66,0
CUST-11442,Female,1,No,Yes,20,Yes,Yes,DSL,Yes,Yes,Yes,Yes,No,Yes,Month-to-month,Yes,Electronic check,56.29,1102.76,0
CUST-11443,Male,1,No,No,30,Yes,Yes,DSL,No,Yes,No internet service,Yes,No,No,Two year,No,Credit card (automatic),49.53,1520.86,0
CUST-11444,Male,0,No,Yes,53,Yes,Yes,Fiber optic,No,No internet service,Yes,No internet service,No,Yes,Month-to-month,Yes,Bank transfer (automatic),91.06,4833.43,0
CUST-11445,Male,0,Yes,No,20,Yes,No,Fiber optic,No,No,No,No,No,No,Month-to-month,No,Credit card (automatic),99.54,1955.46,1
CUST-11446,Female,0,No,No,47,Yes,No,Fiber optic,Yes,Yes,Yes,No,Yes,Yes,Month-to-month,No,Mailed check,95.47,4646.06,1
CUST-11447,Female,0,Yes,Yes,70,Yes,Yes,Fiber optic,No,No,No,No,No,No,Month-to-month,Yes,Electronic check,62.08,4276.27,1
CUST-11448,Female,0,Yes,Yes,27,Yes,No,No,No,Yes,Yes,No,No internet service,Yes,One year,No,Bank transfer (automatic),56.67,1534.43,0
CUST-11449,Male,0,Yes,Yes,17,Yes,No,Fiber optic,No,Yes,No internet service,No,No internet service,No,Month-to-month,Yes,Credit card (automatic),107.26,1851.58,1
CUST-11450,Male,1,Yes,No,13,Yes,No,DSL,Yes,No,No,No internet service,No,No,Month-to-month,No,Mailed check,66.4,878.77,1
CUST-11451,Male,1,No,No,0,Yes,No,No,No internet service,No internet service,Yes,No,No internet service,No,Two year,No,Electronic check,36.86,0.0,0
CUST-11452,Male,0,No,Yes,20,Yes,No,Fiber optic,No,No internet service,No internet service,No,No,Yes,Month-to-month,No,Bank transfer (automatic),113.54,2238.76,1
CUST-11453,Male,0,Yes,No,62,Yes,No phone service,Fiber optic,No,No,No,No,No,No internet service,Two year,No,Bank transfer (automatic),111.34,6920.56,0
CUST-11454,Female,0,Yes,Yes,18,Yes,No,Fiber optic,Yes,No,No,Yes,No,No,Month-to-month,No,Credit card (automatic),71.25,1246.01,1
CUST-11455,Male,0,No,No,69,Yes,No phone service,Fiber optic,No,No,No,Yes,Yes,Yes,One year,Yes,Bank transfer (automatic),93.97,6541.69,0
CUST-11456,Female,0,No,No,69,Yes,No phone service,No,Yes,No internet service,No,No,No internet service,Yes,One year,No,Credit card (automatic),28.18,1956.55,0
CUST-11457,Male,0,Yes,No,49,Yes,No,DSL,No,No,No,No,No,Yes,Month-to-month,Yes,Mailed check,83.66,4090.98,0
CUST-11458,Male,0,Yes,No,71,Yes,Yes,Fiber optic,Yes,Yes,No internet service,No,Yes,No,Two year,Yes,Bank transfer (automatic),80.35,5711.01,0
CUST-11459,Female,0,No,No,29,No,No,DSL,No,No internet service,Yes,No internet service,Yes,Yes,Two year,Yes,Bank transfer (automatic),55.2,1627.54,0
CUST-11460,Female,0,No,Yes,69,Yes,Yes,Fiber optic,No,No internet service,No,Yes,No,No,One year,Yes,Mailed check,61.47,4308.11,0
CUST-11461,Male,0,No,No,39,Yes,Yes,DSL,No,Yes,No,No internet service,No,No internet service,Month-to-month,Yes,Credit card (automatic),99.9,3916.73,1
CUST-11462,Male,0,Yes,Yes,5,Yes,No,Fiber optic,Yes,No,No internet service,No internet service,No,Yes,One year,Yes,Electronic check,80.66,413.86,1
CUST-11463,Male,1,No,Yes,60,No,Yes,No,No internet service,No internet service,Yes,No,No,Yes,Two year,Yes,Bank transfer (automatic),113.4,6849.83,0
CUST-11464,Female,0,Yes,No,69,Yes,No,DSL,No internet service,Yes,Yes,No,No,No internet service,Two year,No,Mailed check,103.46,7067.73,0
CUST-11465,Male,0,No,No,64,Yes,No,DSL,No,No internet service,No internet service,No internet service,No,No,Month-to-month,No,Electronic check,101.01,6437.65,1
CUST-11466,Female,0,Yes,No,30,No,Yes,Fiber optic,No,Yes,No internet service,No internet service,Yes,No,Month-to-month,No,Electronic check,49.15,1467.32,1
CUST-11467,Male,0,Yes,No,7,Yes,No phone service,Fiber optic,No,No,No,No,Yes,No,Month-to-month,No,Electronic check,87.5,569.04,0
CUST-11468,Female,1,Yes,No,42,Yes,No,DSL,No,No internet service,No,No,Yes,Yes,Month-to-month,Yes,Electronic check,33.12,1427.82,1
CUST-11469,Male,0,Yes,Yes,63,Yes,No,DSL,No,No internet service,Yes,No,No,No internet service,One year,Yes,Bank transfer (automatic),84.49,5324.31,0
CUST-11470,Female,1,Yes,No,61,Yes,Yes,DSL,No,Yes,No internet service,Yes,Yes,No,One year,Yes,Mailed check,73.89,4451.23,0
CUST-11471,Female,0,No,No,45,Yes,No phone service,DSL,No,No internet service,No,Yes,No internet service,Yes,One year,Yes,Bank transfer (automatic),104.75,4651.95,0
CUST-11472,Male,0,No,Yes,57,Yes,Yes,No,Yes,No,No,No,Yes,No,Two year,Yes,Credit card (automatic),29.01,1653.51,0
CUST-11473,Male,0,No,No,2,Yes,No,DSL,No,No internet service,No internet service,No,No,No internet service,Month-to-month,Yes,Electronic check,84.4,201.96,1
CUST-11474,Female,0,Yes,No,45,No,Yes,Fiber optic,No,No,No internet service,No,Yes,No,Month-to-month,Yes,Mailed check,90.76,4089.13,1
CUST-11475,Male,0,Yes,No,7,Yes,Yes,DSL,No,No internet service,Yes,No internet service,Yes,No,Two year,Yes,Electronic check,74.47,651.5,0
CUST-11476,Male,0,No,No,54,Yes,Yes,No,Yes,No,Yes,No internet service,Yes,Yes,Month-to-month,Yes,Bank transfer (automatic),65.75,3541.0,0
CUST-11477,Male,0,Yes,No,3,Yes,No,Fiber optic,No,No,Yes,Yes,No,Yes,Month-to-month,No,Bank transfer (automatic),99.77,270.3,0
CUST-11478,Male,0,Yes,No,43,Yes,No,Fiber optic,No,No,No internet service,Yes,Yes,No internet service,Month-to-month,No,Electronic check,107.44,4685.48,0
CUST-11479,Male,1,No,No,69,Yes,No,Fiber optic,Yes,No,No,No,Yes,No internet service,Month-to-month,No,Credit card (automatic),100.85,6975.36,0
CUST-11480,Male,0,No,No,8,Yes,No,DSL,No internet service,Yes,No,No,Yes,No internet service,Month-to-month,Yes,Electronic check,82.41,726.41,1
CUST-11481,Male,0,Yes,No,31,Yes,Yes,DSL,No,Yes,No,No internet service,No,No internet service,One year,Yes,Bank transfer (automatic),60.12,1935.35,0
CUST-11482,Male,0,No,No,2,Yes,No phone service,Fiber optic,No internet service,No internet service,No,No,No,Yes,Month-to-month,No,Credit card (automatic),83.82,150.25,1
CUST-11483,Male,0,No,Yes,52,Yes,Yes,Fiber optic,No,No,Yes,Yes,No internet service,No,Month-to-month,Yes,Credit card (automatic),69.2,3569.13,0
CUST-11484,Male,1,Yes,No,67,Yes,No phone service,Fiber optic,No,No,No internet service,Yes,Yes,No,One year,Yes,Mailed check,84.02,5666.29,1
CUST-11485,Female,0,No,No,0,Yes,No,Fiber optic,No internet service,Yes,No,No,Yes,Yes,Month-to-month,Yes,Electronic check,98.92,0.0,1
CUST-11486,Male,0,Yes,No,39,Yes,Yes,Fiber optic,No,No,No internet service,No,No,No,Two year,Yes,Mailed check,61.4,2371.22,0
CUST-11487,Male,0,Yes,No,57,Yes,Yes,No,Yes,No,Yes,Yes,No,No internet service,One year,Yes,Mailed check,65.87,3657.87,0
CUST-11488,Male,0,No,No,1,Yes,No,No,No internet service,No internet service,Yes,Yes,Yes,No internet service,One year,Yes,Bank transfer (automatic),44.75,37.42,0
CUST-11489,Female,0,No,No,35,Yes,No phone service,Fiber optic,No,Yes,Yes,No,Yes,No,Month-to-month,Yes,Bank transfer (automatic),87.18,3125.27,1
CUST-11490,Male,0,Yes,No,9,Yes,No,Fiber optic,No,Yes,Yes,No,Yes,Yes,Two year,Yes,Electronic check,89.62,808.33,1
CUST-11491,Male,1,Yes,Yes,67,Yes,No,Fiber optic,Yes,Yes,No,Yes,No internet service,No internet service,One year,No,Electronic check,93.52,6183.23,0
CUST-11492,Male,1,No,No,37,No,No phone service,Fiber optic,No internet service,Yes,Yes,No,No internet service,No internet service,Two year,No,Credit card (automatic),41.1,1624.34,0
CUST-11493,Male,0,Yes,No,38,Yes,Yes,Fiber optic,No internet service,No,No,No,No internet service,No,Month-to-month,Yes,Mailed check,88.0,3311.71,1
CUST-11494,Male,0,No,Yes,72,Yes,No,DSL,No,No,Yes,No internet service,Yes,No,Month-to-month,No,Bank transfer (automatic),61.04,4397.08,0
CUST-11495,Male,0,No,Yes,57,Yes,No,No,Yes,No,No internet service,Yes,No,Yes,Month-to-month,Yes,Electronic check,44.76,2568.19,1
CUST-11496,Female,0,Yes,No,22,Yes,Yes,DSL,No,No internet service,Yes,Yes,No,Yes,Month-to-month,No,Electronic check,90.27,2029.34,0
CUST-11497,Female,0,No,No,45,No,No,DSL,Yes,No internet service,No,No internet service,No,Yes,Month-to-month,Yes,Mailed check,65.06,2951.28,1
CUST-11498,Male,1,No,No,21,Yes,Yes,DSL,No,No,No internet service,No,Yes,No,Month-to-month,Yes,Mailed check,59.55,1243.71,0
CUST-11499,Female,0,No,Yes,37,Yes,No,No,No,No,No internet service,No internet service,Yes,Yes,Month-to-month,Yes,Electronic check,56.25,2080.59,1
CUST-11500,Female,0,Yes,No,59,No,No,DSL,Yes,No,No,No,Yes,No,Month-to-month,No,Credit card (automatic),51.4,2997.62,0
CUST-11501,Male,0,Yes,Yes,69,Yes,No,Fiber optic,No internet service,No,No,Yes,No,Yes,Two year,Yes,Credit card (automatic),113.87,7805.38,1
CUST-11502,Male,0,Yes,Yes,69,Yes,No,Fiber optic,No,Yes,No,No,No internet service,No internet service,One year,No,Electronic check,118.75,8178.54,0
CUST-11503,Male,0,No,No,36,Yes,No,Fiber optic,No,Yes,No,No,Yes,Yes,Month-to-month,No,Bank transfer (automatic),62.35,2322.29,0
CUST-11504,Female,0,No,No,65,Yes,Yes,Fiber optic,No,Yes,No internet service,No,No,No,One year,Yes,Electronic check,102.48,6607.98,0
CUST-11505,Male,0,No,No,65,Yes,No,No,No internet service,No,No,Yes,Yes,Yes,Month-to-month,No,Electronic check,79.93,5129.16,0
CUST-11506,Female,0,No,Yes,39,Yes,Yes,DSL,No,Yes,No,No internet service,Yes,No,Month-to-month,Yes,Electronic check,65.55,2565.56,0
CUST-11507,Male,0,Yes,Yes,2,No,No,Fiber optic,No internet service,No,No internet service,No,No,Yes,Month-to-month,No,Electronic check,78.24,207.67,1
CUST-11508,Female,0,Yes,No,8,Yes,No,DSL,Yes,No internet service,Yes,No,Yes,Yes,Month-to-month,Yes,Mailed check,62.94,469.83,1
CUST-11509,Female,0,No,Yes,47,Yes,No,Fiber optic,Yes,No,No,No,No,No,Two year,No,Electronic check,114.72,5343.23,0
CUST-11510,Male,0,No,Yes,60,Yes,Yes,No,No,Yes,Yes,No internet service,Yes,No,Month-to-month,Yes,Electronic check,76.58,4613.06,1
CUST-11511,Male,0,No,Yes,66,Yes,Yes,DSL,Yes,No,No,No internet service,Yes,Yes,Month-to-month,No,Electronic check,69.81,4615.8,0
CUST-11512,Female,1,Yes,No,17,Yes,No,No,No,No,No,No internet service,No,No internet service,One year,Yes,Bank transfer (automatic),80.4,1442.65,1
CUST-11513,Male,0,Yes,No,65,Yes,Yes,DSL,No,Yes,No,No internet service,No,No internet service,Month-to-month,No,Credit card (automatic),50.91,3369.14,0
CUST-11514,Male,0,No,Yes,60,Yes,Yes,No,Yes,No,Yes,No,No internet service,No,Two year,Yes,Electronic check,60.21,3549.36,0
CUST-11515,Female,0,Yes,No,35,Yes,Yes,Fiber optic,Yes,Yes,No internet service,Yes,No,No internet service,One year,Yes,Electronic check,72.69,2492.45,1
CUST-11516,Male,0,Yes,No,27,Yes,No,No,Yes,No,Yes,No,Yes,No,Two year,No,Electronic check,53.31,1299.76,0
CUST-11517,Male,0,No,No,34,No,No,Fiber optic,Yes,No,No,No internet service,No internet service,No,One year,No,Credit card (automatic),82.97,2830.51,1
CUST-11518,Male,0,No,No,49,Yes,No,Fiber optic,Yes,No,Yes,No internet service,No,No internet service,Two year,Yes,Credit card (automatic),69.05,3344.91,0
CUST-11519,Male,0,No,No,59,Yes,No,DSL,Yes,No internet service,No internet service,Yes,Yes,No,Month-to-month,Yes,Mailed check,81.68,4918.0,1
CUST-11520,Female,0,No,No,12,Yes,No,Fiber optic,No internet service,Yes,No,Yes,No internet service,Yes,Month-to-month,Yes,Electronic check,65.74,763.79,1
CUST-11521,Female,0,No,Yes,24,Yes,Yes,Fiber optic,Yes,No,No internet service,No,No,Yes,Month-to-month,No,Mailed check,104.39,2488.79,1
CUST-11522,Male,0,Yes,No,8,Yes,No phone service,DSL,Yes,Yes,No,No,No internet service,Yes,Month-to-month,Yes,Electronic check,89.68,682.32,1
CUST-11523,Male,1,No,Yes,68,Yes,No,No,No internet service,No internet service,No,No,No,Yes,Month-to-month,No,Electronic check,52.27,3559.11,1
CUST-11524,Female,0,No,No,29,Yes,No,DSL,No,Yes,Yes,No internet service,No,Yes,Month-to-month,Yes,Mailed check,68.93,2066.48,1
CUST-11525,Male,0,Yes,No,18,Yes,No,Fiber optic,Yes,No,No,No,No,No,Month-to-month,Yes,Bank transfer (automatic),104.51,1775.81,1
CUST-11526,Male,0,No,Yes,14,No,Yes,Fiber optic,No internet service,No,No internet service,No,No,No,Month-to-month,No,Bank transfer (automatic),106.3,1544.1,1
CUST-11527,Male,0,No,Yes,5,Yes,No,DSL,No internet service,No internet service,No,No,Yes,Yes,One year,Yes,Electronic check,65.28,228.26,1
CUST-11528,Male,0,Yes,Yes,34,Yes,Yes,Fiber optic,No,No,Yes,No,No,No,Month-to-month,Yes,Mailed check,93.53,3165.13,1
CUST-11529,Female,0,No,Yes,56,Yes,No phone service,No,No,No,No,No,Yes,No,Month-to-month,No,Bank transfer (automatic),41.91,2292.76,0
CUST-11530,Male,0,No,No,23,Yes,No,DSL,No,No,No,No,Yes,No internet service,Month-to-month,Yes,Credit card (automatic),84.2,1884.94,1
CUST-11531,Male,0,Yes,Yes,29,Yes,Yes,DSL,No internet service,No,No,No internet service,No internet service,No,Month-to-month,Yes,Credit card (automatic),60.24,1677.51,1
CUST-11532,Female,0,Yes,No,46,Yes,No,DSL,No,Yes,No,No internet service,Yes,No internet service,One year,Yes,Electronic check,79.13,3659.57,0
CUST-11533,Male,0,No,No,25,Yes,No,Fiber optic,No internet service,Yes,No,No,No internet service,No internet service,Month-to-month,Yes,Mailed check,87.91,2175.34,1
CUST-11534,Female,0,Yes,Yes,53,Yes,Yes,Fiber optic,Yes,Yes,No internet service,Yes,Yes,No,One year,Yes,Credit card (automatic),107.81,5740.65,0
CUST-11535,Male,0,Yes,Yes,23,Yes,Yes,No,No,No,No,No internet service,No,Yes,Month-to-month,Yes,Mailed check,39.12,932.53,0
CUST-11536,Male,0,No,No,32,Yes,No phone service,Fiber optic,No internet service,No,Yes,No,No,No internet service,One year,Yes,Electronic check,95.42,3039.52,1
CUST-11537,Male,1,No,No,71,Yes,Yes,DSL,Yes,No internet service,No,No,No internet service,Yes,Month-to-month,No,Bank transfer (automatic),66.54,4756.85,0
CUST-11538,Female,0,No,No,61,Yes,Yes,DSL,Yes,No,No internet service,No,Yes,Yes,One year,Yes,Mailed check,44.41,2712.32,0
CUST-11539,Female,0,No,Yes,41,Yes,Yes,DSL,No internet service,Yes,Yes,No,No internet service,No internet service,Month-to-month,No,Bank transfer (automatic),69.91,2842.12,0
CUST-11540,Male,0,No,No,28,Yes,No,Fiber optic,No,No,Yes,No internet service,No internet service,No,Two year,Yes,Credit card (automatic),102.6,2918.46,0
CUST-11541,Male,0,Yes,No,72,Yes,No,No,No,No,No,No,Yes,Yes,Two year,Yes,Mailed check,63.24,4626.82,0
CUST-11542,Male,1,Yes,No,33,Yes,No,DSL,No internet service,No,No,No,Yes,Yes,Month-to-month,Yes,Mailed check,62.6,2128.74,0
CUST-11543,Female,0,No,No,25,Yes,No phone service,No,Yes,No,Yes,No internet service,Yes,No,Month-to-month,Yes,Mailed check,69.65,1656.14,1
CUST-11544,Male,0,Yes,No,43,Yes,Yes,Fiber optic,No,No,No internet service,Yes,Yes,Yes,Month-to-month,Yes,Mailed check,115.45,4967.38,1
CUST-11545,Female,0,No,No,30,Yes,Yes,No,No,No internet service,Yes,No,Yes,No,Month-to-month,No,Mailed check,31.48,1009.41,0
CUST-11546,Female,1,No,No,64,Yes,Yes,No,Yes,Yes,No,No,No,No,Month-to-month,Yes,Bank transfer (automatic),52.68,3310.4,1
CUST-11547,Female,0,Yes,No,15,Yes,No,No,Yes,No,No,No,Yes,No internet service,One year,No,Electronic check,71.29,1064.51,0
CUST-11548,Male,0,No,Yes,3,Yes,Yes,Fiber optic,No,No internet service,No,Yes,No,No,One year,No,Credit card (automatic),116.05,310.6,1
CUST-11549,Male,0,No,No,31,Yes,Yes,Fiber optic,No,Yes,No,Yes,No,No internet service,One year,Yes,Credit card (automatic),94.24,2934.76,1
CUST-11550,Male,0,No,Yes,69,Yes,No,DSL,No,No,Yes,No,No,No internet service,Month-to-month,Yes,Electronic check,97.24,6855.42,1
CUST-11551,Female,0,Yes,No,4,Yes,Yes,DSL,No,Yes,No internet service,No,No internet service,Yes,Month-to-month,No,Electronic check,101.09,403.9,1
CUST-11552,Female,0,No,No,58,Yes,No phone service,Fiber optic,No,No,No,No internet service,No,No,Month-to-month,Yes,Bank transfer (automatic),101.44,5875.28,1
CUST-11553,Female,0,Yes,No,0,Yes,No phone service,No,No,Yes,No internet service,No,Yes,No internet service,Month-to-month,Yes,Credit card (automatic),44.5,111.23,1
CUST-11554,Male,0,No,No,40,Yes,No,Fiber optic,Yes,Yes,Yes,Yes,Yes,Yes,Month-to-month,Yes,Electronic check,97.44,3907.44,1
CUST-11555,Male,0,No,Yes,33,Yes,No,Fiber optic,No,No,No,No,No,No,Two year,Yes,Credit card (automatic),76.58,2495.73,0
CUST-11556,Female,0,Yes,Yes,11,Yes,No,DSL,No,No,No internet service,Yes,No,No,Month-to-month,Yes,Credit card (automatic),62.66,606.74,1
CUST-11557,Female,0,Yes,No,54,Yes,Yes,Fiber optic,No internet service,Yes,No,Yes,No,Yes,Month-to-month,No,Credit card (automatic),59.23,3252.93,0
CUST-11558,Female,0,No,Yes,12,Yes,No,DSL,No,No,No internet service,No,No internet service,Yes,Two year,Yes,Mailed check,92.57,1051.35,0
CUST-11559,Female,0,No,Yes,31,Yes,Yes,DSL,No,No,No,No,No,Yes,Two year,No,Credit card (automatic),96.18,2971.71,0
CUST-11560,Male,1,Yes,No,40,Yes,No,DSL,No internet service,Yes,No,No,No,No,Month-to-month,Yes,Electronic check,37.25,1511.53,1
CUST-11561,Male,0,No,No,37,Yes,No,No,No,No internet service,No,No internet service,Yes,No internet service,One year,Yes,Credit card (automatic),40.52,1530.77,0
CUST-11562,Male,0,No,Yes,2,Yes,No,Fiber optic,No,No internet service,Yes,No,No internet service,No,Two year,No,Bank transfer (automatic),77.85,73.48,0
CUST-11563,Female,0,Yes,No,32,Yes,Yes,No,No internet service,No,No,Yes,No,Yes,Month-to-month,No,Mailed check,60.28,1874.81,1
CUST-11564,Female,0,No,No,47,Yes,No,Fiber optic,No,No internet service,No,Yes,Yes,Yes,One year,No,Credit card (automatic),89.8,4231.43,0
CUST-11565,Male,0,Yes,No,38,Yes,No phone service,Fiber optic,No,No internet service,No internet service,No internet service,No internet service,No,Two year,Yes,Bank transfer (automatic),102.94,3832.37,0
CUST-11566,Female,0,Yes,Yes,53,Yes,Yes,No,No,No,No internet service,Yes,Yes,Yes,Two year,Yes,Credit card (automatic),50.51,2711.23,0
CUST-11567,Female,0,No,No,56,Yes,Yes,No,No,No internet service,No internet service,No,Yes,Yes,Two year,No,Electronic check,55.35,3032.88,0
CUST-11568,Female,0,Yes,No,13,Yes,Yes,DSL,No internet service,No internet service,No,Yes,Yes,Yes,One year,Yes,Bank transfer (automatic),75.89,971.76,0
CUST-11569,Female,0,No,Yes,58,Yes,No phone service,DSL,Yes,No internet service,No internet service,No,Yes,No,One year,Yes,Mailed check,98.42,5682.79,0
CUST-11570,Male,0,No,No,65,Yes,No,DSL,Yes,Yes,No,Yes,Yes,No internet service,Month-to-month,Yes,Bank transfer (automatic),55.3,3633.68,0
CUST-11571,Male,1,No,No,61,Yes,Yes,Fiber optic,Yes,No internet service,No,Yes,No,No,Two year,Yes,Bank transfer (automatic),74.94,4544.84,0
CUST-11572,Female,0,Yes,No,62,Yes,No,DSL,No internet service,Yes,Yes,No,Yes,Yes,Two year,Yes,Bank transfer (automatic),57.59,3606.03,0
CUST-11573,Female,0,Yes,Yes,15,Yes,No,Fiber optic,No,No,No,No,No internet service,Yes,Month-to-month,Yes,Credit card (automatic),98.83,1539.73,1
CUST-11574,Male,1,No,No,47,Yes,Yes,Fiber optic,No,Yes,Yes,No,No,Yes,Two year,Yes,Electronic check,57.37,2694.17,0
CUST-11575,Male,0,No,No,33,Yes,No,No,Yes,No internet service,No internet service,No,No,Yes,Month-to-month,Yes,Mailed check,18.25,614.2,1
CUST-11576,Female,0,No,Yes,71,Yes,No,No,No,No internet service,No,No internet service,No,No,Two year,No,Mailed check,63.68,4486.26,0
CUST-11577,Female,0,Yes,Yes,60,Yes,Yes,Fiber optic,No,No,No internet service,Yes,Yes,No internet service,One year,No,Bank transfer (automatic),62.36,3686.17,0
CUST-11578,Male,0,Yes,No,11,No,No phone service,Fiber optic,Yes,No,No internet service,No,Yes,Yes,Month-to-month,Yes,Mailed check,72.02,727.68,1
CUST-11579,Female,0,Yes,Yes,68,Yes,Yes,DSL,No,Yes,No,Yes,No,Yes,Month-to-month,No,Electronic check,47.71,3249.34,0
CUST-11580,Male,0,No,No,50,Yes,Yes,DSL,Yes,Yes,Yes,No,No,No,One year,No,Electronic check,60.62,3002.09,0
CUST-11581,Male,0,Yes,No,39,Yes,No,Fiber optic,Yes,No internet service,No,No,Yes,No,One year,Yes,Electronic check,118.75,4652.16,1
CUST-11582,Female,1,No,Yes,32,Yes,Yes,No,No,No,No,No,No,Yes,Month-to-month,No,Mailed check,43.25,1369.04,1
CUST-11583,Male,1,Yes,No,35,Yes,No,DSL,No,No,No,No,Yes,Yes,Month-to-month,No,Bank transfer (automatic),74.53,2583.21,1
CUST-11584,Female,0,Yes,No,56,Yes,Yes,Fiber optic,Yes,No internet service,No,Yes,No internet service,No,Month-to-month,Yes,Mailed check,69.66,3890.76,1
CUST-11585,Male,0,No,Yes,55,No,Yes,No,No,No,No internet service,No internet service,Yes,No,Two year,No,Electronic check,47.63,2513.22,0
CUST-11586,Female,0,No,No,40,Yes,No phone service,DSL,No,No,Yes,Yes,Yes,No,Month-to-month,Yes,Electronic check,94.48,3824.67,1
CUST-11587,Male,1,No,No,72,Yes,Yes,No,No internet service,No,No,Yes,No,No internet service,Month-to-month,Yes,Bank transfer (automatic),52.05,3729.25,0
CUST-11588,Female,0,Yes,No,16,Yes,Yes,No,No,Yes,No internet service,No internet service,Yes,Yes,Month-to-month,Yes,Electronic check,90.09,1421.58,1
CUST-11589,Male,1,No,No,31,Yes,Yes,DSL,No internet service,No internet service,No,No,No internet service,No,Month-to-month,Yes,Electronic check,59.56,1925.78,0
CUST-11590,Female,0,Yes,No,43,Yes,No,Fiber optic,No,No internet service,No internet service,No internet service,Yes,No,Two year,Yes,Electronic check,47.04,2006.65,0
CUST-11591,Male,0,No,No,12,Yes,Yes,DSL,No internet service,No,No,Yes,No,Yes,Month-to-month,No,Electronic check,83.05,1025.7,1
CUST-11592,Male,0,No,Yes,36,Yes,Yes,Fiber optic,Yes,No,No,Yes,No,No,One year,No,Credit card (automatic),98.38,3443.06,0
CUST-11593,Male,0,Yes,Yes,60,Yes,No,No,No,No,No internet service,No,Yes,Yes,Two year,No,Electronic check,51.34,3048.57,0
CUST-11594,Female,0,No,No,49,Yes,Yes,DSL,No,No,Yes,Yes,No internet service,No,Two year,No,Electronic check,47.67,2393.09,0
CUST-11595,Male,1,Yes,No,51,Yes,No,No,No,No,No,No,No,No,Two year,No,Electronic check,39.04,2034.14,0
CUST-11596,Female,0,Yes,No,11,Yes,No,No,No internet service,Yes,Yes,Yes,Yes,Yes,Two year,Yes,Credit card (automatic),53.97,627.09,0
CUST-11597,Female,0,Yes,Yes,10,Yes,No,Fiber optic,No,No,No internet service,Yes,No,Yes,One year,No,Credit card (automatic),94.98,909.14,1
CUST-11598,Female,0,Yes,No,32,Yes,Yes,Fiber optic,Yes,No,Yes,No,Yes,No,Two year,No,Mailed check,103.42,3320.76,0
CUST-11599,Female,0,No,No,23,Yes,No phone service,DSL,No,Yes,Yes,Yes,No,Yes,Two year,No,Bank transfer (automatic),55.17,1249.31,0
CUST-11600,Male,0,No,No,0,Yes,Yes,Fiber optic,No,No,Yes,Yes,Yes,No,Two year,No,Credit card (automatic),52.08,17.15,0
CUST-11601,Female,1,No,Yes,40,Yes,Yes,DSL,Yes,No,No,No,Yes,No,Two year,No,Electronic check,71.39,2899.65,0
CUST-11602,Female,1,No,Yes,55,Yes,No,DSL,Yes,No internet service,Yes,No,No,No internet service,Month-to-month,Yes,Mailed check,87.47,4820.3,0
CUST-11603,Male,0,No,Yes,53,Yes,Yes,DSL,No,No internet service,Yes,No,No internet service,Yes,Month-to-month,Yes,Electronic check,48.56,2626.11,1
CUST-11604,Male,0,Yes,No,7,Yes,Yes,Fiber optic,No,No,No,No,Yes,No internet service,Two year,No,Electronic check,118.75,886.7,1
CUST-11605,Female,0,Yes,Yes,56,Yes,No,DSL,Yes,No,No,No,Yes,No,Month-to-month,Yes,Mailed check,68.14,3756.63,0
CUST-11606,Male,1,Yes,No,27,Yes,Yes,DSL,No internet service,No internet service,No,No,Yes,No,Two year,Yes,Electronic check,97.68,2540.46,1
CUST-11607,Female,0,No,Yes,11,No,Yes,Fiber optic,No internet service,Yes,No,Yes,No internet service,No internet service,Month-to-month,No,Electronic check,118.75,1357.67,1
CUST-11608,Male,0,No,Yes,34,No,No,DSL,No,No,No,Yes,Yes,No,One year,Yes,Electronic check,42.35,1443.85,1
CUST-11609,Male,1,No,No,15,Yes,No,DSL,No internet service,No,No internet service,No internet service,No,No internet service,Two year,No,Credit card (automatic),84.78,1342.28,0
CUST-11610,Female,1,Yes,No,49,Yes,No,DSL,No internet service,Yes,No,Yes,Yes,Yes,Month-to-month,Yes,Bank transfer (automatic),111.22,5467.07,0
CUST-11611,Male,0,Yes,No,54,Yes,No,DSL,No,No internet service,No,No internet service,No internet service,No internet service,Month-to-month,No,Bank transfer (automatic),65.97,3641.81,0
CUST-11612,Female,0,No,Yes,52,Yes,Yes,DSL,No,Yes,No,Yes,Yes,No internet service,Two year,No,Bank transfer (automatic),114.04,5968.51,0
CUST-11613,Female,0,Yes,No,8,Yes,Yes,DSL,No internet service,No internet service,No internet service,No,Yes,Yes,Month-to-month,No,Electronic check,94.89,778.74,1
CUST-11614,Male,0,No,No,25,No,Yes,Fiber optic,No,No,No internet service,No,Yes,No,One year,Yes,Bank transfer (automatic),83.4,2065.04,1
CUST-11615,Male,0,Yes,No,36,No,Yes,DSL,No,No,No,No,No internet service,No internet service,Month-to-month,Yes,Mailed check,74.27,2647.56,1
CUST-11616,Female,0,Yes,No,71,Yes,Yes,DSL,Yes,Yes,No,No,No,Yes,Month-to-month,Yes,Electronic check,43.47,2997.38,0
CUST-11617,Female,0,No,No,39,No,No,Fiber optic,No,No,Yes,No internet service,Yes,No,Month-to-month,No,Electronic check,76.38,3010.1,1
CUST-11618,Male,0,No,No,47,Yes,Yes,Fiber optic,Yes,No internet service,No internet service,No,Yes,Yes,Two year,No,Electronic check,103.33,4814.81,0
CUST-11619,Female,0,No,No,24,Yes,No,Fiber optic,Yes,No,Yes,No,No,Yes,One year,Yes,Bank transfer (automatic),84.52,2014.64,1
CUST-11620,Male,0,No,No,21,Yes,Yes,No,No,Yes,No,No internet service,Yes,No,Two year,Yes,Bank transfer (automatic),56.93,1193.34,0
CUST-11621,Male,1,Yes,No,58,Yes,Yes,No,No,No,No,Yes,No,No,Two year,Yes,Bank transfer (automatic),73.1,4212.34,0
CUST-11622,Female,0,No,No,60,Yes,Yes,Fiber optic,Yes,No,Yes,No,Yes,No,Month-to-month,No,Credit card (automatic),112.35,6749.87,0
CUST-11623,Male,1,No,No,4,Yes,No,Fiber optic,No internet service,No,No,No internet service,No,No,Two year,No,Mailed check,97.87,268.98,1
CUST-11624,Female,0,No,Yes,39,Yes,No,DSL,Yes,No,No,No internet service,No,No internet service,Month-to-month,Yes,Mailed check,63.89,2492.87,0
CUST-11625,Female,0,No,No,56,Yes,No,Fiber optic,No,Yes,Yes,Yes,Yes,Yes,Two year,No,Mailed check,93.6,5274.38,0
CUST-11626,Female,1,Yes,Yes,11,Yes,No phone service,Fiber optic,No,Yes,Yes,No internet service,Yes,No,Month-to-month,Yes,Electronic check,94.74,953.04,1
CUST-11627,Female,0,Yes,No,47,Yes,Yes,No,No internet service,No,No,Yes,No internet service,No,Month-to-month,Yes,Electronic check,37.21,1713.58,0
CUST-11628,Male,0,No,Yes,34,Yes,Yes,No,Yes,No internet service,No,No,No,No internet service,One year,No,Electronic check,57.53,2026.06,1
CUST-11629,Male,0,No,Yes,37,Yes,No,DSL,Yes,No internet service,No,No,No internet service,No internet service,Two year,Yes,Electronic check,58.84,2172.08,0
CUST-11630,Female,0,Yes,Yes,43,Yes,No,No,No,No,No internet service,No,Yes,Yes,Two year,Yes,Electronic check,49.66,2099.18,0
CUST-11631,Female,0,Yes,Yes,63,Yes,Yes,Fiber optic,No,No,Yes,No,No internet service,No internet service,Month-to-month,No,Electronic check,78.13,4960.21,1
CUST-11632,Male,0,No,Yes,6,Yes,Yes,Fiber optic,No internet service,No,No,Yes,No internet service,No,One year,No,Bank transfer (automatic),80.57,425.78,1
CUST-11633,Female,0,No,Yes,14,Yes,No,No,Yes,No,No,No,Yes,Yes,Month-to-month,No,Electronic check,68.36,903.85,1
CUST-11634,Male,0,No,No,25,Yes,Yes,DSL,No,No internet service,Yes,Yes,No,Yes,Month-to-month,Yes,Electronic check,93.22,2282.04,1
CUST-11635,Female,0,Yes,No,58,Yes,No,Fiber optic,Yes,No,No internet service,No,No,Yes,Month-to-month,Yes,Mailed check,86.62,5094.05,1
CUST-11636,Male,0,No,No,43,Yes,Yes,No,No,Yes,Yes,No,No internet service,No,Two year,Yes,Electronic check,75.26,3183.48,0
CUST-11637,Female,0,No,No,13,Yes,No phone service,DSL,No,No,No,No,No,No,Month-to-month,No,Bank transfer (automatic),89.87,1164.34,1
CUST-11638,Male,0,No,Yes,1,Yes,No,Fiber optic,Yes,Yes,Yes,No,No,Yes,One year,No,Mailed check,101.91,160.35,1
CUST-11639,Male,0,Yes,No,72,Yes,No,No,No,No,No,No,No internet service,No internet service,Two year,Yes,Electronic check,48.58,3446.03,0
CUST-11640,Female,0,No,No,10,Yes,Yes,No,Yes,No internet service,No internet service,Yes,Yes,No,One year,Yes,Electronic check,63.36,543.29,1
CUST-11641,Male,0,No,No,2,Yes,No,DSL,Yes,No,No,No internet service,Yes,No internet service,Month-to-month,Yes,Electronic check,66.41,241.0,1
CUST-11642,Male,0,No,No,29,Yes,No,Fiber optic,Yes,Yes,No,No,No,Yes,Two year,Yes,Bank transfer (automatic),94.59,2749.7,1
CUST-11643,Female,0,No,No,40,Yes,Yes,DSL,No internet service,No,Yes,Yes,No internet service,Yes,Two year,No,Mailed check,99.86,3961.36,0
CUST-11644,Male,0,No,No,18,Yes,No,No,No,Yes,Yes,Yes,No,No internet service,One year,Yes,Bank transfer (automatic),68.51,1224.76,1
CUST-11645,Male,1,Yes,No,12,Yes,Yes,Fiber optic,No,No,No,No internet service,Yes,No,Two year,Yes,Credit card (automatic),78.4,978.99,1
CUST-11646,Male,1,No,No,6,Yes,No,Fiber optic,No,Yes,Yes,No,No internet service,Yes,Month-to-month,Yes,Credit card (automatic),112.14,592.81,1
CUST-11647,Female,0,No,Yes,29,Yes,No,No,No internet service,No,No,Yes,No,Yes,Month-to-month,No,Credit card (automatic),25.78,723.13,0
CUST-11648,Female,0,Yes,No,69,Yes,No,Fiber optic,Yes,No internet service,No internet service,No internet service,No,Yes,Month-to-month,Yes,Electronic check,89.5,6216.53,1
CUST-11649,Female,0,Yes,No,10,Yes,No,Fiber optic,Yes,Yes,No,No,No,No,Month-to-month,No,Bank transfer (automatic),113.03,1205.6,1
CUST-11650,Male,1,No,Yes,41,Yes,Yes,Fiber optic,No internet service,No,No,No,No,Yes,Month-to-month,Yes,Electronic check,74.11,3113.2,1
CUST-11651,Male,0,Yes,No,14,Yes,No,Fiber optic,No,No,No internet service,Yes,No internet service,Yes,One year,Yes,Bank transfer (automatic),96.58,1357.61,1
CUST-11652,Male,0,No,No,49,Yes,No,Fiber optic,No internet service,No,No internet service,No,Yes,No internet service,Month-to-month,No,Mailed check,99.39,4947.15,0
CUST-11653,Female,0,Yes,No,4,Yes,Yes,No,No,No internet service,Yes,No,No,Yes,One year,Yes,Credit card (automatic),75.88,216.2,1
CUST-11654,Male,0,Yes,Yes,14,Yes,No,DSL,No,No,No internet service,Yes,Yes,No,Month-to-month,Yes,Mailed check,65.3,921.65,0
CUST-11655,Male,1,Yes,No,0,Yes,Yes,Fiber optic,No,Yes,No,No internet service,No,Yes,Month-to-month,Yes,Credit card (automatic),106.94,0.0,1
CUST-11656,Female,1,No,No,47,Yes,Yes,Fiber optic,Yes,No,No internet service,Yes,No internet service,No,Month-to-month,Yes,Electronic check,76.14,3651.33,1
CUST-11657,Female,0,No,Yes,52,Yes,No,DSL,No internet service,No,No,Yes,No,Yes,Month-to-month,Yes,Electronic check,67.96,3556.41,0
CUST-11658,Female,0,Yes,No,12,Yes,Yes,Fiber optic,No,No internet service,No internet service,No,No internet service,Yes,Two year,No,Bank transfer (automatic),90.21,1172.95,1
CUST-11659,Male,0,Yes,No,33,Yes,Yes,Fiber optic,Yes,No internet service,No internet service,No,Yes,No,Month-to-month,Yes,Bank transfer (automatic),87.66,2861.81,1
CUST-11660,Female,0,Yes,Yes,21,Yes,Yes,DSL,Yes,No,No,No,No,Yes,Month-to-month,No,Electronic check,94.54,1916.32,1
CUST-11661,Female,1,No,No,3,Yes,No,Fiber optic,No,No,No,Yes,No,No,Month-to-month,No,Electronic check,118.75,396.72,1
CUST-11662,Male,0,No,Yes,2,Yes,Yes,DSL,Yes,No,Yes,Yes,Yes,Yes,Two year,No,Credit card (automatic),75.13,141.9,0
CUST-11663,Female,0,No,No,68,Yes,Yes,Fiber optic,Yes,No internet service,Yes,No internet service,No,No internet service,Month-to-month,No,Mailed check,90.76,6227.4,0
CUST-11664,Female,0,Yes,No,47,No,Yes,DSL,Yes,No,No,No,Yes,No,Month-to-month,Yes,Mailed check,109.27,5175.29,0
CUST-11665,Male,0,No,Yes,48,Yes,Yes,DSL,No internet service,No,No,No,Yes,No,Month-to-month,No,Electronic check,118.75,5684.44,1
CUST-11666,Female,0,Yes,No,21,Yes,Yes,DSL,No,No,No,No,Yes,No internet service,Two year,Yes,Electronic check,72.14,1513.32,0
CUST-11667,Female,0,Yes,No,19,Yes,No,Fiber optic,No,Yes,No,No internet service,No,Yes,Month-to-month,No,Bank transfer (automatic),96.55,1822.54,1
CUST-11668,Female,1,Yes,No,58,Yes,No,Fiber optic,Yes,No,Yes,Yes,Yes,No,Month-to-month,Yes,Electronic check,63.39,3677.87,1
CUST-11669,Female,0,Yes,No,32,Yes,No,Fiber optic,No,Yes,Yes,No internet service,No,No,Month-to-month,Yes,Bank transfer (automatic),74.91,2371.52,1
CUST-11670,Female,0,Yes,No,7,Yes,No,DSL,No,No internet service,Yes,Yes,No internet service,Yes,Two year,No,Electronic check,42.62,328.95,0
CUST-11671,Female,0,No,No,35,No,Yes,Fiber optic,Yes,No,No,No internet service,No,Yes,Month-to-month,Yes,Electronic check,84.03,2853.85,0
CUST-11672,Male,0,Yes,Yes,38,Yes,Yes,Fiber optic,No internet service,Yes,No,No,No,Yes,Month-to-month,No,Mailed check,118.75,4415.39,0
CUST-11673,Female,0,No,No,41,No,No,No,Yes,No internet service,Yes,No,No,No,One year,Yes,Mailed check,32.81,1322.73,0
CUST-11674,Female,0,No,No,39,Yes,Yes,DSL,Yes,No internet service,Yes,No,Yes,No,Month-to-month,No,Credit card (automatic),62.44,2403.47,0
CUST-11675,Female,0,No,No,62,Yes,No,Fiber optic,No,Yes,Yes,No,No internet service,No,Month-to-month,No,Electronic check,99.57,6146.71,1
CUST-11676,Male,0,No,No,17,No,Yes,Fiber optic,No internet service,Yes,No,No,No,Yes,Two year,Yes,Bank transfer (automatic),58.61,1058.37,0
CUST-11677,Male,0,No,No,43,Yes,No,Fiber optic,No internet service,No,No internet service,No,No,Yes,Two year,No,Credit card (automatic),96.71,4164.76,0
CUST-11678,Female,0,Yes,No,64,Yes,Yes,Fiber optic,No,No,No internet service,No,Yes,No,Two year,No,Mailed check,40.08,2603.52,0
CUST-11679,Female,1,Yes,No,71,Yes,No,DSL,No,Yes,No,Yes,No,Yes,One year,No,Bank transfer (automatic),69.81,4982.61,0
CUST-11680,Female,1,No,Yes,70,Yes,No phone service,DSL,No,No,No,No internet service,Yes,No,Month-to-month,Yes,Bank transfer (automatic),43.85,3144.57,0
CUST-11681,Male,0,No,No,53,Yes,Yes,No,No,No,No,Yes,No,Yes,Month-to-month,Yes,Electronic check,35.45,1846.51,0
CUST-11682,Male,0,No,No,7,Yes,Yes,Fiber optic,No,No internet service,No,No,Yes,No,Two year,Yes,Credit card (automatic),87.72,642.69,1
CUST-11683,Female,0,No,No,72,Yes,Yes,Fiber optic,No internet service,No internet service,No internet service,No internet service,No,No internet service,One year,Yes,Credit card (automatic),87.86,6314.96,0
CUST-11684,Male,1,No,No,2,Yes,Yes,Fiber optic,No,Yes,Yes,No,No internet service,Yes,Month-to-month,Yes,Electronic check,86.19,116.75,1
CUST-11685,Female,0,No,No,40,Yes,No,DSL,No,No,No,No,Yes,No,One year,Yes,Electronic check,118.75,4688.96,1
CUST-11686,Male,0,No,No,32,No,No phone service,Fiber optic,No internet service,No,No internet service,No,No,Yes,Month-to-month,Yes,Credit card (automatic),104.63,3337.01,1
CUST-11687,Male,0,No,Yes,49,Yes,No,Fiber optic,Yes,No,No,No,No,No,Month-to-month,Yes,Electronic check,56.57,2824.64,1
CUST-11688,Female,1,No,No,57,Yes,No,DSL,Yes,Yes,No,Yes,Yes,No,Month-to-month,No,Electronic check,47.34,2669.24,1
CUST-11689,Male,0,No,No,53,No,No,No,No,No,No internet service,No,No internet service,No,Two year,No,Mailed check,76.96,4053.32,1
CUST-11690,Female,0,No,Yes,16,Yes,Yes,DSL,No internet service,No internet service,Yes,No internet service,Yes,Yes,Month-to-month,Yes,Bank transfer (automatic),75.25,1169.13,1
CUST-11691,Female,0,No,No,55,Yes,No phone service,Fiber optic,Yes,Yes,No internet service,No,Yes,Yes,Month-to-month,Yes,Credit card (automatic),115.5,6292.5,1
CUST-11692,Female,0,Yes,No,55,Yes,No,DSL,Yes,Yes,Yes,No internet service,No,Yes,Two year,Yes,Mailed check,95.84,5246.9,0
CUST-11693,Male,1,Yes,Yes,1,Yes,Yes,No,No,No,No,No internet service,No,No,Month-to-month,No,Bank transfer (automatic),44.61,101.05,1
CUST-11694,Male,0,No,No,46,Yes,No phone service,No,No internet service,No internet service,Yes,No,Yes,No internet service,Two year,Yes,Electronic check,53.36,2467.66,0
CUST-11695,Female,0,Yes,No,9,Yes,No,DSL,No,No,No,No,Yes,Yes,Month-to-month,Yes,Bank transfer (automatic),63.43,542.24,1
CUST-11696,Male,0,Yes,Yes,41,No,Yes,Fiber optic,No,Yes,Yes,No,Yes,Yes,Month-to-month,Yes,Electronic check,109.23,4459.39,1
CUST-11697,Male,0,No,Yes,16,Yes,No,No,No internet service,No internet service,No,Yes,Yes,Yes,Month-to-month,No,Credit card (automatic),52.82,861.77,0
CUST-11698,Male,0,No,No,26,Yes,Yes,Fiber optic,No,No,No,Yes,No,Yes,Month-to-month,Yes,Mailed check,114.67,2951.2,0
CUST-11699,Female,0,No,No,19,Yes,Yes,DSL,Yes,No,No,Yes,No,No,Month-to-month,Yes,Bank transfer (automatic),61.63,1215.28,1
CUST-11700,Male,1,No,No,62,Yes,Yes,Fiber optic,Yes,Yes,No internet service,No,No,No,Month-to-month,Yes,Mailed check,84.77,5317.46,0
CUST-11701,Male,0,Yes,Yes,66,Yes,No,Fiber optic,Yes,Yes,No internet service,No,No,No,Month-to-month,Yes,Bank transfer (automatic),79.24,5171.86,0
CUST-11702,Female,0,Yes,Yes,58,Yes,Yes,DSL,No internet service,No,No,Yes,Yes,Yes,Month-to-month,Yes,Bank transfer (automatic),105.29,6091.85,1
CUST-11703,Male,0,No,No,52,Yes,Yes,No,No internet service,No internet service,No,Yes,No,No,Month-to-month,Yes,Electronic check,49.37,2587.27,1
CUST-11704,Female,0,Yes,No,26,Yes,Yes,No,Yes,No,Yes,No,Yes,No,Month-to-month,No,Electronic check,47.94,1311.46,0
CUST-11705,Female,0,No,No,10,No,Yes,DSL,No,No internet service,Yes,No,No,No internet service,Month-to-month,Yes,Electronic check,71.24,581.95,1
CUST-11706,Female,0,No,No,41,Yes,No,Fiber optic,Yes,No,Yes,No,Yes,No,Month-to-month,No,Mailed check,113.54,4623.25,0
CUST-11707,Female,0,No,No,31,Yes,No,DSL,No,No,No,Yes,No,No,One year,Yes,Electronic check,118.75,3553.84,0
CUST-11708,Male,0,No,No,20,Yes,Yes,No,No,No,Yes,No,No,No,Month-to-month,Yes,Credit card (automatic),100.24,2042.56,1
CUST-11709,Male,0,No,No,17,Yes,Yes,No,No internet service,No,Yes,Yes,No internet service,Yes,Month-to-month,Yes,Electronic check,64.29,1092.92,1
CUST-11710,Male,0,No,Yes,11,No,Yes,No,No,Yes,No,No internet service,Yes,Yes,Month-to-month,Yes,Mailed check,30.99,392.21,1
CUST-11711,Male,0,Yes,No,60,Yes,No,DSL,Yes,No internet service,Yes,No internet service,No,No internet service,Month-to-month,No,Electronic check,63.31,3786.37,0
CUST-11712,Female,0,No,No,23,Yes,No,DSL,No,Yes,Yes,No,Yes,No internet service,Month-to-month,No,Mailed check,81.0,1851.59,0
CUST-11713,Female,1,Yes,No,66,Yes,Yes,Fiber optic,No internet service,No internet service,No,Yes,Yes,No internet service,Month-to-month,Yes,Credit card (automatic),43.56,2892.51,1
CUST-11714,Female,0,No,Yes,48,Yes,Yes,DSL,No,No internet service,Yes,Yes,No,No,Month-to-month,No,Bank transfer (automatic),62.03,2981.45,0
CUST-11715,Female,0,Yes,Yes,11,Yes,Yes,DSL,No internet service,Yes,No,Yes,No internet service,Yes,Month-to-month,Yes,Mailed check,92.47,990.84,1
CUST-11716,Female,0,No,No,4,Yes,No,DSL,No,Yes,No internet service,No,No,No internet service,Month-to-month,No,Bank transfer (automatic),42.95,215.49,1
CUST-11717,Male,0,No,Yes,30,Yes,Yes,Fiber optic,No,No,No,Yes,Yes,No,Month-to-month,Yes,Mailed check,100.62,3073.87,1
CUST-11718,Male,0,Yes,No,5,Yes,No,Fiber optic,No,No,Yes,Yes,No,Yes,Two year,No,Electronic check,78.95,410.83,0
CUST-11719,Female,0,No,No,69,Yes,No,No,No internet service,No,No internet service,No,No,Yes,Two year,Yes,Electronic check,37.18,2634.57,0
CUST-11720,Male,0,Yes,Yes,66,Yes,Yes,DSL,No,Yes,No,No internet service,Yes,No,Month-to-month,Yes,Mailed check,86.67,5794.04,1
CUST-11721,Female,0,Yes,No,47,Yes,Yes,Fiber optic,No,No internet service,No,Yes,No,No,Two year,No,Bank transfer (automatic),118.75,5551.37,0
CUST-11722,Female,0,Yes,No,21,Yes,No phone service,Fiber optic,No,No,No,Yes,Yes,Yes,One year,Yes,Electronic check,88.58,1860.87,0
CUST-11723,Female,0,Yes,Yes,63,Yes,Yes,DSL,Yes,No,No,Yes,No,No internet service,One year,Yes,Mailed check,102.45,6473.13,0
CUST-11724,Female,0,No,No,47,Yes,No,Fiber optic,Yes,No internet service,No,Yes,Yes,Yes,Two year,No,Electronic check,96.65,4462.42,0
CUST-11725,Female,0,No,No,26,Yes,No,No,Yes,No,Yes,Yes,Yes,Yes,Month-to-month,Yes,Bank transfer (automatic),27.33,715.61,0
CUST-11726,Female,0,No,No,64,Yes,Yes,DSL,No,No,No,No internet service,No,Yes,Month-to-month,No,Electronic check,97.02,6202.63,1
CUST-11727,Female,0,No,Yes,15,Yes,No,No,No internet service,No internet service,Yes,No internet service,No,No,One year,No,Mailed check,76.2,1105.63,1
CUST-11728,Male,0,No,No,41,Yes,Yes,Fiber optic,No,No internet service,No,Yes,No,No,Two year,Yes,Mailed check,97.92,4026.9,0
CUST-11729,Male,0,No,No,50,Yes,Yes,Fiber optic,No,No internet service,No internet service,Yes,No internet service,No,Month-to-month,No,Mailed check,64.46,3175.25,0
CUST-11730,Female,0,No,Yes,66,Yes,No,No,Yes,No internet service,No,Yes,No,Yes,Month-to-month,Yes,Mailed check,20.41,1269.28,0
CUST-11731,Female,1,Yes,No,10,Yes,No phone service,Fiber optic,No internet service,Yes,Yes,Yes,Yes,No,One year,Yes,Electronic check,99.44,874.54,0
CUST-11732,Female,0,No,No,20,Yes,Yes,Fiber optic,No,No internet service,No,No internet service,No internet service,No,Two year,No,Credit card (automatic),99.4,1901.46,0
CUST-11733,Female,0,No,No,61,Yes,No,DSL,Yes,No internet service,No internet service,No,No,No internet service,Two year,Yes,Mailed check,89.14,5376.6,0
CUST-11734,Female,1,Yes,No,36,Yes,Yes,Fiber optic,No internet service,No,Yes,No,Yes,No internet service,Month-to-month,No,Mailed check,46.3,1667.44,1
CUST-11735,Female,0,Yes,No,55,No,No,No,No internet service,No,No,Yes,Yes,No internet service,Month-to-month,Yes,Electronic check,32.68,1813.16,0
CUST-11736,Female,0,Yes,No,56,Yes,Yes,No,No,No,Yes,Yes,No,No internet service,Month-to-month,Yes,Electronic check,38.54,2127.11,0
CUST-11737,Male,0,Yes,No,22,Yes,No,Fiber optic,No,No,No internet service,Yes,Yes,Yes,Month-to-month,Yes,Bank transfer (automatic),111.48,2482.02,1
CUST-11738,Male,0,No,No,24,Yes,No phone service,No,No internet service,Yes,Yes,No,No internet service,No,Month-to-month,No,Mailed check,50.44,1225.56,1
CUST-11739,Male,0,Yes,No,36,Yes,No,Fiber optic,Yes,No,No,No,Yes,No internet service,One year,Yes,Mailed check,112.74,4012.78,1
CUST-11740,Male,0,No,No,2,Yes,Yes,Fiber optic,No internet service,No,No,Yes,Yes,No internet service,Month-to-month,Yes,Mailed check,70.28,91.62,1
CUST-11741,Female,0,No,No,58,Yes,No phone service,DSL,No,No,No,Yes,No,No internet service,Two year,No,Bank transfer (automatic),38.04,2266.73,0
CUST-11742,Male,0,Yes,No,8,Yes,Yes,Fiber optic,No,No internet service,No internet service,No internet service,No internet service,Yes,Month-to-month,Yes,Mailed check,106.89,828.04,1
CUST-11743,Male,0,No,No,68,Yes,No,Fiber optic,Yes,Yes,No internet service,No,No internet service,No,Month-to-month,No,Mailed check,85.61,5907.55,0
CUST-11744,Male,0,No,Yes,56,Yes,No,Fiber optic,Yes,No internet service,No,Yes,Yes,Yes,Month-to-month,No,Credit card (automatic),91.05,5034.54,0
CUST-11745,Female,0,No,No,25,Yes,No,Fiber optic,Yes,No,No,No,Yes,Yes,Month-to-month,No,Bank transfer (automatic),65.17,1615.44,0
CUST-11746,Female,0,No,Yes,5,Yes,Yes,No,No,No internet service,No,No internet service,No,No,Month-to-month,Yes,Electronic check,52.79,186.69,1
CUST-11747,Male,0,No,No,57,No,No,No,No internet service,Yes,Yes,No,Yes,No internet service,Month-to-month,No,Electronic check,54.24,2990.82,1
CUST-11748,Female,1,Yes,No,32,Yes,No,No,No,Yes,Yes,No,Yes,No,Month-to-month,No,Mailed check,50.45,1578.73,1
CUST-11749,Female,0,Yes,No,14,Yes,No,No,No,No,Yes,No internet service,Yes,No,One year,Yes,Electronic check,63.4,922.14,0
CUST-11750,Female,0,Yes,Yes,31,Yes,No phone service,No,No,No,Yes,No,No internet service,No internet service,Two year,No,Electronic check,65.78,2005.53,0
CUST-11751,Female,0,Yes,No,65,Yes,Yes,Fiber optic,Yes,No,No,No internet service,No,No,Month-to-month,No,Mailed check,115.27,7519.93,0
CUST-11752,Female,0,No,No,50,Yes,Yes,DSL,No,No,Yes,No,Yes,Yes,Month-to-month,Yes,Mailed check,76.48,3778.05,1
CUST-11753,Male,0,Yes,No,50,Yes,No,No,No,No,Yes,Yes,No,No,One year,No,Credit card (automatic),83.88,4259.95,0
CUST-11754,Female,1,No,No,37,Yes,Yes,DSL,No,No internet service,No internet service,No,No internet service,Yes,One year,Yes,Electronic check,49.42,1785.49,0
CUST-11755,Male,0,Yes,No,11,Yes,No,Fiber optic,No,Yes,Yes,Yes,No internet service,Yes,One year,Yes,Bank transfer (automatic),108.78,1268.49,1
CUST-11756,Male,0,No,Yes,69,Yes,Yes,DSL,No,Yes,Yes,Yes,No,Yes,One year,Yes,Bank transfer (automatic),75.95,5241.44,0
CUST-11757,Female,1,No,No,54,No,No,Fiber optic,No internet service,No internet service,No,No,No internet service,No internet service,Month-to-month,Yes,Credit card (automatic),87.94,4694.9,1
CUST-11758,Female,0,No,No,37,Yes,No,DSL,No,No,No internet service,No,No,Yes,One year,Yes,Credit card (automatic),66.17,2403.62,0
CUST-11759,Female,1,No,No,52,No,No,Fiber optic,Yes,No,No internet service,Yes,No,No internet service,Month-to-month,No,Credit card (automatic),101.04,5271.52,0
CUST-11760,Male,0,Yes,No,26,Yes,No,No,Yes,No,Yes,No internet service,No,Yes,Month-to-month,No,Electronic check,87.21,2208.69,1
CUST-11761,Male,0,No,No,54,Yes,Yes,DSL,Yes,Yes,No,Yes,No internet service,No,Month-to-month,No,Electronic check,101.49,5492.17,0
CUST-11762,Male,1,Yes,No,70,Yes,Yes,DSL,No internet service,No,No,Yes,Yes,No internet service,Month-to-month,Yes,Credit card (automatic),93.18,6484.14,1
CUST-11763,Female,0,No,Yes,25,Yes,No,No,No internet service,Yes,No,No,No,No,Month-to-month,No,Credit card (automatic),47.35,1127.47,1
CUST-11764,Female,0,No,No,0,Yes,No phone service,DSL,No internet service,Yes,No,No,Yes,No,Month-to-month,Yes,Credit card (automatic),107.86,0.0,1
CUST-11765,Female,0,Yes,No,54,Yes,No,Fiber optic,No,Yes,Yes,No,Yes,No internet service,Two year,No,Mailed check,98.55,5241.38,0
CUST-11766,Female,0,Yes,Yes,62,Yes,No,No,No internet service,Yes,No internet service,No,Yes,Yes,Month-to-month,Yes,Credit card (automatic),29.15,1811.04,0
CUST-11767,Male,0,Yes,No,60,Yes,Yes,Fiber optic,No,No internet service,No,No internet service,Yes,Yes,Month-to-month,Yes,Mailed check,73.82,4436.83,1
CUST-11768,Male,0,No,No,71,No,No,DSL,No,No internet service,No,No,No internet service,No,Two year,Yes,Mailed check,107.47,7589.84,0
CUST-11769,Male,0,No,Yes,25,Yes,No,Fiber optic,No,Yes,No,No,Yes,Yes,Two year,No,Credit card (automatic),112.64,2773.54,0
CUST-11770,Male,0,Yes,No,67,Yes,Yes,No,No internet service,No,No,No,No internet service,No,Month-to-month,No,Mailed check,75.4,4974.01,0
CUST-11771,Male,0,Yes,No,15,Yes,Yes,Fiber optic,No internet service,No,No internet service,No internet service,No internet service,No,One year,Yes,Credit card (automatic),93.25,1363.57,0
CUST-11772,Male,0,Yes,No,42,Yes,No,Fiber optic,No,Yes,Yes,No,No,No internet service,One year,Yes,Mailed check,73.01,3085.6,1
CUST-11773,Male,0,No,Yes,64,Yes,No,DSL,No internet service,Yes,Yes,Yes,No internet service,Yes,Month-to-month,Yes,Bank transfer (automatic),39.73,2504.31,0
CUST-11774,Female,0,Yes,No,66,Yes,Yes,No,No internet service,No,No,No,No,Yes,One year,Yes,Mailed check,33.37,2211.23,0
CUST-11775,Male,0,Yes,No,45,Yes,No,DSL,Yes,Yes,Yes,No,No,No,Two year,Yes,Bank transfer (automatic),45.65,2080.1,0
CUST-11776,Male,0,No,No,39,Yes,Yes,DSL,No,No internet service,Yes,No,Yes,No,Month-to-month,No,Credit card (automatic),118.75,4568.01,1
CUST-11777,Male,0,Yes,No,33,Yes,No,DSL,No,No internet service,Yes,Yes,No,No,Month-to-month,No,Bank transfer (automatic),63.9,2214.7,1
CUST-11778,Male,0,No,No,63,Yes,No,No,No,No,No,No internet service,Yes,No internet service,One year,Yes,Credit card (automatic),38.91,2493.5,0
CUST-11779,Female,0,No,Yes,64,No,No,Fiber optic,No,No internet service,No internet service,No internet service,Yes,Yes,Two year,Yes,Mailed check,78.76,5019.25,0
CUST-11780,Male,0,Yes,No,17,Yes,No,DSL,No,Yes,No,No internet service,Yes,No,Two year,Yes,Electronic check,40.11,590.51,0
CUST-11781,Male,1,No,No,9,Yes,No,DSL,Yes,No,No,No internet service,No,Yes,One year,No,Credit card (automatic),38.55,292.1,1
CUST-11782,Male,1,Yes,Yes,59,Yes,No,No,No internet service,Yes,No internet service,Yes,Yes,Yes,Month-to-month,No,Credit card (automatic),82.38,4954.54,1
CUST-11783,Female,0,Yes,Yes,59,No,No,DSL,No,No,No internet service,No internet service,No internet service,No,One year,Yes,Electronic check,110.82,6557.66,0
CUST-11784,Female,1,No,No,7,Yes,No,Fiber optic,No,No,Yes,No,No,Yes,Month-to-month,No,Credit card (automatic),113.88,766.44,1
CUST-11785,Male,1,No,No,35,Yes,No,Fiber optic,Yes,Yes,Yes,No,No,Yes,Two year,Yes,Mailed check,100.37,3487.06,0
CUST-11786,Male,0,No,No,36,No,No,Fiber optic,Yes,No,No,No,No,No,Month-to-month,Yes,Mailed check,65.83,2436.75,0
CUST-11787,Male,0,Yes,Yes,3,Yes,Yes,Fiber optic,No,Yes,No internet service,Yes,No,Yes,Month-to-month,No,Electronic check,115.88,365.91,1
CUST-11788,Male,0,Yes,No,48,Yes,No,No,Yes,Yes,No internet service,No,No internet service,Yes,Month-to-month,Yes,Credit card (automatic),50.27,2389.83,1
CUST-11789,Female,0,Yes,Yes,71,Yes,Yes,DSL,Yes,No internet service,Yes,Yes,No,Yes,One year,Yes,Credit card (automatic),85.87,6011.8,0
CUST-11790,Female,0,No,No,15,Yes,No,Fiber optic,Yes,Yes,No internet service,No internet service,Yes,Yes,Month-to-month,No,Electronic check,96.06,1428.2,1
CUST-11791,Female,0,No,No,56,Yes,Yes,DSL,No,Yes,Yes,No,No,No,Month-to-month,Yes,Electronic check,90.7,5105.94,0
CUST-11792,Male,0,No,No,5,Yes,Yes,Fiber optic,Yes,Yes,No,No,No internet service,No,Month-to-month,Yes,Electronic check,109.63,570.18,1
CUST-11793,Male,1,No,No,15,Yes,Yes,Fiber optic,No,No,No internet service,Yes,Yes,Yes,Two year,Yes,Credit card (automatic),87.27,1255.19,0
CUST-11794,Male,0,Yes,No,41,No,No,Fiber optic,No,No internet service,No,Yes,No,No,Two year,No,Credit card (automatic),111.03,4548.75,0
CUST-11795,Male,0,No,No,67,Yes,No phone service,No,No,No internet service,No,No,Yes,No internet service,Month-to-month,No,Mailed check,44.28,2992.05,0
CUST-11796,Female,0,Yes,No,64,Yes,Yes,No,No internet service,No,Yes,Yes,No internet service,No internet service,Two year,No,Credit card (automatic),70.42,4575.63,0
CUST-11797,Male,0,Yes,No,68,No,Yes,DSL,No,No,No internet service,No,No internet service,Yes,Month-to-month,No,Electronic check,95.93,6502.5,0
CUST-11798,Male,1,No,No,72,Yes,No,Fiber optic,No internet service,No internet service,Yes,No,No internet service,No,One year,Yes,Bank transfer (automatic),56.33,4142.77,1
CUST-11799,Female,0,No,No,58,Yes,No,Fiber optic,Yes,No,No,No internet service,Yes,Yes,Month-to-month,No,Bank transfer (automatic),90.9,5294.86,0
CUST-11800,Male,0,Yes,No,26,No,Yes,No,Yes,No internet service,Yes,No,Yes,No,Two year,No,Electronic check,18.25,443.13,0
CUST-11801,Male,0,Yes,No,9,Yes,No,DSL,No,Yes,Yes,No,No,No internet service,Month-to-month,No,Electronic check,44.41,346.76,1
CUST-11802,Male,0,No,Yes,60,Yes,No,Fiber optic,No internet service,No,Yes,Yes,Yes,Yes,One year,Yes,Electronic check,91.42,5373.64,0
CUST-11803,Male,0,Yes,No,13,Yes,Yes,Fiber optic,No internet service,Yes,Yes,No internet service,Yes,No internet service,One year,Yes,Credit card (automatic),87.39,1083.68,1
CUST-11804,Male,0,No,Yes,38,Yes,No,Fiber optic,No,No,Yes,No,Yes,Yes,Two year,Yes,Mailed check,84.94,3300.8,0
CUST-11805,Male,0,No,No,55,Yes,Yes,Fiber optic,No internet service,No internet service,Yes,No,Yes,No,Month-to-month,Yes,Electronic check,103.32,5658.05,1
CUST-11806,Male,0,Yes,No,2,Yes,No phone service,DSL,Yes,No,No internet service,No,Yes,No,One year,No,Mailed check,67.61,51.59,0
CUST-11807,Male,0,Yes,Yes,66,Yes,No,DSL,No,No,Yes,Yes,Yes,No,One year,No,Credit card (automatic),51.82,3375.81,0
CUST-11808,Male,0,Yes,No,22,Yes,No,Fiber optic,Yes,Yes,No,No,No,No,Month-to-month,Yes,Electronic check,59.41,1307.06,0
CUST-11809,Female,0,No,No,15,Yes,No phone service,DSL,No,No,No,No internet service,Yes,Yes,Month-to-month,Yes,Credit card (automatic),41.92,609.42,1
CUST-11810,Male,0,Yes,No,27,Yes,Yes,DSL,Yes,No internet service,No internet service,No,No,Yes,One year,No,Bank transfer (automatic),57.58,1571.21,0
CUST-11811,Female,0,No,No,33,Yes,No,Fiber optic,No,Yes,No,No,No,No,Month-to-month,Yes,Mailed check,75.23,2463.69,1
CUST-11812,Female,0,Yes,No,33,Yes,No,Fiber optic,No,Yes,Yes,No,Yes,No,One year,Yes,Mailed check,118.49,3878.07,0
CUST-11813,Male,1,No,No,11,Yes,No,Fiber optic,No,No,Yes,Yes,Yes,No,Two year,Yes,Electronic check,93.57,1023.76,1
CUST-11814,Female,0,Yes,No,13,Yes,No,No,Yes,No,Yes,Yes,No internet service,No internet service,Month-to-month,Yes,Credit card (automatic),29.75,327.83,0
CUST-11815,Male,0,Yes,No,34,Yes,Yes,Fiber optic,No,No,No,No internet service,Yes,Yes,Two year,Yes,Mailed check,106.94,3642.4,0
CUST-11816,Male,0,No,No,16,Yes,Yes,DSL,No,Yes,No,No,No internet service,No internet service,Month-to-month,Yes,Electronic check,91.2,1407.1,1
CUST-11817,Male,0,No,Yes,46,Yes,Yes,DSL,Yes,No,No internet service,Yes,Yes,No,One year,No,Bank transfer (automatic),66.46,3045.49,0
CUST-11818,Male,0,Yes,No,65,Yes,No,Fiber optic,No,No,No internet service,No,Yes,No internet service,Month-to-month,Yes,Mailed check,115.76,7537.81,0
CUST-11819,Male,0,Yes,No,1,Yes,Yes,Fiber optic,Yes,No,No internet service,No,No internet service,No,Two year,No,Mailed check,110.92,90.17,1
CUST-11820,Male,0,No,No,2,Yes,No,No,No,Yes,Yes,No,No,No,One year,Yes,Electronic check,43.97,84.21,1
CUST-11821,Female,0,Yes,No,46,Yes,Yes,Fiber optic,No,Yes,No,Yes,No,No internet service,One year,No,Bank transfer (automatic),89.25,4137.59,0
CUST-11822,Male,0,Yes,No,2,Yes,No,Fiber optic,No,No,Yes,No,No,No internet service,Two year,Yes,Bank transfer (automatic),83.2,127.75,1
CUST-11823,Female,0,Yes,No,46,Yes,Yes,No,No,No,No internet service,No internet service,No internet service,Yes,Month-to-month,Yes,Credit card (automatic),61.09,2891.51,0
CUST-11824,Female,0,Yes,Yes,35,Yes,No,No,Yes,Yes,No,Yes,Yes,No internet service,Month-to-month,No,Electronic check,18.25,573.06,1
CUST-11825,Female,0,No,No,33,Yes,Yes,Fiber optic,Yes,No internet service,No,No,Yes,No,Month-to-month,Yes,Credit card (automatic),109.15,3660.83,1
CUST-11826,Male,0,No,No,44,Yes,Yes,Fiber optic,No,No internet service,No,No,Yes,Yes,Two year,Yes,Mailed check,61.57,2727.99,1
CUST-11827,Female,0,No,Yes,65,Yes,Yes,DSL,No internet service,Yes,No,Yes,No,No,Two year,Yes,Electronic check,62.24,4066.67,0
CUST-11828,Female,0,No,No,9,No,No phone service,Fiber optic,Yes,No,No,No internet service,Yes,No,Month-to-month,Yes,Bank transfer (automatic),118.75,1116.8,1
CUST-11829,Female,1,Yes,No,9,Yes,No,DSL,Yes,No,No internet service,No,No internet service,No,One year,Yes,Mailed check,68.81,617.86,1
CUST-11830,Male,0,No,Yes,50,No,No,Fiber optic,No internet service,No,No,No,Yes,No internet service,Two year,Yes,Electronic check,97.6,4887.79,0
CUST-11831,Female,0,Yes,No,3,Yes,No phone service,No,No,No,No,Yes,Yes,No internet service,Month-to-month,Yes,Electronic check,59.08,179.23,1
CUST-11832,Female,0,Yes,Yes,31,Yes,No,Fiber optic,Yes,No,No,Yes,Yes,No,Month-to-month,Yes,Credit card (automatic),97.93,3076.8,0
CUST-11833,Male,0,No,No,36,Yes,No,DSL,Yes,No,Yes,No internet service,No internet service,No,Two year,No,Bank transfer (automatic),67.25,2470.91,0
CUST-11834,Male,0,Yes,No,28,Yes,No,DSL,No internet service,Yes,No,Yes,No,No,Month-to-month,Yes,Credit card (automatic),84.72,2370.73,0
CUST-11835,Male,0,Yes,No,38,Yes,Yes,No,No,No,Yes,No,Yes,No,Month-to-month,Yes,Bank transfer (automatic),49.41,1858.63,1
CUST-11836,Female,0,Yes,No,8,Yes,Yes,DSL,Yes,No,No,No,No,No internet service,One year,Yes,Bank transfer (automatic),40.97,274.29,0
CUST-11837,Male,0,No,No,19,Yes,No,Fiber optic,No,Yes,Yes,Yes,No,Yes,Month-to-month,No,Electronic check,67.56,1292.16,0
CUST-11838,Male,0,Yes,No,0,Yes,No,Fiber optic,Yes,No,No internet service,No,No internet service,Yes,Month-to-month,Yes,Mailed check,87.52,0.0,1
CUST-11839,Female,0,No,No,70,Yes,Yes,DSL,Yes,Yes,No,No,Yes,No,Two year,Yes,Electronic check,86.22,5945.15,0
CUST-11840,Male,1,No,No,60,Yes,No,Fiber optic,No internet service,No,Yes,No internet service,Yes,No,One year,Yes,Electronic check,101.52,6083.7,1
CUST-11841,Male,0,No,No,18,Yes,Yes,DSL,No,Yes,No,Yes,Yes,Yes,Two year,No,Mailed check,79.47,1431.69,0
CUST-11842,Female,0,Yes,Yes,2,Yes,No,Fiber optic,No,No,No internet service,Yes,No internet service,Yes,Month-to-month,No,Electronic check,90.78,220.15,1
CUST-11843,Female,0,No,No,19,Yes,No,DSL,No internet service,No,Yes,Yes,No internet service,No,Month-to-month,No,Credit card (automatic),73.12,1386.61,0
CUST-11844,Female,0,Yes,No,69,Yes,Yes,DSL,Yes,No,No,No,Yes,Yes,Month-to-month,Yes,Electronic check,82.25,5621.85,0
CUST-11845,Female,0,No,Yes,59,Yes,Yes,DSL,Yes,No,No internet service,No internet service,No,No,Month-to-month,Yes,Electronic check,56.27,3369.55,0
CUST-11846,Male,0,No,Yes,48,Yes,No,No,Yes,No,Yes,No,No,No,Month-to-month,No,Bank transfer (automatic),51.43,2362.88,0
CUST-11847,Female,0,Yes,Yes,67,Yes,No,Fiber optic,No,No internet service,No internet service,Yes,Yes,Yes,Two year,No,Electronic check,108.45,7187.61,0
CUST-11848,Female,0,No,Yes,12,No,No,No,No,No,No internet service,Yes,Yes,No,Two year,Yes,Mailed check,52.68,617.03,0
CUST-11849,Male,0,No,No,39,No,No,Fiber optic,No,No,No,No,Yes,No,Two year,No,Credit card (automatic),70.77,2742.05,0
CUST-11850,Male,0,Yes,No,57,Yes,Yes,No,Yes,No internet service,No,Yes,No,No internet service,Month-to-month,Yes,Electronic check,30.46,1721.17,0
CUST-11851,Male,0,Yes,No,1,Yes,Yes,Fiber optic,Yes,No,No internet service,Yes,No internet service,No internet service,One year,Yes,Electronic check,116.15,71.63,1
CUST-11852,Male,0,No,Yes,31,Yes,No,Fiber optic,No,No,Yes,No,Yes,No,Two year,No,Credit card (automatic),87.6,2759.95,0
CUST-11853,Male,0,No,No,25,Yes,No,Fiber optic,Yes,No,Yes,No,Yes,Yes,Month-to-month,Yes,Credit card (automatic),61.42,1522.2,1
CUST-11854,Male,0,No,No,12,Yes,Yes,DSL,No internet service,Yes,Yes,Yes,No,No internet service,Month-to-month,No,Electronic check,55.07,588.66,1
CUST-11855,Female,1,Yes,No,16,Yes,Yes,No,No internet service,Yes,No,No,No,Yes,Month-to-month,Yes,Mailed check,18.25,306.78,1
CUST-11856,Male,0,No,Yes,70,Yes,Yes,No,No internet service,No,No,No,Yes,No,Two year,No,Electronic check,18.25,1234.29,0
CUST-11857,Female,0,No,No,37,Yes,Yes,DSL,No,No,No internet service,No,Yes,No internet service,One year,Yes,Credit card (automatic),80.93,2942.75,0
CUST-11858,Female,0,No,Yes,5,Yes,No,No,Yes,No,Yes,Yes,Yes,No,Two year,Yes,Electronic check,38.37,183.21,0
CUST-11859,Female,0,No,No,49,Yes,No phone service,DSL,No,Yes,No,No internet service,Yes,No,Month-to-month,No,Credit card (automatic),50.47,2549.15,0
CUST-11860,Female,0,Yes,No,43,Yes,Yes,Fiber optic,Yes,No internet service,No,No,No internet service,Yes,Two year,Yes,Electronic check,114.76,4821.93,0
CUST-11861,Male,1,No,No,28,Yes,No,No,No internet service,No,Yes,No,No,No internet service,Month-to-month,Yes,Electronic check,44.24,1151.78,0
CUST-11862,Female,0,Yes,Yes,28,Yes,Yes,DSL,No,No,No internet service,No,No internet service,Yes,Month-to-month,No,Electronic check,75.51,2063.78,1
CUST-11863,Male,0,Yes,Yes,39,Yes,Yes,DSL,Yes,Yes,Yes,No,No internet service,Yes,Two year,Yes,Mailed check,89.78,3579.51,0
CUST-11864,Female,0,No,No,67,Yes,Yes,Fiber optic,No,No,Yes,No internet service,No,Yes,Month-to-month,No,Credit card (automatic),59.95,3955.59,1
CUST-11865,Male,0,Yes,No,55,No,Yes,Fiber optic,Yes,Yes,Yes,No,No internet service,No,One year,No,Electronic check,64.21,3577.78,0
CUST-11866,Male,0,Yes,No,29,Yes,Yes,Fiber optic,No,No,No internet service,Yes,Yes,No internet service,Month-to-month,No,Electronic check,90.43,2659.84,1
CUST-11867,Female,0,Yes,No,17,Yes,No,Fiber optic,No,No internet service,No,Yes,No,Yes,Two year,Yes,Mailed check,23.33,446.5,1
CUST-11868,Male,0,No,Yes,7,Yes,No,DSL,No internet service,No,No internet service,No,No internet service,No,Month-to-month,No,Electronic check,115.65,757.89,1
CUST-11869,Female,0,No,No,14,Yes,No,DSL,No internet service,No internet service,No,Yes,No,No,One year,Yes,Mailed check,82.59,1154.87,1
CUST-11870,Male,0,Yes,No,10,No,No,No,No,No,No internet service,No,No,No,Two year,Yes,Mailed check,47.61,505.16,0
CUST-11871,Male,0,Yes,No,58,Yes,Yes,Fiber optic,No,Yes,No,No,No,No,Month-to-month,No,Mailed check,99.44,5781.45,0
CUST-11872,Female,0,No,No,42,Yes,Yes,Fiber optic,Yes,No internet service,No internet service,No,Yes,No,Two year,No,Bank transfer (automatic),103.06,4464.28,0
CUST-11873,Female,0,Yes,No,2,No,Yes,DSL,No internet service,No internet service,No internet service,No internet service,Yes,No internet service,Month-to-month,No,Electronic check,81.55,252.87,1
CUST-11874,Male,0,No,No,67,Yes,Yes,No,No,No,No,No internet service,Yes,Yes,Month-to-month,Yes,Electronic check,66.35,4498.21,1
CUST-11875,Male,0,No,Yes,10,Yes,Yes,DSL,No internet service,Yes,Yes,No,Yes,Yes,One year,Yes,Mailed check,98.28,1013.34,1
CUST-11876,Male,0,Yes,No,47,No,No phone service,DSL,No internet service,No,No internet service,No,No,No internet service,Month-to-month,No,Mailed check,109.76,5193.22,0
CUST-11877,Female,0,No,Yes,0,Yes,No phone service,DSL,Yes,Yes,No,Yes,No,Yes,Month-to-month,Yes,Bank transfer (automatic),58.21,50.29,1
CUST-11878,Female,0,Yes,No,42,Yes,No,Fiber optic,Yes,No internet service,No,No internet service,No internet service,No internet service,One year,Yes,Electronic check,64.98,2813.56,1
CUST-11879,Male,0,No,No,40,Yes,No,DSL,No,No,No,Yes,No,No,Two year,Yes,Electronic check,49.94,1954.34,0
CUST-11880,Male,0,Yes,Yes,66,Yes,No,DSL,No,Yes,No,No,No internet service,Yes,Two year,Yes,Electronic check,79.11,5277.59,0
CUST-11881,Male,0,No,Yes,43,Yes,No,Fiber optic,Yes,Yes,No,No,Yes,No,Month-to-month,No,Mailed check,53.23,2299.52,1
CUST-11882,Male,0,No,No,35,Yes,No,Fiber optic,No,Yes,No,No,Yes,Yes,Two year,No,Electronic check,61.88,2215.75,0
CUST-11883,Female,0,No,Yes,38,Yes,Yes,DSL,No,No,No,Yes,Yes,No internet service,One year,No,Electronic check,85.49,3250.44,0
CUST-11884,Female,1,No,No,46,Yes,No phone service,Fiber optic,No,Yes,No internet service,No,Yes,No,Two year,Yes,Bank transfer (automatic),80.21,3665.0,1
CUST-11885,Male,1,Yes,Yes,30,Yes,No,Fiber optic,No,No,No,No,No,Yes,One year,No,Credit card (automatic),87.03,2587.19,0
CUST-11886,Female,0,No,No,52,Yes,Yes,Fiber optic,Yes,No,No,Yes,No,No,Two year,No,Electronic check,118.75,6178.9,0
CUST-11887,Male,0,No,No,38,Yes,No,DSL,Yes,No,Yes,No internet service,No internet service,No,Two year,Yes,Electronic check,95.11,3638.74,0
CUST-11888,Male,0,Yes,Yes,70,Yes,No,No,No,No,No,No,Yes,No,Two year,Yes,Mailed check,54.66,3803.56,0
CUST-11889,Male,1,Yes,No,14,Yes,No phone service,Fiber optic,No,Yes,Yes,No,No internet service,No,One year,Yes,Credit card (automatic),68.84,889.03,1
CUST-11890,Male,0,Yes,Yes,53,No,Yes,DSL,No,Yes,No,No,No,No internet service,Month-to-month,No,Mailed check,70.95,3792.42,1
CUST-11891,Male,0,Yes,No,60,Yes,No,Fiber optic,No internet service,Yes,No internet service,Yes,No internet service,Yes,Month-to-month,No,Mailed check,72.26,4328.62,0
CUST-11892,Female,0,No,No,52,No,Yes,DSL,No internet service,No internet service,Yes,Yes,No,No internet service,Month-to-month,Yes,Credit card (automatic),69.32,3498.98,0
CUST-11893,Female,0,Yes,Yes,71,Yes,Yes,Fiber optic,Yes,No,No,No,Yes,No,One year,Yes,Bank transfer (automatic),71.09,4965.71,0
CUST-11894,Male,0,No,Yes,31,Yes,Yes,Fiber optic,No internet service,Yes,Yes,Yes,No,No internet service,Month-to-month,No,Credit card (automatic),91.15,2838.57,1
CUST-11895,Female,0,No,No,39,No,Yes,DSL,Yes,No,No internet service,No internet service,No internet service,No internet service,Month-to-month,Yes,Electronic check,68.18,2690.28,0
CUST-11896,Female,0,Yes,No,11,Yes,Yes,No,No,Yes,Yes,Yes,Yes,Yes,Month-to-month,No,Bank transfer (automatic),30.86,393.86,1
CUST-11897,Female,0,No,No,27,No,No,Fiber optic,Yes,No,No internet service,Yes,No,Yes,Two year,Yes,Electronic check,64.2,1706.44,0
CUST-11898,Female,1,Yes,No,11,Yes,No,DSL,Yes,Yes,No,No internet service,Yes,No,Two year,No,Mailed check,106.73,1140.79,0
CUST-11899,Male,0,Yes,No,57,Yes,No,DSL,No internet service,No internet service,No internet service,No internet service,No,Yes,Month-to-month,Yes,Credit card (automatic),59.96,3444.3,1
CUST-11900,Female,0,Yes,Yes,57,Yes,Yes,DSL,No,No,No,No internet service,No,No,Month-to-month,Yes,Credit card (automatic),95.3,5388.13,1
CUST-11901,Female,0,Yes,Yes,14,Yes,No,No,No,No,No,Yes,Yes,Yes,Month-to-month,Yes,Mailed check,46.73,611.8,0
CUST-11902,Female,0,Yes,No,58,Yes,No,Fiber optic,No internet service,Yes,No,Yes,Yes,No internet service,Two year,No,Bank transfer (automatic),91.06,5289.59,0
CUST-11903,Male,1,Yes,No,23,Yes,No,No,Yes,Yes,No,No,Yes,Yes,One year,No,Electronic check,51.35,1193.41,0
CUST-11904,Male,0,Yes,Yes,53,Yes,No,DSL,Yes,Yes,Yes,No internet service,Yes,Yes,Two year,No,Credit card (automatic),68.21,3641.11,0
CUST-11905,Male,0,Yes,Yes,68,Yes,Yes,DSL,No,No internet service,No internet service,No,Yes,No,One year,Yes,Credit card (automatic),73.92,5030.94,0
CUST-11906,Male,1,No,No,60,Yes,Yes,Fiber optic,No,No internet service,No,No internet service,Yes,Yes,Month-to-month,No,Bank transfer (automatic),100.1,5954.57,0
CUST-11907,Male,0,Yes,No,13,Yes,No phone service,Fiber optic,No,Yes,No,No,No,No internet service,Two year,Yes,Electronic check,63.54,806.84,1
CUST-11908,Male,0,No,No,13,Yes,Yes,DSL,No,No internet service,Yes,No,No,Yes,Month-to-month,Yes,Electronic check,70.3,916.64,1
CUST-11909,Female,0,No,No,8,No,Yes,DSL,No,No,No,No,Yes,No,Month-to-month,No,Electronic check,74.64,659.18,1
CUST-11910,Male,0,No,No,61,Yes,Yes,No,No,No internet service,Yes,Yes,Yes,No,Month-to-month,Yes,Bank transfer (automatic),62.2,3827.38,1
CUST-11911,Female,0,No,No,39,Yes,No,Fiber optic,No,No internet service,Yes,No,Yes,No internet service,Month-to-month,Yes,Electronic check,80.75,3156.39,1
CUST-11912,Male,0,No,No,11,Yes,No,DSL,Yes,No internet service,No,Yes,Yes,No internet service,Month-to-month,Yes,Electronic check,69.94,800.6,1
CUST-11913,Female,1,No,No,42,Yes,No,Fiber optic,Yes,No,Yes,No,Yes,No internet service,Month-to-month,No,Mailed check,104.66,4459.01,1
CUST-11914,Male,0,No,No,38,Yes,No,Fiber optic,No,No,No,Yes,Yes,No,Two year,Yes,Mailed check,56.65,2087.11,0
CUST-11915,Female,0,No,No,43,Yes,Yes,No,No internet service,No,No,No,Yes,No,Two year,No,Mailed check,71.49,3074.59,0
CUST-11916,Male,0,Yes,Yes,46,Yes,Yes,No,No,Yes,No,No internet service,No,Yes,Two year,No,Bank transfer (automatic),32.01,1390.25,0
CUST-11917,Male,0,No,Yes,12,Yes,No phone service,DSL,No,No,No,Yes,Yes,No internet service,One year,Yes,Electronic check,95.16,1141.65,1
CUST-11918,Male,1,No,Yes,28,Yes,No,No,No,No internet service,No,No,No,No internet service,One year,No,Credit card (automatic),74.16,2051.7,0
CUST-11919,Female,0,Yes,Yes,52,Yes,No,DSL,Yes,Yes,No,No,No internet service,Yes,Month-to-month,Yes,Bank transfer (automatic),67.03,3552.47,0
CUST-11920,Male,0,No,Yes,66,Yes,No,DSL,No,No,No internet service,Yes,Yes,No,Month-to-month,Yes,Credit card (automatic),94.07,6265.95,0
CUST-11921,Female,0,No,No,17,Yes,Yes,Fiber optic,No,Yes,Yes,No,Yes,No,One year,No,Mailed check,81.81,1492.51,1
CUST-11922,Female,0,No,No,41,Yes,No phone service,Fiber optic,No,No,No,Yes,No,No,Two year,Yes,Bank transfer (automatic),74.64,3046.07,1
CUST-11923,Male,1,Yes,No,69,No,Yes,DSL,Yes,Yes,No internet service,No,Yes,No,Month-to-month,No,Bank transfer (automatic),81.87,5661.64,0
CUST-11924,Male,0,Yes,No,43,Yes,No,DSL,No internet service,No internet service,Yes,No internet service,No,No,Month-to-month,No,Electronic check,91.67,3938.9,0
CUST-11925,Male,0,Yes,No,16,Yes,Yes,DSL,Yes,No internet service,No,No,No,No internet service,Month-to-month,Yes,Mailed check,54.88,943.95,1
CUST-11926,Male,0,No,No,42,Yes,No,DSL,Yes,Yes,Yes,No,No internet service,No,Month-to-month,No,Electronic check,39.37,1652.32,1
CUST-11927,Male,0,No,Yes,1,Yes,No,DSL,No,Yes,Yes,No,No internet service,Yes,Two year,Yes,Credit card (automatic),78.28,30.47,0
CUST-11928,Male,0,No,Yes,35,Yes,Yes,DSL,No,Yes,Yes,No internet service,Yes,Yes,Two year,Yes,Credit card (automatic),107.11,3663.95,0
CUST-11929,Female,0,Yes,Yes,41,Yes,No phone service,No,No,Yes,No,No,No internet service,Yes,Month-to-month,Yes,Credit card (automatic),48.81,2064.24,1
CUST-11930,Male,0,Yes,No,4,Yes,Yes,No,No,No,Yes,Yes,Yes,No,Month-to-month,No,Credit card (automatic),75.16,317.15,1
CUST-11931,Male,0,No,Yes,14,Yes,No,No,No,Yes,Yes,Yes,No,No,One year,No,Mailed check,71.32,1008.15,0
CUST-11932,Female,0,No,No,72,Yes,Yes,DSL,No,No,Yes,Yes,No,Yes,Month-to-month,No,Mailed check,92.21,6716.02,0
CUST-11933,Female,0,No,No,45,Yes,No,DSL,Yes,Yes,No,Yes,Yes,Yes,One year,Yes,Mailed check,71.16,3209.75,0
CUST-11934,Male,0,Yes,No,33,No,No,Fiber optic,Yes,Yes,Yes,No,Yes,No internet service,Two year,No,Mailed check,76.36,2445.87,0
CUST-11935,Male,0,Yes,No,16,Yes,No,Fiber optic,No,No internet service,No,No,No,No internet service,Month-to-month,No,Electronic check,92.25,1413.49,1
CUST-11936,Male,0,No,No,9,Yes,No,Fiber optic,No,No internet service,Yes,No,Yes,No,Two year,Yes,Bank transfer (automatic),66.36,627.54,1
CUST-11937,Female,0,No,No,31,Yes,No,DSL,No,Yes,Yes,Yes,No,Yes,Month-to-month,Yes,Credit card (automatic),91.25,2864.61,0
CUST-11938,Female,0,Yes,No,39,Yes,No phone service,No,No internet service,No,No internet service,No internet service,No internet service,No internet service,Month-to-month,Yes,Mailed check,41.57,1733.09,1
CUST-11939,Male,0,No,Yes,13,Yes,No,Fiber optic,No,Yes,No,Yes,Yes,Yes,One year,No,Credit card (automatic),86.43,1127.82,1
CUST-11940,Male,1,No,No,58,Yes,Yes,Fiber optic,No,No internet service,No,No,Yes,No internet service,Month-to-month,Yes,Mailed check,85.72,5067.34,1
CUST-11941,Male,0,No,No,31,Yes,No,Fiber optic,No internet service,No internet service,No internet service,No,Yes,No,One year,No,Bank transfer (automatic),73.98,2239.17,1
CUST-11942,Female,0,Yes,Yes,4,Yes,Yes,DSL,Yes,No,No internet service,No,Yes,Yes,Month-to-month,No,Electronic check,63.69,220.15,0
CUST-11943,Male,1,Yes,No,9,Yes,Yes,DSL,No,No,No internet service,Yes,Yes,Yes,Two year,Yes,Bank transfer (automatic),82.12,686.82,0
CUST-11944,Male,0,No,No,62,Yes,No,No,No,No internet service,Yes,No,No,No,Month-to-month,No,Electronic check,26.76,1672.97,0
CUST-11945,Male,0,No,No,24,Yes,No,Fiber optic,No,Yes,Yes,No internet service,No,Yes,Month-to-month,Yes,Credit card (automatic),67.57,1684.82,1
CUST-11946,Male,0,No,No,27,Yes,No,DSL,No internet service,No,No internet service,No internet service,No,No,One year,Yes,Electronic check,57.24,1539.7,0
CUST-11947,Female,0,No,No,14,Yes,No,DSL,No,Yes,No,Yes,Yes,Yes,Month-to-month,Yes,Electronic check,75.82,1017.32,1
CUST-11948,Male,0,Yes,Yes,58,Yes,No,DSL,No internet service,Yes,No,No,No,No internet service,One year,No,Credit card (automatic),42.27,2486.11,0
CUST-11949,Male,0,Yes,Yes,59,Yes,No phone service,No,Yes,No,No,No internet service,No,No,Month-to-month,No,Mailed check,35.15,2070.63,1
CUST-11950,Female,0,Yes,No,17,Yes,Yes,No,No internet service,Yes,No,Yes,No,Yes,Two year,Yes,Electronic check,18.25,345.85,0
CUST-11951,Female,0,No,No,53,Yes,Yes,Fiber optic,Yes,Yes,No,No,No,No,Month-to-month,No,Electronic check,57.33,3037.43,1
CUST-11952,Male,0,Yes,No,33,Yes,Yes,No,Yes,Yes,Yes,No internet service,No,No,Month-to-month,Yes,Mailed check,41.14,1356.06,0
CUST-11953,Male,1,No,No,12,Yes,Yes,Fiber optic,Yes,No internet service,Yes,Yes,No,Yes,Month-to-month,No,Credit card (automatic),95.77,1253.85,1
CUST-11954,Female,0,No,No,58,Yes,No phone service,No,No,Yes,Yes,Yes,Yes,No,One year,No,Mailed check,51.42,2932.81,0
CUST-11955,Male,0,No,Yes,6,No,Yes,Fiber optic,No,No,No internet service,No,Yes,Yes,Two year,Yes,Electronic check,89.19,559.24,1
CUST-11956,Female,1,No,Yes,63,Yes,Yes,No,Yes,Yes,No,No,Yes,Yes,Month-to-month,No,Mailed check,38.21,2446.67,0
CUST-11957,Female,0,No,No,1,Yes,No,No,No,No internet service,No internet service,No,No,No internet service,Month-to-month,No,Mailed check,73.31,129.33,1
CUST-11958,Female,0,No,No,23,Yes,Yes,Fiber optic,No,Yes,No,No,No,Yes,Month-to-month,Yes,Electronic check,80.14,1791.76,1
CUST-11959,Male,0,No,Yes,16,Yes,No,DSL,No,No,No internet service,No,No,No,Month-to-month,Yes,Mailed check,45.4,749.21,1
CUST-11960,Female,0,Yes,No,17,Yes,No phone service,DSL,No,No,No internet service,Yes,Yes,No internet service,Month-to-month,No,Electronic check,102.3,1718.42,1
CUST-11961,Female,0,Yes,No,35,Yes,No,DSL,No internet service,No,No,Yes,No internet service,Yes,Month-to-month,No,Bank transfer (automatic),56.88,1989.98,1
CUST-11962,Male,0,No,No,54,No,Yes,DSL,No,No internet service,No,No,Yes,Yes,Two year,No,Electronic check,68.93,3703.04,0
CUST-11963,Female,0,No,No,29,Yes,No,Fiber optic,No,Yes,No,Yes,Yes,No,Two year,Yes,Electronic check,109.2,3143.3,0
CUST-11964,Female,0,No,No,37,Yes,No,Fiber optic,No internet service,Yes,Yes,No internet service,No,No,Two year,No,Electronic check,76.56,2913.0,0
CUST-11965,Female,0,Yes,No,70,Yes,Yes,DSL,No internet service,No,Yes,No,Yes,No internet service,Month-to-month,No,Credit card (automatic),96.97,6841.33,0
CUST-11966,Male,0,No,No,36,Yes,No,No,No,No,No,Yes,No internet service,No,Month-to-month,Yes,Credit card (automatic),52.14,1809.98,1
CUST-11967,Male,0,No,No,57,Yes,No,DSL,Yes,No internet service,No internet service,No,No,No internet service,Two year,Yes,Electronic check,84.94,4830.22,0
CUST-11968,Female,0,No,Yes,28,Yes,No,DSL,Yes,Yes,Yes,No,Yes,Yes,One year,No,Mailed check,79.47,2221.0,0
CUST-11969,Male,0,Yes,No,5,No,Yes,DSL,No,No internet service,No,No internet service,Yes,No,Month-to-month,Yes,Credit card (automatic),69.68,418.7,1
CUST-11970,Female,0,No,No,18,Yes,No,No,No internet service,Yes,No internet service,Yes,Yes,No internet service,Two year,Yes,Credit card (automatic),80.99,1402.12,0
CUST-11971,Female,0,No,No,11,Yes,No,Fiber optic,Yes,Yes,Yes,No,No,Yes,Month-to-month,Yes,Electronic check,104.97,1122.08,1
CUST-11972,Female,0,No,No,66,Yes,No,DSL,No,No,No internet service,Yes,No,No,Month-to-month,No,Bank transfer (automatic),39.86,2594.93,0
CUST-11973,Male,1,Yes,Yes,1,Yes,Yes,DSL,Yes,No,Yes,No,Yes,No,Month-to-month,No,Mailed check,65.66,0.0,1
CUST-11974,Female,0,No,No,60,Yes,Yes,Fiber optic,No,Yes,Yes,No,No,No,Month-to-month,Yes,Mailed check,105.45,6231.1,0
CUST-11975,Male,0,Yes,Yes,10,Yes,No,No,No internet service,No internet service,Yes,Yes,Yes,Yes,Month-to-month,Yes,Credit card (automatic),18.25,196.27,1
CUST-11976,Female,0,Yes,Yes,10,No,No,Fiber optic,No internet service,Yes,Yes,No,Yes,No,Month-to-month,Yes,Electronic check,73.26,695.91,1
CUST-11977,Male,0,Yes,No,38,Yes,No phone service,Fiber optic,No internet service,No internet service,Yes,No,Yes,No,One year,No,Credit card (automatic),111.19,4237.35,1
CUST-11978,Male,0,No,No,5,No,No,Fiber optic,No,Yes,No,No internet service,Yes,No,Two year,No,Electronic check,96.17,400.88,1
CUST-11979,Female,1,No,No,5,No,Yes,DSL,No,Yes,Yes,Yes,No internet service,Yes,Two year,No,Electronic check,64.29,264.76,1
CUST-11980,Female,1,Yes,No,56,Yes,No,Fiber optic,No internet service,No internet service,No internet service,Yes,No,No,Month-to-month,No,Bank transfer (automatic),104.13,5809.91,0
CUST-11981,Female,0,Yes,Yes,4,Yes,No,Fiber optic,No,Yes,No,No,No internet service,No,Two year,No,Credit card (automatic),118.75,400.76,0
CUST-11982,Male,0,Yes,Yes,43,Yes,No,Fiber optic,No internet service,No,No,No,No,No,Month-to-month,No,Mailed check,71.17,3045.19,1
CUST-11983,Female,0,Yes,Yes,8,Yes,No,DSL,Yes,No internet service,No,No,Yes,No internet service,One year,No,Credit card (automatic),50.36,387.13,0
CUST-11984,Female,0,No,No,6,Yes,Yes,DSL,Yes,Yes,Yes,No,Yes,Yes,Month-to-month,No,Bank transfer (automatic),109.39,636.2,0
CUST-11985,Female,0,Yes,No,48,No,Yes,Fiber optic,Yes,No,No,Yes,No,No internet service,One year,Yes,Bank transfer (automatic),110.16,5219.18,0
CUST-11986,Female,0,Yes,Yes,28,Yes,Yes,Fiber optic,No internet service,No,Yes,No,Yes,No internet service,Month-to-month,Yes,Electronic check,84.21,2416.62,1
CUST-11987,Male,0,No,No,1,No,Yes,Fiber optic,Yes,Yes,No internet service,Yes,No,Yes,Two year,No,Electronic check,91.13,30.46,1
CUST-11988,Male,1,Yes,No,49,Yes,No,No,No internet service,Yes,No,No,No internet service,No,One year,No,Bank transfer (automatic),66.91,3269.52,0
CUST-11989,Female,0,No,No,70,Yes,Yes,No,No,Yes,Yes,No,Yes,Yes,Month-to-month,Yes,Electronic check,66.94,4677.12,1
CUST-11990,Female,0,No,No,40,Yes,No,No,No,No,No,No internet service,No internet service,No,Month-to-month,Yes,Credit card (automatic),68.29,2732.79,0
CUST-11991,Male,1,No,No,27,Yes,Yes,Fiber optic,No,No,Yes,No,No internet service,No internet service,Month-to-month,Yes,Electronic check,73.63,1918.39,0
CUST-11992,Male,0,No,No,61,Yes,No,No,No,No,No internet service,No,Yes,Yes,Month-to-month,No,Mailed check,44.69,2739.36,0
CUST-11993,Female,0,Yes,No,24,Yes,No,Fiber optic,Yes,No,No,No,No,No internet service,Month-to-month,Yes,Electronic check,118.75,2814.7,1
CUST-11994,Female,0,No,Yes,44,Yes,Yes,Fiber optic,No,No,No,No,Yes,No,Month-to-month,Yes,Mailed check,103.06,4560.66,1
CUST-11995,Male,0,No,Yes,34,Yes,No,Fiber optic,No internet service,No internet service,Yes,No,Yes,No,Two year,No,Electronic check,118.75,4082.4,1
CUST-11996,Female,0,Yes,No,53,Yes,No phone service,DSL,Yes,No,No,No,Yes,No,Month-to-month,Yes,Credit card (automatic),78.94,4185.87,0
CUST-11997,Female,0,No,No,37,Yes,No phone service,Fiber optic,Yes,No internet service,No internet service,Yes,Yes,Yes,Month-to-month,No,Electronic check,79.83,2924.71,0
CUST-11998,Male,0,No,Yes,35,Yes,Yes,Fiber optic,No internet service,No,No,No,No internet service,Yes,Two year,Yes,Mailed check,71.02,2565.69,1
CUST-11999,Male,0,No,No,30,Yes,No,No,Yes,No internet service,No,No,No internet service,No,One year,No,Bank transfer (automatic),41.72,1271.9,1
CUST-12000,Female,0,No,No,21,Yes,Yes,Fiber optic,Yes,No internet service,Yes,No,Yes,No,One year,No,Credit card (automatic),114.47,2364.51,0
CUST-12001,Male,0,Yes,Yes,35,No,No,No,No internet service,No,No internet service,No internet service,Yes,No,Month-to-month,Yes,Credit card (automatic),52.14,1767.71,1
CUST-12002,Male,0,No,Yes,4,Yes,Yes,DSL,No,No,No,No,No,Yes,One year,Yes,Electronic check,45.94,202.41,0
CUST-12003,Male,0,No,No,24,Yes,No phone service,No,Yes,Yes,No,Yes,No,No,One year,Yes,Electronic check,30.4,712.77,0
CUST-12004,Female,0,No,No,5,Yes,No,Fiber optic,No internet service,No,Yes,Yes,Yes,No,Month-to-month,Yes,Electronic check,118.75,538.32,1
CUST-12005,Male,0,Yes,Yes,23,Yes,Yes,Fiber optic,No,No,Yes,Yes,No internet service,No internet service,Two year,No,Credit card (automatic),73.18,1686.95,0
CUST-12006,Male,0,No,No,25,No,No phone service,Fiber optic,Yes,No,Yes,Yes,No,No,Month-to-month,Yes,Credit card (automatic),95.3,2319.48,1
CUST-12007,Male,0,No,No,1,Yes,No,No,No,Yes,No internet service,Yes,Yes,Yes,One year,Yes,Bank transfer (automatic),67.86,71.74,0
CUST-12008,Female,0,Yes,No,21,Yes,Yes,DSL,No internet service,No internet service,No,No internet service,No,No internet service,Month-to-month,No,Bank transfer (automatic),68.8,1457.95,1
CUST-12009,Female,0,No,Yes,49,Yes,No,Fiber optic,No,Yes,Yes,No,Yes,No internet service,Month-to-month,No,Mailed check,42.49,2039.36,1
CUST-12010,Male,0,No,Yes,70,Yes,No,No,No,No internet service,No,No internet service,Yes,No,Month-to-month,Yes,Credit card (automatic),25.41,1795.28,0
CUST-12011,Male,0,No,Yes,45,Yes,Yes,DSL,No,No internet service,No,No,Yes,Yes,One year,Yes,Electronic check,56.0,2481.55,1
CUST-12012,Male,0,No,No,51,Yes,Yes,Fiber optic,Yes,Yes,Yes,No,Yes,No,Two year,No,Credit card (automatic),61.46,3132.14,0
CUST-12013,Female,0,Yes,No,48,No,Yes,Fiber optic,No,No,No,No,No internet service,No internet service,Two year,Yes,Mailed check,118.53,5611.07,0
CUST-12014,Female,0,No,No,68,Yes,Yes,No,Yes,No,Yes,No,No,Yes,Month-to-month,No,Mailed check,65.99,4491.17,0
CUST-12015,Male,0,No,Yes,68,Yes,No,No,No internet service,No internet service,No,No,No internet service,Yes,One year,No,Mailed check,74.81,5139.44,1
CUST-12016,Male,0,No,No,8,Yes,Yes,DSL,Yes,No internet service,No,No,No,No internet service,Month-to-month,Yes,Mailed check,57.06,380.77,1
CUST-12017,Female,0,Yes,No,34,Yes,No,Fiber optic,Yes,No,Yes,No internet service,No,Yes,Month-to-month,No,Credit card (automatic),85.25,2934.47,1
CUST-12018,Female,0,Yes,No,66,Yes,No phone service,Fiber optic,Yes,No internet service,No,No,No,No,Month-to-month,Yes,Electronic check,110.48,7262.53,1
CUST-12019,Male,0,No,No,64,Yes,No phone service,Fiber optic,No internet service,Yes,Yes,No,Yes,No internet service,One year,Yes,Electronic check,54.64,3541.07,1
CUST-12020,Male,1,Yes,No,39,Yes,No,DSL,No,Yes,No internet service,No internet service,Yes,Yes,One year,Yes,Bank transfer (automatic),111.84,4447.93,1
CUST-12021,Female,0,No,Yes,32,Yes,No,DSL,No,No,Yes,No,Yes,No internet service,Two year,No,Bank transfer (automatic),98.07,3142.07,0
CUST-12022,Female,1,No,Yes,4,Yes,No phone service,Fiber optic,No,No,Yes,No,No,No internet service,One year,Yes,Mailed check,98.35,420.05,1
CUST-12023,Female,0,No,No,34,Yes,No,DSL,No,Yes,Yes,No internet service,No internet service,No,One year,Yes,Bank transfer (automatic),62.55,2144.78,0
CUST-12024,Male,0,Yes,Yes,36,Yes,No,Fiber optic,No internet service,No,No,No,Yes,No,Month-to-month,Yes,Mailed check,63.48,2332.8,1
CUST-12025,Male,0,No,Yes,46,Yes,Yes,DSL,No,Yes,Yes,No,Yes,Yes,Month-to-month,No,Credit card (automatic),88.43,4056.24,1
CUST-12026,Female,0,Yes,No,38,Yes,Yes,No,Yes,Yes,No,No,No internet service,No,Two year,Yes,Bank transfer (automatic),80.44,3089.87,0
CUST-12027,Female,0,No,Yes,15,Yes,No,No,No internet service,No internet service,No internet service,No,Yes,Yes,One year,Yes,Credit card (automatic),57.41,825.62,0
CUST-12028,Female,0,No,No,70,Yes,Yes,Fiber optic,No,No,Yes,Yes,Yes,No,Month-to-month,Yes,Bank transfer (automatic),102.85,7255.52,1
CUST-12029,Male,0,No,No,15,Yes,Yes,No,No,No,Yes,No,Yes,No,Two year,No,Bank transfer (automatic),63.39,897.55,0
CUST-12030,Female,0,Yes,No,27,Yes,Yes,No,Yes,No,Yes,No internet service,Yes,No internet service,Month-to-month,No,Mailed check,53.56,1422.58,1
CUST-12031,Male,1,Yes,Yes,37,Yes,No,Fiber optic,No internet service,No,No,No,Yes,Yes,One year,Yes,Mailed check,100.06,3670.07,1
CUST-12032,Male,0,No,No,21,Yes,Yes,Fiber optic,No internet service,Yes,No,No internet service,No,Yes,Month-to-month,Yes,Electronic check,118.75,2512.59,1
CUST-12033,Female,0,No,No,5,Yes,Yes,Fiber optic,No,No,No internet service,No internet service,Yes,Yes,Month-to-month,Yes,Mailed check,101.47,545.41,1
CUST-12034,Female,0,No,No,44,Yes,No,No,Yes,No internet service,No,No,No,No internet service,Month-to-month,Yes,Electronic check,52.79,2349.29,1
CUST-12035,Female,0,No,No,17,Yes,Yes,Fiber optic,Yes,Yes,No,No,No,Yes,One year,No,Credit card (automatic),74.05,1232.13,0
CUST-12036,Female,1,No,No,64,Yes,No,Fiber optic,No,Yes,Yes,No,Yes,Yes,Month-to-month,No,Credit card (automatic),106.59,6894.86,1
CUST-12037,Male,0,Yes,Yes,57,Yes,Yes,Fiber optic,No,No,No internet service,No internet service,No internet service,No internet service,Month-to-month,Yes,Mailed check,91.75,5287.69,0
CUST-12038,Female,1,No,Yes,31,Yes,No,DSL,No,No,Yes,No,No internet service,Yes,Month-to-month,No,Electronic check,77.07,2402.29,1
CUST-12039,Male,0,No,No,33,No,No,No,No,Yes,No,Yes,No internet service,No,Two year,No,Mailed check,61.21,1989.3,0
CUST-12040,Male,0,No,No,69,Yes,Yes,No,Yes,No,No internet service,Yes,Yes,No,Month-to-month,No,Credit card (automatic),50.56,3420.62,0
CUST-12041,Female,0,Yes,No,1,Yes,No,DSL,Yes,No internet service,Yes,No,No,No internet service,Month-to-month,Yes,Electronic check,82.74,117.58,1
CUST-12042,Female,0,No,Yes,27,Yes,No,DSL,No internet service,Yes,Yes,No,No,No,Month-to-month,No,Credit card (automatic),78.92,2115.07,1
CUST-12043,Female,0,Yes,Yes,4,No,No phone service,No,Yes,Yes,Yes,No,Yes,No,Month-to-month,Yes,Electronic check,43.01,219.73,0
CUST-12044,Male,0,No,No,10,Yes,No,DSL,No internet service,No,No internet service,No,No,Yes,One year,No,Mailed check,92.76,978.95,0
CUST-12045,Female,1,No,No,67,Yes,No,Fiber optic,No,No,No,No,No,No,Two year,Yes,Credit card (automatic),38.25,2540.37,0
CUST-12046,Male,0,No,Yes,7,Yes,Yes,Fiber optic,Yes,Yes,No,No,Yes,No,Month-to-month,No,Bank transfer (automatic),101.78,712.98,1
CUST-12047,Female,0,Yes,No,69,Yes,Yes,Fiber optic,No,No,No,No,No,Yes,One year,Yes,Electronic check,69.61,4801.89,1
CUST-12048,Female,0,Yes,No,57,Yes,Yes,DSL,No internet service,No,No,No,No internet service,No internet service,Month-to-month,Yes,Credit card (automatic),98.01,5658.83,0
CUST-12049,Female,1,Yes,Yes,46,Yes,No,DSL,No internet service,No,No,No,No,No,Month-to-month,Yes,Credit card (automatic),38.35,1745.73,0
CUST-12050,Male,0,Yes,No,54,Yes,No phone service,Fiber optic,No,No,No,No,No internet service,No,Month-to-month,Yes,Electronic check,79.38,4318.69,0
CUST-12051,Male,0,Yes,Yes,13,Yes,Yes,Fiber optic,Yes,Yes,No internet service,No,Yes,Yes,Two year,Yes,Mailed check,98.03,1277.84,0
CUST-12052,Male,0,No,No,8,Yes,No,No,No,Yes,Yes,No,No,No,Two year,No,Bank transfer (automatic),47.24,455.14,0
CUST-12053,Female,0,Yes,Yes,26,Yes,No phone service,No,Yes,No internet service,Yes,No,No,No,Month-to-month,Yes,Bank transfer (automatic),35.76,896.64,0
CUST-12054,Female,0,Yes,No,55,Yes,Yes,No,No,No,No,No,Yes,No,One year,Yes,Mailed check,71.96,3905.37,0
CUST-12055,Male,0,No,Yes,22,Yes,Yes,Fiber optic,No internet service,No,Yes,No internet service,Yes,No,Month-to-month,No,Credit card (automatic),63.66,1306.39,1
CUST-12056,Female,0,Yes,No,12,Yes,Yes,Fiber optic,No,No,No,No,Yes,No internet service,One year,No,Electronic check,92.0,1112.16,1
CUST-12057,Female,0,Yes,No,57,Yes,Yes,DSL,No internet service,No,No internet service,No,No,No,Two year,No,Electronic check,62.44,3570.99,0
CUST-12058,Male,0,No,No,46,No,No,Fiber optic,No,No internet service,No,No,Yes,No internet service,Two year,No,Mailed check,105.33,4834.07,1
CUST-12059,Male,0,Yes,No,39,Yes,No,Fiber optic,Yes,No,Yes,No,Yes,Yes,One year,No,Electronic check,78.45,3104.78,1
CUST-12060,Female,0,Yes,No,30,Yes,No,No,Yes,Yes,No internet service,No internet service,No internet service,No,Month-to-month,Yes,Electronic check,50.12,1579.48,1
CUST-12061,Female,0,No,Yes,56,Yes,Yes,Fiber optic,No,Yes,No,Yes,No internet service,Yes,Month-to-month,Yes,Credit card (automatic),83.93,4661.13,0
CUST-12062,Male,0,Yes,No,53,Yes,No,DSL,No,Yes,Yes,No,No,No internet service,Month-to-month,No,Mailed check,73.73,3896.02,0
CUST-12063,Female,0,Yes,No,26,Yes,Yes,Fiber optic,No,Yes,No,Yes,No,No,Month-to-month,No,Mailed check,92.99,2333.19,1
CUST-12064,Female,1,Yes,No,9,Yes,No,Fiber optic,Yes,No,Yes,No,No,Yes,Month-to-month,No,Credit card (automatic),90.82,820.34,1
CUST-12065,Female,0,Yes,Yes,63,Yes,Yes,No,No,Yes,Yes,No,No,No internet service,One year,No,Credit card (automatic),48.81,3043.09,0
CUST-12066,Female,0,No,Yes,9,Yes,No,Fiber optic,Yes,No,Yes,Yes,No,Yes,Month-to-month,Yes,Bank transfer (automatic),76.04,662.77,1
CUST-12067,Female,0,Yes,No,31,Yes,No,Fiber optic,Yes,No,No,No internet service,No,No internet service,One year,No,Bank transfer (automatic),94.68,2927.43,0
CUST-12068,Male,0,Yes,Yes,65,Yes,Yes,DSL,No internet service,Yes,No,No,Yes,No internet service,Two year,No,Electronic check,51.44,3367.69,0
CUST-12069,Male,0,Yes,Yes,30,Yes,No,No,No,Yes,No,No internet service,Yes,No,Month-to-month,No,Electronic check,57.49,1710.89,1
CUST-12070,Male,0,No,No,60,Yes,No,Fiber optic,No internet service,Yes,No,No,No,Yes,Two year,Yes,Electronic check,89.69,5479.5,1
CUST-12071,Female,0,Yes,Yes,35,Yes,No,Fiber optic,No internet service,No,No internet service,No,No,Yes,Two year,No,Mailed check,45.21,1576.5,0
CUST-12072,Male,0,No,Yes,54,Yes,No phone service,Fiber optic,No,No,No internet service,No internet service,No internet service,Yes,Month-to-month,Yes,Electronic check,93.86,4996.43,1
CUST-12073,Male,0,Yes,Yes,43,Yes,Yes,No,No,No,Yes,No internet service,Yes,No internet service,Two year,Yes,Credit card (automatic),83.97,3571.9,0
CUST-12074,Female,1,No,No,20,Yes,No,Fiber optic,No,Yes,Yes,No,No,Yes,Two year,No,Credit card (automatic),88.03,1789.66,0
CUST-12075,Male,0,Yes,No,65,Yes,Yes,DSL,Yes,No internet service,No,Yes,No,Yes,Month-to-month,Yes,Bank transfer (automatic),78.6,5140.06,0
CUST-12076,Male,0,Yes,Yes,34,Yes,No,Fiber optic,No internet service,No,Yes,Yes,No,Yes,Month-to-month,Yes,Bank transfer (automatic),75.71,2571.35,1
CUST-12077,Male,0,No,No,33,Yes,Yes,DSL,No internet service,No,No,Yes,No,No,Month-to-month,Yes,Mailed check,118.75,3916.21,1
CUST-12078,Male,0,Yes,No,48,Yes,No,No,No,No,Yes,Yes,No internet service,No,Month-to-month,Yes,Electronic check,94.88,4561.38,1
CUST-12079,Male,0,No,Yes,67,Yes,No,No,No,Yes,No,No,No internet service,No,Two year,Yes,Credit card (automatic),84.69,5704.74,1
CUST-12080,Female,0,No,No,63,Yes,Yes,Fiber optic,Yes,No,No,No,No internet service,No internet service,Two year,Yes,Electronic check,118.75,7476.96,1
CUST-12081,Male,0,No,No,28,Yes,No,DSL,Yes,No,No internet service,No,No,Yes,One year,No,Bank transfer (automatic),57.37,1541.19,1
CUST-12082,Male,0,Yes,No,16,Yes,Yes,No,No,Yes,No,No internet service,Yes,Yes,Month-to-month,Yes,Electronic check,24.61,355.66,1
CUST-12083,Female,0,No,No,23,Yes,No phone service,No,No internet service,Yes,No,No,No,No,Month-to-month,Yes,Bank transfer (automatic),106.74,2422.85,1
CUST-12084,Male,1,Yes,No,19,No,No,Fiber optic,Yes,No,No,No internet service,No,Yes,One year,No,Bank transfer (automatic),86.78,1587.21,0
CUST-12085,Female,0,No,No,21,Yes,Yes,Fiber optic,No internet service,No,No,No internet service,No internet service,Yes,Month-to-month,No,Electronic check,73.43,1478.08,1
CUST-12086,Female,0,No,No,31,Yes,Yes,DSL,No,No internet service,Yes,No,No,No internet service,One year,No,Bank transfer (automatic),84.27,2625.76,1
CUST-12087,Female,0,No,Yes,1,Yes,No,Fiber optic,No,No,No,No internet service,No internet service,Yes,Month-to-month,No,Bank transfer (automatic),67.64,61.85,1
CUST-12088,Male,1,No,No,38,Yes,No,No,Yes,No internet service,No,No internet service,No,No internet service,Two year,No,Mailed check,55.29,2131.67,0
CUST-12089,Male,0,No,No,61,Yes,Yes,Fiber optic,Yes,Yes,No,No,No,No internet service,Month-to-month,No,Mailed check,73.48,4565.67,0
CUST-12090,Female,0,No,Yes,31,Yes,No phone service,DSL,No,No,Yes,No,No internet service,Yes,Month-to-month,Yes,Electronic check,93.11,2921.03,1
CUST-12091,Male,0,Yes,No,5,Yes,No,Fiber optic,No,Yes,Yes,No,Yes,Yes,Month-to-month,Yes,Mailed check,72.54,392.63,1
CUST-12092,Female,0,No,No,28,Yes,No phone service,Fiber optic,No,No internet service,No,No,No internet service,Yes,Month-to-month,Yes,Bank transfer (automatic),66.3,1778.74,1
CUST-12093,Male,0,Yes,Yes,24,Yes,Yes,DSL,Yes,No,No,No internet service,No internet service,Yes,Month-to-month,No,Electronic check,56.2,1374.07,1
CUST-12094,Male,1,Yes,No,43,Yes,No,No,Yes,No,Yes,Yes,No internet service,No,One year,Yes,Mailed check,56.72,2433.65,0
CUST-12095,Female,0,No,No,18,Yes,Yes,DSL,Yes,Yes,No internet service,No,Yes,No internet service,Two year,No,Mailed check,62.65,1182.63,0
CUST-12096,Female,0,Yes,No,21,Yes,Yes,DSL,No,No,No internet service,No internet service,No internet service,Yes,Two year,Yes,Bank transfer (automatic),92.59,1878.23,0
CUST-12097,Female,0,No,No,54,Yes,Yes,No,No,No,No,No,Yes,No,One year,No,Mailed check,49.36,2705.45,1
CUST-12098,Female,0,Yes,No,12,Yes,Yes,DSL,Yes,Yes,No,Yes,Yes,No,Two year,No,Credit card (automatic),87.28,1014.73,0
CUST-12099,Male,1,Yes,No,68,Yes,No,Fiber optic,No internet service,No,No,No,Yes,Yes,Month-to-month,Yes,Credit card (automatic),71.11,4782.18,1
CUST-12100,Female,0,No,Yes,21,Yes,Yes,Fiber optic,Yes,No,Yes,Yes,Yes,Yes,Two year,Yes,Mailed check,86.72,1919.14,0
CUST-12101,Female,0,Yes,No,59,Yes,Yes,DSL,No internet service,No,Yes,No,Yes,Yes,Month-to-month,Yes,Bank transfer (automatic),74.42,4391.05,0
CUST-12102,Male,0,No,No,5,Yes,No,Fiber optic,No,No,No internet service,No internet service,No internet service,No internet service,One year,No,Electronic check,73.81,360.18,1
CUST-12103,Male,0,No,No,23,Yes,No,Fiber optic,No,No,No,No,No,Yes,Two year,Yes,Mailed check,80.05,1810.99,0
CUST-12104,Female,0,No,Yes,27,Yes,No,No,Yes,Yes,No internet service,No internet service,No,Yes,One year,No,Bank transfer (automatic),58.0,1546.94,0
CUST-12105,Male,0,Yes,No,33,Yes,No,No,No,No,No,Yes,No internet service,No,Month-to-month,Yes,Electronic check,18.25,578.93,0
CUST-12106,Female,0,No,No,6,Yes,Yes,DSL,No,No internet service,Yes,No,No internet service,Yes,Month-to-month,No,Credit card (automatic),66.03,380.67,0
CUST-12107,Male,0,Yes,Yes,18,Yes,No,Fiber optic,Yes,Yes,Yes,No,No internet service,Yes,Two year,Yes,Mailed check,87.5,1564.38,1
CUST-12108,Male,0,Yes,No,64,Yes,No,Fiber optic,Yes,No internet service,Yes,Yes,No internet service,No internet service,Two year,Yes,Mailed check,64.07,4084.35,0
CUST-12109,Male,0,Yes,No,67,Yes,Yes,DSL,No,No internet service,No,No internet service,No internet service,No internet service,One year,No,Electronic check,33.65,2197.31,0
CUST-12110,Male,0,Yes,No,32,Yes,Yes,DSL,No,Yes,Yes,Yes,Yes,Yes,Month-to-month,No,Credit card (automatic),73.4,2346.31,1
CUST-12111,Female,0,No,No,8,Yes,No phone service,Fiber optic,No,Yes,No internet service,No internet service,No,Yes,Month-to-month,Yes,Electronic check,69.99,569.89,1
CUST-12112,Female,0,Yes,Yes,20,No,Yes,Fiber optic,Yes,No,No,Yes,No,No internet service,Month-to-month,No,Electronic check,55.69,1149.07,1
CUST-12113,Female,1,Yes,No,69,Yes,Yes,No,Yes,No internet service,Yes,No internet service,Yes,Yes,Month-to-month,Yes,Electronic check,33.23,2343.73,0
CUST-12114,Female,0,No,Yes,67,Yes,Yes,DSL,No,Yes,No,No internet service,Yes,No,Month-to-month,No,Credit card (automatic),79.97,5338.28,0
CUST-12115,Male,1,No,No,59,Yes,No,DSL,Yes,No internet service,No internet service,No internet service,No,Yes,Month-to-month,No,Electronic check,82.84,4901.01,1
CUST-12116,Female,0,Yes,No,62,Yes,No,No,Yes,Yes,Yes,No,No internet service,No,One year,No,Bank transfer (automatic),45.13,2831.67,0
CUST-12117,Female,0,Yes,Yes,51,Yes,No phone service,No,Yes,No,No,No,No,Yes,Month-to-month,No,Credit card (automatic),72.6,3671.09,1
CUST-12118,Female,0,Yes,No,45,Yes,No,Fiber optic,No internet service,No internet service,No,No,No,No,Month-to-month,Yes,Electronic check,103.37,4658.95,0
CUST-12119,Female,0,No,No,56,Yes,No,Fiber optic,No,Yes,No internet service,No,Yes,No internet service,Month-to-month,Yes,Bank transfer (automatic),65.59,3686.48,1
CUST-12120,Female,0,No,No,47,Yes,Yes,No,No,No,No internet service,Yes,Yes,No,One year,No,Mailed check,37.99,1692.29,0
CUST-12121,Female,0,No,Yes,24,Yes,Yes,DSL,No,Yes,No internet service,Yes,No internet service,No internet service,Month-to-month,Yes,Electronic check,32.33,772.19,1
CUST-12122,Female,0,No,No,46,No,No,Fiber optic,No,No,No,No,Yes,No,One year,No,Mailed check,116.96,5383.86,0
CUST-12123,Female,0,Yes,No,21,Yes,No phone service,Fiber optic,Yes,No internet service,No internet service,No,No,Yes,Month-to-month,Yes,Electronic check,80.27,1647.9,1
CUST-12124,Female,0,No,Yes,45,Yes,No,Fiber optic,Yes,Yes,No,No internet service,Yes,No internet service,Month-to-month,No,Electronic check,118.75,5387.11,1
CUST-12125,Male,0,Yes,No,27,Yes,No phone service,No,Yes,No,No,No,Yes,No internet service,Two year,Yes,Credit card (automatic),40.84,1186.44,0
CUST-12126,Male,0,Yes,No,35,Yes,No,No,No internet service,No internet service,No internet service,No,No,Yes,Month-to-month,Yes,Electronic check,45.88,1620.49,1
CUST-12127,Female,0,Yes,No,13,Yes,No,Fiber optic,No,No internet service,Yes,No,No,No internet service,One year,Yes,Electronic check,101.33,1256.25,0
CUST-12128,Male,1,Yes,No,69,Yes,No,DSL,No internet service,No internet service,No internet service,No internet service,Yes,No internet service,Month-to-month,No,Credit card (automatic),110.44,7607.07,0
CUST-12129,Male,1,No,Yes,54,Yes,No,No,No internet service,No internet service,No,Yes,No internet service,Yes,Month-to-month,Yes,Credit card (automatic),88.62,4737.73,0
CUST-12130,Female,0,Yes,No,7,Yes,Yes,Fiber optic,Yes,Yes,No internet service,No,Yes,No,Month-to-month,No,Mailed check,89.98,728.38,1
CUST-12131,Female,0,Yes,Yes,34,No,Yes,DSL,No,No,No,Yes,No,Yes,Month-to-month,Yes,Mailed check,73.22,2460.32,0
CUST-12132,Female,0,Yes,No,33,Yes,Yes,Fiber optic,No,No,Yes,Yes,No,Yes,Month-to-month,Yes,Credit card (automatic),77.99,2579.96,1
CUST-12133,Male,0,No,Yes,64,Yes,Yes,Fiber optic,No,No,No,No,No,Yes,Two year,Yes,Electronic check,118.75,7652.54,1
CUST-12134,Male,1,No,Yes,55,Yes,Yes,DSL,No internet service,No,Yes,No,No,Yes,Month-to-month,Yes,Bank transfer (automatic),88.37,4816.03,0
CUST-12135,Female,0,No,No,64,Yes,No,DSL,No,Yes,Yes,No,Yes,No internet service,One year,Yes,Electronic check,62.51,3962.54,0
CUST-12136,Female,0,No,No,34,Yes,No,No,No,No internet service,Yes,No internet service,No,Yes,Month-to-month,Yes,Credit card (automatic),68.77,2397.15,0
CUST-12137,Male,0,No,Yes,11,Yes,No,No,No,No,No internet service,No internet service,Yes,No,One year,Yes,Bank transfer (automatic),63.31,753.93,0
CUST-12138,Female,0,Yes,No,52,Yes,No,Fiber optic,No internet service,No,No internet service,No,Yes,No internet service,Two year,No,Credit card (automatic),76.16,3910.01,0
CUST-12139,Male,1,Yes,Yes,15,Yes,No,DSL,Yes,No,No,Yes,Yes,No,Month-to-month,Yes,Credit card (automatic),64.44,914.34,1
CUST-12140,Female,0,Yes,No,46,Yes,No,Fiber optic,No,No,Yes,Yes,No,No internet service,Two year,No,Credit card (automatic),66.48,3085.12,0
CUST-12141,Female,0,Yes,Yes,29,Yes,No,Fiber optic,No internet service,No,No,Yes,No internet service,No,Two year,Yes,Electronic check,112.9,3300.4,1
CUST-12142,Female,0,No,No,25,Yes,Yes,DSL,Yes,No,Yes,Yes,Yes,Yes,Two year,No,Bank transfer (automatic),64.04,1570.78,0
CUST-12143,Female,1,Yes,Yes,8,Yes,No,Fiber optic,No,No internet service,Yes,No,No,No,Month-to-month,Yes,Credit card (automatic),65.62,537.07,1
CUST-12144,Male,0,Yes,No,58,Yes,No,DSL,No,No internet service,No internet service,No,No,No,One year,No,Electronic check,104.35,5995.25,0
CUST-12145,Male,0,No,No,50,Yes,Yes,No,No,No internet service,Yes,Yes,Yes,No,Month-to-month,No,Electronic check,56.29,2838.67,0
CUST-12146,Male,1,Yes,No,24,Yes,No,No,Yes,No,Yes,Yes,No,Yes,Month-to-month,Yes,Bank transfer (automatic),18.25,448.61,0
CUST-12147,Female,0,Yes,No,53,Yes,Yes,No,Yes,No internet service,Yes,Yes,No internet service,No,Month-to-month,Yes,Bank transfer (automatic),64.04,3309.84,0
CUST-12148,Female,1,Yes,Yes,72,Yes,No,DSL,No,Yes,No internet service,Yes,No internet service,Yes,Month-to-month,No,Mailed check,35.87,2562.81,0
CUST-12149,Female,0,No,Yes,52,No,No,Fiber optic,No,No,No,Yes,No,No internet service,One year,Yes,Electronic check,73.45,3801.7,0
CUST-12150,Male,0,Yes,No,69,Yes,No,Fiber optic,No internet service,Yes,No,Yes,No,No internet service,Month-to-month,Yes,Bank transfer (automatic),98.72,6841.64,0
CUST-12151,Male,0,Yes,Yes,34,Yes,No,Fiber optic,No,No,Yes,No,Yes,Yes,Month-to-month,No,Electronic check,98.13,3283.46,1
CUST-12152,Female,0,Yes,No,27,Yes,No,Fiber optic,No,No internet service,No,No,Yes,No,Month-to-month,Yes,Credit card (automatic),74.4,2062.66,1
CUST-12153,Female,0,No,No,61,Yes,Yes,No,Yes,No,No,No,No,Yes,Two year,No,Bank transfer (automatic),23.14,1412.6,0
CUST-12154,Female,0,Yes,No,48,Yes,No,No,No internet service,No,Yes,Yes,Yes,No,Two year,Yes,Bank transfer (automatic),85.72,4165.27,0
CUST-12155,Male,0,Yes,No,44,Yes,No,DSL,Yes,No,Yes,No,No,Yes,Month-to-month,Yes,Electronic check,104.62,4533.35,1
CUST-12156,Male,0,No,No,46,Yes,Yes,Fiber optic,No internet service,Yes,Yes,No,Yes,No,Month-to-month,Yes,Bank transfer (automatic),83.9,3871.7,1
CUST-12157,Female,0,No,No,72,No,Yes,DSL,No internet service,No internet service,No internet service,No,No,No,Month-to-month,Yes,Credit card (automatic),73.59,5305.48,0
CUST-12158,Female,0,Yes,No,50,Yes,No phone service,Fiber optic,No internet service,Yes,No,Yes,No,No internet service,Month-to-month,Yes,Electronic check,74.99,3758.15,1
CUST-12159,Male,0,Yes,No,59,Yes,Yes,Fiber optic,Yes,Yes,No internet service,No internet service,No internet service,Yes,Month-to-month,No,Bank transfer (automatic),83.7,4954.01,1
CUST-12160,Female,1,Yes,No,2,Yes,No,No,Yes,Yes,No,Yes,Yes,No internet service,Two year,Yes,Mailed check,49.58,111.43,0
CUST-12161,Male,1,No,No,52,Yes,Yes,No,No,No internet service,No,No internet service,No internet service,Yes,Two year,No,Electronic check,64.75,3254.65,1
CUST-12162,Male,0,Yes,No,23,Yes,Yes,DSL,No,No,No,No,No,Yes,Month-to-month,Yes,Credit card (automatic),40.76,1019.26,1
CUST-12163,Female,0,No,Yes,9,Yes,No,No,No,No,Yes,Yes,No,Yes,Month-to-month,Yes,Mailed check,57.57,485.26,1
CUST-12164,Female,0,No,No,20,Yes,No,Fiber optic,No,No,No,Yes,No,Yes,Month-to-month,Yes,Mailed check,118.75,2345.15,1
CUST-12165,Female,0,No,No,60,No,No,Fiber optic,No,Yes,Yes,Yes,Yes,No,Month-to-month,Yes,Credit card (automatic),82.33,4942.44,0
CUST-12166,Male,0,Yes,Yes,59,No,Yes,Fiber optic,No,Yes,Yes,No,Yes,Yes,One year,Yes,Electronic check,69.36,4115.78,0
CUST-12167,Female,0,No,Yes,22,Yes,No,DSL,No,Yes,No internet service,No internet service,No,No,One year,Yes,Bank transfer (automatic),96.24,2051.11,1
CUST-12168,Female,0,No,No,14,Yes,No,DSL,No,No,No internet service,No internet service,No internet service,No internet service,Month-to-month,No,Electronic check,52.23,656.27,1
CUST-12169,Female,0,No,Yes,30,Yes,Yes,DSL,Yes,Yes,No internet service,No internet service,No internet service,No internet service,Month-to-month,No,Credit card (automatic),47.85,1509.05,1
CUST-12170,Male,0,Yes,No,24,Yes,No,Fiber optic,No,No,Yes,No,Yes,No,Month-to-month,Yes,Credit card (automatic),52.4,1240.27,0
CUST-12171,Female,0,No,No,33,Yes,Yes,DSL,No internet service,No,Yes,No,Yes,No,Two year,Yes,Bank transfer (automatic),84.2,2793.34,0
CUST-12172,Female,0,No,No,57,No,Yes,Fiber optic,No internet service,No,Yes,No,No,Yes,Month-to-month,Yes,Mailed check,63.79,3585.11,0
CUST-12173,Female,0,No,Yes,24,Yes,Yes,No,No,No internet service,No internet service,Yes,No,Yes,Month-to-month,Yes,Bank transfer (automatic),18.25,518.5,0
CUST-12174,Male,0,No,No,12,Yes,Yes,Fiber optic,No,Yes,Yes,No,Yes,No internet service,Month-to-month,Yes,Bank transfer (automatic),91.92,1144.66,1
CUST-12175,Female,0,No,No,7,Yes,No,DSL,No internet service,No,Yes,Yes,No,No internet service,Month-to-month,No,Mailed check,52.5,339.47,0
CUST-12176,Male,0,Yes,No,50,Yes,No phone service,Fiber optic,No,Yes,No,No,No,No internet service,One year,No,Electronic check,101.13,5132.89,1
CUST-12177,Male,0,No,No,14,Yes,Yes,DSL,No internet service,No internet service,No,No,No internet service,No,Month-to-month,Yes,Credit card (automatic),84.34,1214.1,1
CUST-12178,Female,0,No,No,16,Yes,Yes,Fiber optic,Yes,No internet service,No,Yes,Yes,No internet service,Month-to-month,No,Bank transfer (automatic),90.63,1490.63,1
CUST-12179,Male,0,No,Yes,58,Yes,No phone service,DSL,No,Yes,No,Yes,No internet service,Yes,Two year,Yes,Electronic check,58.41,3432.22,0
CUST-12180,Female,0,Yes,No,6,Yes,Yes,DSL,Yes,Yes,No,Yes,No internet service,No,Month-to-month,Yes,Mailed check,90.24,522.84,1
CUST-12181,Male,0,Yes,No,47,Yes,Yes,No,Yes,Yes,No internet service,No,No,No,Month-to-month,Yes,Bank transfer (automatic),20.5,1053.86,1
CUST-12182,Female,0,No,No,0,Yes,No,DSL,No,Yes,Yes,No,No internet service,No,Month-to-month,No,Bank transfer (automatic),97.01,87.68,1
CUST-12183,Female,0,No,Yes,68,Yes,Yes,DSL,Yes,Yes,Yes,No,No,Yes,Two year,No,Credit card (automatic),69.33,4803.86,0
CUST-12184,Female,0,Yes,No,52,Yes,No,DSL,No,Yes,No,No,No,No,Two year,No,Electronic check,72.12,3634.46,0
CUST-12185,Male,1,Yes,No,59,Yes,No phone service,Fiber optic,No,Yes,No,Yes,No,Yes,Two year,Yes,Bank transfer (automatic),96.45,5692.47,1
CUST-12186,Male,0,No,No,48,Yes,No,No,No,Yes,No,No internet service,No,No,Month-to-month,Yes,Mailed check,74.96,3616.07,0
CUST-12187,Male,0,No,No,29,Yes,No,DSL,No,No,No,Yes,Yes,No,Month-to-month,No,Electronic check,80.2,2309.92,1
CUST-12188,Male,1,Yes,Yes,72,Yes,Yes,DSL,No internet service,Yes,No,No,Yes,No,Month-to-month,No,Credit card (automatic),65.01,4681.13,0
CUST-12189,Female,0,Yes,Yes,57,Yes,Yes,No,No,No,No,No,No internet service,No internet service,Two year,No,Mailed check,60.86,3467.34,0
CUST-12190,Male,0,Yes,No,6,Yes,No,DSL,No internet service,No internet service,No internet service,Yes,Yes,No internet service,Two year,No,Mailed check,96.86,648.58,0
CUST-12191,Male,0,Yes,No,42,Yes,No phone service,DSL,Yes,No,Yes,No,No,No internet service,Two year,Yes,Electronic check,94.7,4037.95,0
CUST-12192,Male,0,No,Yes,39,Yes,No,DSL,Yes,Yes,No internet service,Yes,No internet service,No,Two year,Yes,Bank transfer (automatic),78.49,3078.83,0
CUST-12193,Male,0,No,No,20,Yes,Yes,No,No,No internet service,No,No,No,No,One year,Yes,Mailed check,54.04,1103.0,0
CUST-12194,Female,1,No,Yes,33,Yes,No,Fiber optic,No,Yes,Yes,No,No,No,One year,No,Mailed check,97.25,3210.73,0
CUST-12195,Female,1,No,No,71,Yes,Yes,Fiber optic,Yes,Yes,Yes,Yes,No internet service,No,One year,Yes,Bank transfer (automatic),106.39,7654.29,0
CUST-12196,Male,0,Yes,No,6,No,No,Fiber optic,No,No,No,No,Yes,No,Month-to-month,Yes,Bank transfer (automatic),86.77,539.79,1
CUST-12197,Female,0,Yes,Yes,67,Yes,No,Fiber optic,No,Yes,No,Yes,Yes,Yes,One year,No,Credit card (automatic),92.96,6315.85,0
CUST-12198,Female,0,Yes,No,51,Yes,No,Fiber optic,No internet service,No,No,Yes,No,No,Month-to-month,Yes,Electronic check,92.38,4760.41,0
CUST-12199,Male,0,Yes,No,8,Yes,No,No,No internet service,No,No,No,No internet service,No,Two year,Yes,Credit card (automatic),21.45,201.47,0
CUST-12200,Male,0,No,No,22,Yes,No,Fiber optic,Yes,No,Yes,Yes,No,Yes,Month-to-month,No,Mailed check,77.19,1622.67,0
CUST-12201,Male,0,Yes,Yes,61,Yes,No,No,Yes,No internet service,No,Yes,Yes,Yes,One year,No,Electronic check,69.71,4314.3,0
CUST-12202,Male,0,No,No,51,Yes,Yes,DSL,No,No,No internet service,Yes,No,No internet service,Month-to-month,No,Bank transfer (automatic),114.06,5730.9,1
CUST-12203,Male,0,Yes,Yes,5,Yes,Yes,Fiber optic,No internet service,Yes,No,No,No,No internet service,One year,Yes,Mailed check,91.24,447.0,1
CUST-12204,Male,0,Yes,Yes,10,Yes,No,Fiber optic,Yes,No,No,No internet service,Yes,Yes,Two year,Yes,Credit card (automatic),87.4,806.08,0
CUST-12205,Female,0,Yes,No,67,Yes,Yes,DSL,No,No,Yes,No internet service,Yes,No internet service,Two year,No,Mailed check,63.8,4323.86,0
CUST-12206,Male,0,No,No,11,Yes,Yes,DSL,Yes,No,No,No internet service,No internet service,No internet service,Two year,Yes,Electronic check,26.52,271.71,1
CUST-12207,Female,1,No,Yes,45,Yes,Yes,DSL,Yes,No,No,No,No,Yes,Month-to-month,Yes,Bank transfer (automatic),105.99,4802.88,0
CUST-12208,Male,0,No,No,72,Yes,Yes,DSL,No,Yes,No internet service,No,No internet service,Yes,One year,No,Mailed check,59.12,4151.97,0
CUST-12209,Male,0,Yes,No,12,Yes,No,No,No internet service,No internet service,No,No,Yes,No,Month-to-month,Yes,Bank transfer (automatic),18.25,264.22,1
CUST-12210,Female,0,No,No,3,Yes,No phone service,DSL,No,Yes,No,No internet service,Yes,No internet service,Two year,Yes,Electronic check,80.9,284.92,1
CUST-12211,Female,0,No,No,59,Yes,No,Fiber optic,No,No internet service,Yes,No,Yes,No,One year,No,Electronic check,89.84,5249.63,0
CUST-12212,Female,1,Yes,No,69,Yes,No,DSL,No,Yes,Yes,No,No,No internet service,Month-to-month,Yes,Mailed check,117.64,8090.56,1
CUST-12213,Male,1,Yes,No,37,Yes,Yes,Fiber optic,No,No,No,No internet service,No internet service,Yes,Two year,Yes,Mailed check,99.69,3756.08,1
CUST-12214,Male,0,Yes,Yes,17,Yes,No,DSL,Yes,No,No,No internet service,No internet service,Yes,One year,No,Credit card (automatic),106.71,1828.36,1
CUST-12215,Male,0,Yes,No,4,Yes,No,DSL,No internet service,No,Yes,Yes,Yes,No,One year,No,Mailed check,89.34,400.33,1
CUST-12216,Male,0,No,No,66,Yes,No,Fiber optic,Yes,No,No internet service,Yes,Yes,No,Month-to-month,Yes,Bank transfer (automatic),78.06,5064.31,0
CUST-12217,Female,0,Yes,No,58,Yes,No,DSL,No internet service,No,No internet service,No,No,No,Month-to-month,Yes,Credit card (automatic),118.75,6879.69,1
CUST-12218,Male,0,No,Yes,65,No,No,Fiber optic,No internet service,No,Yes,No internet service,Yes,No internet service,One year,No,Electronic check,118.75,7770.63,1
CUST-12219,Male,0,No,No,57,No,Yes,Fiber optic,No,No internet service,Yes,No,No,Yes,Month-to-month,Yes,Credit card (automatic),101.57,5753.44,1
CUST-12220,Female,0,Yes,No,31,Yes,No,No,No,Yes,No,Yes,Yes,No,One year,No,Electronic check,72.39,2212.23,0
CUST-12221,Male,0,No,No,35,Yes,No,Fiber optic,No internet service,No,No internet service,No internet service,No internet service,No internet service,One year,Yes,Credit card (automatic),97.12,3399.18,0
CUST-12222,Male,0,Yes,Yes,27,Yes,Yes,Fiber optic,Yes,No,No,No,No,No internet service,Month-to-month,No,Bank transfer (automatic),94.76,2520.59,0
CUST-12223,Male,0,No,Yes,53,Yes,No phone service,Fiber optic,No,Yes,Yes,No internet service,Yes,Yes,Month-to-month,Yes,Credit card (automatic),99.94,5368.36,1
CUST-12224,Male,0,Yes,No,7,Yes,Yes,Fiber optic,Yes,Yes,No internet service,No internet service,No,No,Two year,Yes,Mailed check,118.75,867.95,1
CUST-12225,Female,0,Yes,Yes,2,Yes,Yes,Fiber optic,No,Yes,Yes,No internet service,No internet service,Yes,One year,Yes,Credit card (automatic),114.84,230.06,1
CUST-12226,Female,0,Yes,No,70,No,No,Fiber optic,No,Yes,No internet service,No internet service,No internet service,Yes,Month-to-month,No,Credit card (automatic),90.02,6407.52,1
CUST-12227,Female,0,No,No,23,Yes,No,Fiber optic,Yes,No,No internet service,No,Yes,Yes,Month-to-month,Yes,Electronic check,94.66,2172.09,1
CUST-12228,Male,0,No,No,2,Yes,Yes,No,Yes,No,No,No,No,No,Month-to-month,No,Bank transfer (automatic),18.76,63.41,1
CUST-12229,Female,0,No,No,49,Yes,Yes,Fiber optic,No,Yes,No internet service,No,Yes,No internet service,Month-to-month,Yes,Electronic check,92.96,4509.9,0
CUST-12230,Female,0,Yes,Yes,29,Yes,Yes,DSL,No internet service,No,No,No,No internet service,Yes,Month-to-month,Yes,Bank transfer (automatic),87.6,2539.34,1
CUST-12231,Male,1,No,No,16,Yes,Yes,Fiber optic,No,Yes,No,No,No,No internet service,Month-to-month,No,Credit card (automatic),98.41,1610.34,1
CUST-12232,Female,0,Yes,No,31,Yes,No,No,No,No internet service,No internet service,Yes,No,No,Month-to-month,No,Bank transfer (automatic),54.22,1714.99,1
CUST-12233,Male,0,No,No,32,No,Yes,No,No internet service,No,No,No,Yes,Yes,Month-to-month,Yes,Bank transfer (automatic),36.82,1134.07,1
CUST-12234,Female,0,No,No,44,Yes,No,DSL,No internet service,Yes,No internet service,Yes,Yes,Yes,Two year,Yes,Credit card (automatic),93.25,4039.03,0
CUST-12235,Female,0,No,Yes,68,Yes,No,Fiber optic,No,Yes,No internet service,No,No,No,One year,No,Bank transfer (automatic),110.54,7521.8,0
CUST-12236,Male,0,Yes,No,64,Yes,No,No,No,No internet service,No internet service,No,No,Yes,Month-to-month,Yes,Electronic check,51.79,3335.09,0
CUST-12237,Male,0,No,No,60,Yes,No phone service,DSL,No,No,No internet service,Yes,Yes,No,Month-to-month,Yes,Bank transfer (automatic),76.84,4512.6,1
CUST-12238,Male,0,No,No,35,Yes,Yes,Fiber optic,Yes,No,No internet service,No internet service,Yes,Yes,Month-to-month,No,Credit card (automatic),89.6,3244.72,1
CUST-12239,Female,0,Yes,Yes,40,Yes,Yes,DSL,No internet service,No,Yes,No internet service,No,No,Month-to-month,Yes,Bank transfer (automatic),81.38,3271.83,0
CUST-12240,Male,0,No,Yes,9,Yes,Yes,No,Yes,No,Yes,Yes,Yes,Yes,Two year,No,Electronic check,60.66,445.44,1
CUST-12241,Female,0,Yes,No,42,No,Yes,DSL,No,No internet service,No,No internet service,Yes,No,Month-to-month,Yes,Credit card (automatic),41.95,1783.76,1
CUST-12242,Male,0,No,Yes,49,Yes,No,Fiber optic,No internet service,No internet service,Yes,Yes,No,No,Two year,Yes,Credit card (automatic),80.64,3871.33,0
CUST-12243,Male,0,No,No,64,Yes,Yes,DSL,No,Yes,No internet service,No,No internet service,No internet service,Month-to-month,Yes,Electronic check,49.55,3120.43,1
CUST-12244,Female,0,No,No,3,Yes,No,DSL,Yes,No,Yes,No internet service,No,No,Month-to-month,Yes,Mailed check,64.11,216.24,1
CUST-12245,Female,0,Yes,No,63,Yes,No phone service,DSL,Yes,No internet service,No,Yes,Yes,No,Two year,No,Electronic check,99.47,6204.52,0
CUST-12246,Female,0,Yes,Yes,37,Yes,Yes,DSL,No,Yes,No,No internet service,Yes,No internet service,One year,No,Credit card (automatic),55.16,1993.91,0
CUST-12247,Male,0,No,Yes,6,Yes,Yes,No,Yes,No internet service,No internet service,No,Yes,No internet service,One year,Yes,Bank transfer (automatic),18.25,152.77,0
CUST-12248,Male,0,Yes,No,72,Yes,No,DSL,Yes,No,Yes,No internet service,Yes,No internet service,Month-to-month,Yes,Electronic check,48.35,3476.07,0
CUST-12249,Male,0,No,No,33,Yes,No,DSL,No,Yes,No internet service,Yes,Yes,Yes,Month-to-month,Yes,Electronic check,80.36,2629.72,1
CUST-12250,Female,0,Yes,No,30,Yes,Yes,No,No,No internet service,Yes,Yes,Yes,No,Month-to-month,Yes,Mailed check,64.29,1920.84,0
CUST-12251,Female,0,No,No,13,Yes,No,Fiber optic,No,No,Yes,No,No,No,Month-to-month,Yes,Credit card (automatic),90.45,1261.44,1
CUST-12252,Male,0,Yes,No,5,Yes,Yes,Fiber optic,Yes,Yes,Yes,No,No,No internet service,One year,No,Mailed check,48.22,283.84,0
CUST-12253,Female,0,Yes,Yes,6,Yes,No,DSL,No,No,No internet service,No internet service,Yes,No,Two year,No,Credit card (automatic),60.76,295.9,0
CUST-12254,Male,0,Yes,No,19,Yes,No,No,No,No,Yes,No,Yes,Yes,Two year,Yes,Bank transfer (automatic),82.73,1647.44,0
CUST-12255,Female,1,Yes,No,21,Yes,Yes,Fiber optic,No,No,Yes,Yes,Yes,Yes,Month-to-month,No,Bank transfer (automatic),91.91,1909.4,1
CUST-12256,Female,0,Yes,No,33,Yes,Yes,DSL,No internet service,Yes,Yes,No,Yes,No,Month-to-month,No,Electronic check,33.26,1093.73,0
CUST-12257,Female,0,Yes,No,44,Yes,No,Fiber optic,Yes,No,No,No,No internet service,No,Two year,Yes,Electronic check,73.45,3183.83,0
CUST-12258,Male,0,No,No,72,No,No,Fiber optic,No,No internet service,No,No,No internet service,No,Month-to-month,No,Bank transfer (automatic),48.29,3454.09,1
CUST-12259,Female,0,Yes,No,57,Yes,No,Fiber optic,Yes,No internet service,Yes,No,Yes,No internet service,Month-to-month,Yes,Electronic check,80.25,4584.11,1
CUST-12260,Male,0,No,No,35,Yes,No,Fiber optic,Yes,Yes,No,No,Yes,No internet service,Month-to-month,Yes,Mailed check,92.25,3232.86,1
CUST-12261,Female,0,No,No,66,Yes,No,Fiber optic,No,No internet service,No,No,Yes,No,Month-to-month,Yes,Mailed check,86.74,5811.77,1
CUST-12262,Male,0,No,Yes,40,Yes,No,Fiber optic,No,Yes,No,Yes,No internet service,No,Month-to-month,No,Bank transfer (automatic),82.12,3228.39,0
CUST-12263,Female,1,Yes,No,30,Yes,No,DSL,No,No,No,Yes,No,No,Month-to-month,Yes,Mailed check,116.68,3493.07,1
CUST-12264,Male,0,Yes,No,15,Yes,Yes,Fiber optic,No internet service,Yes,No internet service,No,No internet service,No internet service,One year,No,Electronic check,94.41,1311.72,1
CUST-12265,Male,0,Yes,No,30,No,Yes,DSL,No internet service,No internet service,No,No,No,No,One year,No,Bank transfer (automatic),67.92,2009.12,0
CUST-12266,Female,0,No,Yes,2,Yes,No,Fiber optic,Yes,No internet service,No internet service,No,Yes,No,Month-to-month,No,Bank transfer (automatic),105.49,263.11,1
CUST-12267,Female,1,No,Yes,11,Yes,Yes,DSL,No,No internet service,Yes,Yes,No internet service,Yes,Month-to-month,Yes,Electronic check,90.64,1072.59,1
CUST-12268,Male,1,Yes,No,68,Yes,Yes,Fiber optic,No,Yes,No,No,No internet service,Yes,Month-to-month,No,Mailed check,98.23,6759.69,1
CUST-12269,Female,0,Yes,No,14,Yes,Yes,Fiber optic,No,No internet service,No,Yes,Yes,No,One year,No,Electronic check,118.75,1643.56,1
CUST-12270,Male,1,Yes,Yes,41,Yes,No phone service,Fiber optic,No,Yes,No,No,Yes,No internet service,One year,Yes,Electronic check,75.03,3060.69,1
CUST-12271,Male,1,Yes,No,7,Yes,No,No,No internet service,No,Yes,Yes,No internet service,No,Month-to-month,Yes,Electronic check,75.3,478.77,1
CUST-12272,Male,0,No,No,43,Yes,No,Fiber optic,No,No internet service,No,No,No internet service,Yes,One year,No,Bank transfer (automatic),113.34,4864.13,1
CUST-12273,Male,1,Yes,No,71,No,No phone service,No,No internet service,No,No,No,No,No internet service,One year,Yes,Mailed check,20.92,1544.61,0
CUST-12274,Male,0,Yes,Yes,33,Yes,No,No,No,No,No,No,Yes,No,Month-to-month,No,Mailed check,60.96,2053.46,0
CUST-12275,Male,0,Yes,No,9,No,No,No,No internet service,Yes,Yes,Yes,Yes,Yes,Two year,Yes,Electronic check,30.79,251.72,0
CUST-12276,Male,0,Yes,No,1,Yes,No,DSL,No,No,Yes,No internet service,No,Yes,Two year,Yes,Electronic check,76.59,60.41,1
CUST-12277,Male,0,Yes,No,55,Yes,No,DSL,Yes,Yes,No,Yes,Yes,No internet service,Month-to-month,Yes,Electronic check,99.86,5478.18,1
CUST-12278,Male,0,Yes,No,7,Yes,No,Fiber optic,No,Yes,No,No,Yes,No internet service,One year,Yes,Electronic check,92.85,622.64,1
CUST-12279,Female,0,Yes,Yes,23,Yes,No,DSL,No,No internet service,Yes,No,Yes,Yes,Month-to-month,Yes,Credit card (automatic),31.2,729.37,1
CUST-12280,Female,1,Yes,Yes,61,Yes,No,Fiber optic,Yes,No,No,No internet service,No,Yes,Two year,Yes,Electronic check,105.85,6494.04,0
CUST-12281,Male,0,No,No,39,Yes,No,DSL,No,Yes,No,No internet service,No,No,Month-to-month,No,Electronic check,43.6,1815.62,0
CUST-12282,Male,1,No,No,63,Yes,No,Fiber optic,No internet service,No,Yes,Yes,No internet service,No internet service,Month-to-month,No,Electronic check,80.53,5073.92,0
CUST-12283,Female,0,Yes,Yes,63,Yes,Yes,DSL,No internet service,Yes,Yes,No internet service,Yes,Yes,One year,No,Bank transfer (automatic),99.71,6316.6,0
CUST-12284,Female,0,No,No,48,Yes,Yes,No,No,Yes,No,Yes,No internet service,No,Month-to-month,Yes,Electronic check,26.63,1227.93,0
CUST-12285,Female,0,Yes,Yes,68,Yes,Yes,Fiber optic,No,No internet service,No,No,Yes,Yes,Two year,Yes,Electronic check,99.94,6801.52,0
CUST-12286,Female,0,No,No,2,Yes,Yes,DSL,No internet service,Yes,Yes,Yes,No internet service,No,Two year,Yes,Mailed check,60.48,113.18,0
CUST-12287,Female,0,No,No,17,Yes,No,Fiber optic,No internet service,Yes,Yes,No,No,Yes,Two year,No,Mailed check,44.8,794.83,0
CUST-12288,Female,0,Yes,No,20,Yes,Yes,Fiber optic,Yes,Yes,No internet service,No internet service,Yes,Yes,Month-to-month,Yes,Mailed check,75.37,1531.97,1
CUST-12289,Male,0,Yes,No,66,Yes,No phone service,No,Yes,No,No,No internet service,No internet service,Yes,Month-to-month,Yes,Credit card (automatic),36.64,2452.92,0
CUST-12290,Male,0,No,No,45,Yes,Yes,Fiber optic,Yes,Yes,Yes,No,No,No,Two year,No,Mailed check,64.17,2880.81,0
CUST-12291,Male,0,Yes,Yes,18,Yes,Yes,Fiber optic,No,Yes,No,No,No,No,Month-to-month,No,Electronic check,90.42,1610.42,1
CUST-12292,Male,1,Yes,No,15,Yes,No,DSL,No internet service,No internet service,Yes,No internet service,No internet service,Yes,One year,Yes,Electronic check,76.5,1087.35,1
CUST-12293,Female,0,No,Yes,58,Yes,Yes,Fiber optic,Yes,No,Yes,No,No,No,One year,No,Bank transfer (automatic),81.36,4729.19,0
CUST-12294,Female,0,No,Yes,62,Yes,Yes,DSL,No,Yes,No internet service,No internet service,Yes,Yes,Two year,Yes,Electronic check,66.93,4144.74,0
CUST-12295,Female,0,No,No,1,Yes,Yes,No,Yes,No internet service,No internet service,No,Yes,No,Two year,Yes,Credit card (automatic),63.56,131.95,0
CUST-12296,Male,1,No,No,26,No,No,Fiber optic,Yes,No,No,Yes,Yes,Yes,One year,No,Mailed check,62.37,1613.5,1
CUST-12297,Male,0,No,No,39,Yes,Yes,No,No,No internet service,No,No,No internet service,No internet service,One year,No,Electronic check,74.29,2870.41,1
CUST-12298,Male,0,No,Yes,17,Yes,No,No,No,Yes,No,No,No internet service,No,Two year,Yes,Electronic check,37.26,661.92,0
CUST-12299,Female,0,No,Yes,52,Yes,Yes,DSL,Yes,Yes,No,No internet service,No,Yes,Month-to-month,Yes,Electronic check,67.8,3456.77,0
CUST-12300,Male,0,No,Yes,55,Yes,Yes,DSL,No,Yes,No,Yes,No,No internet service,Month-to-month,Yes,Electronic check,56.21,3105.96,0
CUST-12301,Male,0,No,No,61,Yes,Yes,DSL,No,No,No,Yes,Yes,Yes,Two year,No,Mailed check,51.21,3092.73,0
CUST-12302,Female,0,No,No,57,Yes,Yes,DSL,No internet service,No,Yes,Yes,No internet service,Yes,Two year,Yes,Electronic check,95.42,5378.33,0
CUST-12303,Female,0,No,No,61,Yes,No,DSL,No internet service,No,Yes,No,No,Yes,Two year,Yes,Credit card (automatic),58.22,3558.16,0
CUST-12304,Female,0,No,No,26,Yes,No,No,No,No,No,No,No,Yes,One year,Yes,Electronic check,60.42,1451.43,1
CUST-12305,Male,0,No,No,21,Yes,No,Fiber optic,No internet service,No,No,Yes,No internet service,No internet service,Month-to-month,Yes,Mailed check,98.21,2091.18,1
CUST-12306,Male,1,Yes,No,23,Yes,No,Fiber optic,No,No,No internet service,No internet service,No internet service,No,Two year,Yes,Bank transfer (automatic),84.95,1958.14,0
CUST-12307,Male,0,No,No,62,Yes,Yes,Fiber optic,Yes,Yes,Yes,No,No,Yes,Month-to-month,Yes,Bank transfer (automatic),112.54,6947.74,1
CUST-12308,Male,0,Yes,No,47,Yes,No,DSL,No,No,No internet service,No internet service,No,No,Month-to-month,Yes,Electronic check,77.01,3667.04,0
CUST-12309,Female,0,Yes,No,23,Yes,No,Fiber optic,No internet service,No internet service,Yes,Yes,Yes,No,Month-to-month,No,Credit card (automatic),46.03,1084.07,1
CUST-12310,Male,0,Yes,No,52,Yes,No,DSL,No,No internet service,Yes,No,Yes,No internet service,One year,Yes,Credit card (automatic),62.07,3163.87,0
CUST-12311,Male,0,No,Yes,17,Yes,No,No,No internet service,Yes,No internet service,No,No,No,One year,Yes,Mailed check,105.87,1829.42,0
CUST-12312,Female,0,No,Yes,19,Yes,Yes,Fiber optic,No,No,No,Yes,No internet service,Yes,One year,No,Mailed check,90.94,1753.42,1
CUST-12313,Male,0,Yes,No,0,Yes,No,DSL,No internet service,Yes,Yes,No internet service,No,Yes,One year,No,Electronic check,73.35,0.0,1
CUST-12314,Male,0,Yes,No,70,Yes,No,Fiber optic,No,No,No,No internet service,No internet service,No internet service,Two year,Yes,Mailed check,110.51,7724.33,0
CUST-12315,Male,0,Yes,No,17,Yes,No,Fiber optic,No internet service,No,No,No,Yes,No,Month-to-month,No,Credit card (automatic),118.75,2100.79,1
CUST-12316,Male,0,Yes,No,54,Yes,Yes,DSL,No internet service,No internet service,No internet service,No internet service,No,Yes,Two year,No,Mailed check,56.01,3045.02,0
CUST-12317,Male,1,Yes,Yes,8,Yes,Yes,DSL,No,No internet service,No,No internet service,No internet service,No internet service,Month-to-month,Yes,Credit card (automatic),75.37,541.44,1
CUST-12318,Female,0,No,No,2,Yes,No phone service,DSL,No,Yes,No,No,No,Yes,Two year,No,Mailed check,74.97,156.35,0
CUST-12319,Female,0,Yes,No,49,Yes,No,No,Yes,No,Yes,Yes,Yes,Yes,Month-to-month,No,Bank transfer (automatic),20.69,937.54,0
CUST-12320,Male,0,Yes,Yes,7,No,Yes,No,No internet service,No,Yes,Yes,No internet service,Yes,Month-to-month,No,Bank transfer (automatic),45.76,346.18,1
CUST-12321,Male,0,Yes,No,10,Yes,Yes,Fiber optic,No,No,No internet service,No,Yes,No internet service,Month-to-month,No,Electronic check,94.42,916.2,1
CUST-12322,Male,1,No,No,24,Yes,No,DSL,Yes,No,Yes,No internet service,Yes,Yes,Month-to-month,No,Credit card (automatic),70.96,1679.95,1
CUST-12323,Female,0,No,Yes,42,Yes,Yes,DSL,No,Yes,Yes,No,No,Yes,One year,No,Mailed check,115.8,4817.73,0
CUST-12324,Female,0,Yes,Yes,1,Yes,Yes,Fiber optic,Yes,Yes,No,No internet service,Yes,No internet service,Two year,Yes,Mailed check,105.76,89.4,1
CUST-12325,Female,0,Yes,No,9,Yes,No phone service,DSL,No,No,No,No,No internet service,No,Month-to-month,No,Electronic check,81.93,749.3,1
CUST-12326,Male,0,No,No,24,Yes,Yes,Fiber optic,Yes,No,No,No internet service,No,No,Two year,No,Credit card (automatic),90.63,2143.0,1
CUST-12327,Male,1,Yes,No,51,Yes,Yes,DSL,No internet service,No,No,Yes,No,No internet service,One year,No,Bank transfer (automatic),90.37,4571.51,0
CUST-12328,Male,0,No,Yes,7,Yes,No,DSL,No,Yes,No internet service,No,No internet service,Yes,One year,Yes,Electronic check,70.29,496.12,1
CUST-12329,Male,0,No,Yes,20,Yes,Yes,Fiber optic,No internet service,Yes,Yes,Yes,Yes,No,Month-to-month,Yes,Electronic check,58.48,1154.24,1
CUST-12330,Male,0,No,No,14,No,Yes,DSL,Yes,Yes,Yes,No,No,Yes,Two year,No,Mailed check,50.06,688.78,0
CUST-12331,Female,0,No,No,22,Yes,No,Fiber optic,No,No internet service,Yes,No,No,No internet service,Month-to-month,No,Credit card (automatic),95.11,2058.3,1
CUST-12332,Male,0,Yes,Yes,18,Yes,No,Fiber optic,No internet service,No,No,No,Yes,Yes,Two year,Yes,Credit card (automatic),115.94,2039.55,0
CUST-12333,Female,0,Yes,No,46,No,No,Fiber optic,No,Yes,No,No,Yes,No,Month-to-month,Yes,Mailed check,81.18,3728.14,1
CUST-12334,Female,0,Yes,Yes,4,Yes,No,No,Yes,Yes,No,Yes,No,No,Month-to-month,No,Bank transfer (automatic),68.44,309.96,1
CUST-12335,Female,0,Yes,No,68,Yes,No,Fiber optic,No internet service,No internet service,No,No,No internet service,No internet service,One year,No,Mailed check,99.23,6744.12,0
CUST-12336,Male,0,Yes,No,17,Yes,No,Fiber optic,Yes,No,No,No,No,Yes,Two year,No,Electronic check,113.77,1918.96,0
CUST-12337,Female,0,Yes,No,72,Yes,No,Fiber optic,Yes,No internet service,No,No,No,Yes,Month-to-month,Yes,Electronic check,67.33,4776.21,1
CUST-12338,Male,0,No,No,53,Yes,No,No,No,No internet service,Yes,No,No,No,Two year,Yes,Electronic check,26.64,1388.0,0
CUST-12339,Male,0,Yes,Yes,26,Yes,Yes,Fiber optic,No,Yes,Yes,Yes,Yes,Yes,Month-to-month,No,Electronic check,118.75,3060.69,1
CUST-12340,Male,0,No,No,22,Yes,No,Fiber optic,No,No internet service,Yes,No,Yes,No,Month-to-month,No,Credit card (automatic),54.84,1210.66,1
CUST-12341,Male,0,Yes,No,69,No,Yes,DSL,Yes,No,Yes,Yes,No,No,Month-to-month,Yes,Electronic check,82.76,5712.48,1
CUST-12342,Female,1,Yes,Yes,72,Yes,Yes,Fiber optic,Yes,No,Yes,No internet service,No,No,One year,Yes,Electronic check,118.75,8666.35,0
CUST-12343,Female,0,Yes,No,44,Yes,No phone service,Fiber optic,No,No,Yes,No,Yes,No,One year,Yes,Credit card (automatic),98.59,4319.86,1
CUST-12344,Female,0,No,Yes,3,Yes,Yes,No,No,No,No,No internet service,Yes,No,Two year,Yes,Electronic check,78.98,277.17,0
CUST-12345,Male,0,No,Yes,66,Yes,Yes,Fiber optic,Yes,No,No,No,No,Yes,Month-to-month,Yes,Electronic check,117.24,7779.34,1
CUST-12346,Male,0,No,No,34,Yes,Yes,DSL,No,Yes,Yes,Yes,No,No,Two year,Yes,Bank transfer (automatic),91.81,3152.96,0
CUST-12347,Female,0,Yes,No,2,Yes,No,Fiber optic,No internet service,No,Yes,No,No internet service,Yes,One year,No,Electronic check,97.53,195.4,1
CUST-12348,Male,0,Yes,Yes,58,Yes,No,No,No internet service,Yes,Yes,No,No internet service,No,Month-to-month,No,Mailed check,27.17,1702.39,1
CUST-12349,Female,0,No,Yes,2,Yes,Yes,No,No internet service,Yes,No,No,No,No,One year,Yes,Electronic check,20.85,0.0,0
CUST-12350,Female,1,Yes,Yes,27,Yes,No,Fiber optic,Yes,No,No,No,No,Yes,Month-to-month,Yes,Credit card (automatic),85.6,2335.58,1
CUST-12351,Female,0,Yes,No,5,Yes,No,DSL,No,No,No,No,No internet service,No,Two year,Yes,Electronic check,37.48,223.67,0
CUST-12352,Female,0,Yes,No,31,Yes,No phone service,No,No internet service,Yes,No,No,No,Yes,Month-to-month,Yes,Electronic check,62.12,1843.49,1
CUST-12353,Male,0,Yes,Yes,58,Yes,No,No,Yes,Yes,Yes,No,Yes,No,Two year,No,Bank transfer (automatic),98.9,5665.76,0
CUST-12354,Male,1,Yes,No,9,Yes,Yes,No,Yes,No internet service,No internet service,Yes,No,No,Month-to-month,Yes,Electronic check,50.9,519.83,1
CUST-12355,Male,1,Yes,No,10,Yes,No,Fiber optic,Yes,No,Yes,No,Yes,No internet service,Month-to-month,No,Mailed check,97.51,990.12,1
CUST-12356,Male,0,No,No,69,Yes,Yes,DSL,No,No,No,No,No internet service,No,Month-to-month,Yes,Electronic check,50.61,3434.77,1
CUST-12357,Male,0,No,No,12,Yes,No,No,No internet service,Yes,No,No,No internet service,No,Month-to-month,No,Credit card (automatic),47.33,628.71,0
CUST-12358,Female,0,Yes,No,8,Yes,Yes,DSL,No,No,No,Yes,Yes,Yes,Month-to-month,No,Bank transfer (automatic),76.34,601.85,0
CUST-12359,Male,0,Yes,No,42,Yes,Yes,DSL,No,No,No,No internet service,Yes,Yes,One year,Yes,Bank transfer (automatic),70.05,2989.31,1
CUST-12360,Female,0,No,No,20,Yes,No phone service,Fiber optic,No,Yes,No internet service,No internet service,No internet service,Yes,Month-to-month,No,Bank transfer (automatic),98.2,2048.84,1
CUST-12361,Female,0,Yes,Yes,69,Yes,No,Fiber optic,No internet service,No,No,Yes,No internet service,No,One year,No,Mailed check,76.54,5271.73,0
CUST-12362,Female,0,No,Yes,11,Yes,No,Fiber optic,Yes,Yes,No internet service,No internet service,No,Yes,Month-to-month,Yes,Mailed check,92.48,920.58,1
CUST-12363,Male,1,Yes,Yes,41,Yes,No phone service,Fiber optic,No,Yes,Yes,No internet service,No,Yes,Month-to-month,Yes,Mailed check,99.64,4046.49,0
CUST-12364,Female,1,No,No,67,Yes,Yes,DSL,No internet service,No,No,No,No internet service,Yes,One year,Yes,Credit card (automatic),103.14,6810.07,0
CUST-12365,Male,1,No,Yes,53,Yes,Yes,Fiber optic,No internet service,No,Yes,No internet service,No,No,Month-to-month,No,Electronic check,91.79,4819.63,0
CUST-12366,Male,0,Yes,No,2,Yes,No,No,No,No,No,No,No internet service,No,Two year,Yes,Electronic check,37.85,144.73,0
CUST-12367,Male,0,No,Yes,13,Yes,Yes,No,Yes,No,No,Yes,Yes,Yes,One year,Yes,Bank transfer (automatic),47.01,574.38,0
CUST-12368,Male,0,No,No,9,Yes,No,DSL,No internet service,No,No,Yes,Yes,No,Two year,Yes,Electronic check,84.33,703.29,0
CUST-12369,Male,0,No,Yes,66,Yes,Yes,Fiber optic,No internet service,No,No,Yes,No,No,Month-to-month,No,Credit card (automatic),71.4,4789.52,0
CUST-12370,Male,0,Yes,No,14,Yes,Yes,DSL,Yes,Yes,No,No,No,No internet service,One year,No,Mailed check,60.27,833.85,0
CUST-12371,Female,1,Yes,No,4,Yes,Yes,Fiber optic,Yes,Yes,No,Yes,Yes,Yes,One year,No,Electronic check,92.5,381.16,1
CUST-12372,Male,0,Yes,No,27,Yes,Yes,Fiber optic,Yes,Yes,No,Yes,Yes,No,Two year,Yes,Electronic check,48.83,1263.62,0
CUST-12373,Male,0,No,No,20,No,Yes,Fiber optic,No,No internet service,No internet service,No,No internet service,No,One year,Yes,Electronic check,87.21,1805.42,0
CUST-12374,Female,0,Yes,No,11,Yes,Yes,DSL,No,Yes,Yes,No,No,No internet service,Month-to-month,No,Electronic check,65.86,725.98,1
CUST-12375,Female,0,Yes,No,33,Yes,Yes,No,Yes,No,No,Yes,Yes,No internet service,Month-to-month,Yes,Mailed check,61.64,2073.16,0
CUST-12376,Female,0,No,No,65,Yes,No,No,No internet service,No,No internet service,No,Yes,No,One year,No,Credit card (automatic),32.11,2013.98,0
CUST-12377,Male,0,Yes,No,16,Yes,No,Fiber optic,Yes,No,Yes,No,No internet service,No,Two year,No,Electronic check,81.0,1360.28,0
CUST-12378,Female,0,No,No,71,Yes,Yes,DSL,No internet service,No,No,No,Yes,No,Month-to-month,Yes,Electronic check,74.05,5273.17,0
CUST-12379,Female,0,Yes,No,48,No,Yes,Fiber optic,No,No,Yes,No,No,No internet service,Month-to-month,No,Electronic check,75.56,3589.65,1
CUST-12380,Male,0,No,No,27,Yes,Yes,No,No,Yes,No internet service,No,No,No,Two year,No,Electronic check,29.8,782.83,0
CUST-12381,Male,0,Yes,No,49,Yes,Yes,Fiber optic,No internet service,Yes,No,Yes,No internet service,Yes,One year,No,Electronic check,76.48,3720.33,1
CUST-12382,Female,0,Yes,No,25,Yes,No,Fiber optic,Yes,No internet service,No internet service,No,No,Yes,Month-to-month,No,Mailed check,47.07,1189.01,1
CUST-12383,Male,0,No,No,15,No,Yes,DSL,Yes,No internet service,No,No,No,No internet service,One year,No,Bank transfer (automatic),54.64,824.98,0
CUST-12384,Male,0,Yes,Yes,17,Yes,No phone service,Fiber optic,No,No internet service,No,No internet service,No,No,Month-to-month,No,Electronic check,101.69,1807.86,1
CUST-12385,Female,0,Yes,Yes,0,Yes,Yes,DSL,No,No internet service,No,Yes,No internet service,No,Month-to-month,No,Electronic check,43.75,0.0,1
CUST-12386,Female,0,Yes,No,47,Yes,No,Fiber optic,No,No,No,No internet service,Yes,No internet service,Month-to-month,No,Electronic check,67.82,3217.48,1
CUST-12387,Female,0,No,No,5,No,No,DSL,No internet service,Yes,No,Yes,Yes,Yes,Month-to-month,No,Credit card (automatic),68.86,262.77,1
CUST-12388,Female,0,Yes,No,14,Yes,Yes,Fiber optic,No internet service,No,Yes,No,Yes,Yes,Two year,No,Bank transfer (automatic),103.61,1576.1,1
CUST-12389,Female,1,Yes,No,0,No,Yes,Fiber optic,Yes,No,Yes,No,No internet service,No internet service,Two year,Yes,Electronic check,64.07,74.33,1
CUST-12390,Male,0,Yes,No,4,Yes,Yes,No,Yes,Yes,No,No,No,No,One year,Yes,Electronic check,36.25,142.36,1
CUST-12391,Male,0,Yes,No,66,Yes,No,Fiber optic,No,No,Yes,No internet service,Yes,No,Month-to-month,Yes,Electronic check,116.64,7718.68,1
CUST-12392,Female,1,No,No,1,No,No,DSL,No internet service,No internet service,No,No,Yes,No,One year,Yes,Bank transfer (automatic),77.72,80.69,1
CUST-12393,Male,0,Yes,Yes,45,Yes,Yes,DSL,Yes,Yes,No internet service,No,No,Yes,Two year,Yes,Credit card (automatic),87.9,3923.91,0
CUST-12394,Male,0,No,No,23,Yes,No,DSL,No,No,No,No internet service,Yes,Yes,Two year,Yes,Electronic check,53.17,1185.63,0
CUST-12395,Female,0,No,No,10,Yes,No,Fiber optic,Yes,No,Yes,Yes,No,Yes,Month-to-month,Yes,Credit card (automatic),76.57,763.28,0
CUST-12396,Female,0,No,Yes,21,Yes,No,Fiber optic,No internet service,Yes,No internet service,No,Yes,Yes,One year,Yes,Credit card (automatic),109.88,2173.58,1
CUST-12397,Male,0,No,No,6,Yes,Yes,Fiber optic,Yes,No internet service,No,No,No,No internet service,Month-to-month,Yes,Bank transfer (automatic),96.55,644.52,1
CUST-12398,Male,0,Yes,No,22,Yes,No,No,No,No,No internet service,No,Yes,No internet service,One year,Yes,Mailed check,61.29,1433.42,1
CUST-12399,Female,0,No,Yes,59,Yes,Yes,DSL,Yes,Yes,Yes,No internet service,No,No,Month-to-month,Yes,Credit card (automatic),88.47,5206.45,0
CUST-12400,Male,0,No,No,45,Yes,Yes,Fiber optic,No,No internet service,Yes,No,Yes,Yes,Two year,Yes,Bank transfer (automatic),106.63,4870.12,1
CUST-12401,Female,0,No,No,59,Yes,No,DSL,No,No,Yes,Yes,No,No,One year,No,Mailed check,66.84,3917.25,0
CUST-12402,Female,0,Yes,No,50,Yes,No phone service,DSL,No,No,No,No,No,Yes,Month-to-month,Yes,Bank transfer (automatic),52.79,2610.91,1
CUST-12403,Female,0,Yes,Yes,67,Yes,Yes,Fiber optic,Yes,No,No internet service,No internet service,No internet service,Yes,One year,No,Bank transfer (automatic),75.63,5076.96,0
CUST-12404,Male,0,No,Yes,7,Yes,Yes,Fiber optic,Yes,No internet service,No,Yes,No,Yes,Month-to-month,Yes,Electronic check,81.22,594.19,1
CUST-12405,Female,0,Yes,No,11,Yes,No phone service,No,Yes,Yes,Yes,Yes,No,No,Two year,Yes,Credit card (automatic),18.25,158.05,0
CUST-12406,Male,0,No,Yes,30,Yes,No,DSL,No internet service,No,Yes,Yes,No,Yes,Month-to-month,Yes,Credit card (automatic),84.17,2541.34,0
CUST-12407,Female,0,Yes,No,38,Yes,No,Fiber optic,No,No,No,Yes,Yes,No,Month-to-month,No,Mailed check,107.16,4085.93,1
CUST-12408,Male,0,No,No,57,Yes,Yes,No,Yes,No internet service,Yes,No,No,No,Two year,No,Electronic check,51.77,2837.66,0
CUST-12409,Male,0,Yes,No,8,Yes,No,No,No,No,Yes,No,Yes,No,Two year,No,Bank transfer (automatic),36.26,275.81,0
CUST-12410,Female,0,Yes,No,8,Yes,No phone service,Fiber optic,No,No internet service,No,Yes,No,Yes,One year,Yes,Credit card (automatic),91.54,720.61,1
CUST-12411,Male,0,Yes,No,58,Yes,Yes,Fiber optic,Yes,Yes,Yes,No internet service,Yes,No internet service,Two year,Yes,Bank transfer (automatic),55.54,3190.58,0
CUST-12412,Female,0,No,Yes,40,Yes,No,Fiber optic,No internet service,No,No,No,Yes,No,Month-to-month,No,Bank transfer (automatic),53.7,2117.2,0
CUST-12413,Female,0,No,Yes,30,No,No,Fiber optic,No,Yes,No,No,No,Yes,Month-to-month,No,Bank transfer (automatic),118.75,3586.22,0
CUST-12414,Male,0,No,No,16,Yes,No phone service,DSL,No,No,No,Yes,No internet service,No,Two year,Yes,Electronic check,33.71,459.04,0
CUST-12415,Male,0,No,No,50,No,No,Fiber optic,No,No internet service,Yes,Yes,No,No,Month-to-month,No,Electronic check,105.96,5351.62,1
CUST-12416,Female,0,No,Yes,58,Yes,Yes,DSL,No internet service,No,No,Yes,No,No internet service,Two year,No,Credit card (automatic),102.21,5921.38,0
CUST-12417,Male,1,No,No,2,Yes,No,Fiber optic,No,Yes,Yes,No,No internet service,No,Two year,Yes,Electronic check,88.94,239.61,1
CUST-12418,Male,0,No,Yes,3,Yes,No phone service,Fiber optic,Yes,No,No internet service,No,No,Yes,Month-to-month,Yes,Mailed check,87.95,232.06,1
CUST-12419,Male,0,No,No,56,Yes,No phone service,DSL,Yes,Yes,Yes,No,No,No,Two year,No,Credit card (automatic),77.78,4404.05,0
CUST-12420,Male,0,No,No,64,Yes,Yes,Fiber optic,No,Yes,No,No,No,No,Two year,No,Electronic check,46.28,2989.06,1
CUST-12421,Female,0,Yes,No,16,No,Yes,DSL,Yes,No,Yes,No,No internet service,No,Month-to-month,Yes,Mailed check,61.7,897.66,1
CUST-12422,Male,0,No,No,51,Yes,No,No,No,No internet service,Yes,No internet service,No,No,Month-to-month,No,Electronic check,77.77,3956.74,1
CUST-12423,Female,0,Yes,Yes,61,Yes,No,No,No internet service,Yes,No,Yes,Yes,Yes,Two year,No,Electronic check,51.68,3279.27,0
CUST-12424,Male,1,Yes,No,8,Yes,Yes,DSL,Yes,No,No,Yes,Yes,Yes,Month-to-month,Yes,Bank transfer (automatic),71.16,611.56,1
CUST-12425,Female,0,No,No,13,Yes,Yes,DSL,No,No,Yes,No,No,No internet service,Month-to-month,No,Credit card (automatic),75.75,929.51,1
CUST-12426,Male,1,No,No,9,Yes,Yes,No,Yes,Yes,Yes,No internet service,No,Yes,Month-to-month,Yes,Electronic check,35.28,293.93,1
CUST-12427,Male,0,Yes,Yes,57,Yes,Yes,No,Yes,No,No,No internet service,Yes,No,Month-to-month,Yes,Credit card (automatic),24.61,1443.99,0
CUST-12428,Female,1,Yes,No,56,Yes,Yes,No,Yes,Yes,No,No,No,No internet service,Month-to-month,Yes,Electronic check,68.02,3825.77,1
CUST-12429,Male,0,No,No,9,Yes,No phone service,Fiber optic,Yes,No internet service,No internet service,Yes,No,No internet service,Month-to-month,Yes,Credit card (automatic),70.56,559.22,1
CUST-12430,Male,0,Yes,Yes,12,Yes,No,DSL,No,No,Yes,No,Yes,No internet service,One year,Yes,Credit card (automatic),118.75,1337.0,1
CUST-12431,Female,0,Yes,Yes,48,No,Yes,No,No internet service,Yes,No internet service,Yes,No,No internet service,Two year,Yes,Electronic check,43.27,2112.63,0
CUST-12432,Male,0,No,Yes,65,Yes,No,Fiber optic,No,Yes,No,Yes,No,No,Month-to-month,Yes,Mailed check,96.59,6264.0,1
CUST-12433,Male,0,No,No,56,Yes,No,Fiber optic,Yes,Yes,Yes,Yes,Yes,Yes,Two year,No,Electronic check,118.75,6703.44,0
CUST-12434,Male,0,No,Yes,12,No,No,Fiber optic,Yes,No internet service,Yes,No internet service,No internet service,Yes,One year,No,Credit card (automatic),98.75,1202.11,1
CUST-12435,Female,0,No,No,28,Yes,No,Fiber optic,No internet service,No internet service,No internet service,No,No,Yes,Two year,No,Electronic check,61.64,1685.01,1
CUST-12436,Female,0,Yes,No,4,Yes,Yes,DSL,Yes,No internet service,Yes,Yes,No,Yes,Month-to-month,Yes,Mailed check,62.49,247.95,0
CUST-12437,Female,0,Yes,No,17,Yes,No phone service,No,Yes,No,Yes,No,No internet service,No,Month-to-month,Yes,Mailed check,18.25,288.91,1
CUST-12438,Female,1,No,Yes,41,No,Yes,Fiber optic,No internet service,No internet service,Yes,No internet service,No,No,Month-to-month,No,Mailed check,85.13,3504.79,1
CUST-12439,Male,0,No,No,25,Yes,No,DSL,No,No,No,No,No internet service,No internet service,One year,No,Bank transfer (automatic),53.49,1292.33,0
CUST-12440,Male,0,Yes,Yes,44,Yes,No phone service,DSL,Yes,Yes,No,Yes,No internet service,No,Month-to-month,No,Mailed check,69.65,2988.47,1
CUST-12441,Male,0,Yes,Yes,21,Yes,No,Fiber optic,No,No,No,No internet service,No,No internet service,Month-to-month,No,Credit card (automatic),116.79,2444.54,1
CUST-12442,Male,0,Yes,No,41,Yes,Yes,Fiber optic,No,No,No internet service,No,Yes,No internet service,Month-to-month,Yes,Electronic check,118.75,4825.85,1
CUST-12443,Male,0,Yes,No,46,Yes,Yes,DSL,No,No,Yes,No,No internet service,No,Two year,Yes,Credit card (automatic),38.92,1837.54,0
CUST-12444,Female,1,Yes,No,14,Yes,Yes,Fiber optic,Yes,Yes,No,No,Yes,Yes,One year,Yes,Mailed check,53.58,738.21,1
CUST-12445,Female,0,Yes,No,3,Yes,Yes,Fiber optic,No internet service,No,No internet service,No,No,No,Month-to-month,Yes,Credit card (automatic),90.58,284.81,1
CUST-12446,Female,0,No,No,24,No,Yes,Fiber optic,No,No,Yes,Yes,No,No,Month-to-month,Yes,Credit card (automatic),84.98,2020.56,1
CUST-12447,Female,0,Yes,Yes,3,Yes,Yes,No,Yes,Yes,No,Yes,No internet service,No internet service,Month-to-month,Yes,Bank transfer (automatic),21.92,73.75,0
CUST-12448,Female,0,No,No,11,Yes,No,DSL,No,Yes,Yes,No,No,No,Month-to-month,No,Electronic check,69.25,792.14,1
CUST-12449,Male,0,No,No,21,Yes,Yes,No,No,No,No,No,Yes,No internet service,Month-to-month,Yes,Electronic check,48.3,1026.14,1
CUST-12450,Female,0,No,No,24,Yes,No,Fiber optic,No internet service,No,Yes,No internet service,No,Yes,Month-to-month,No,Credit card (automatic),82.04,1887.24,1
CUST-12451,Female,0,No,Yes,20,No,No,DSL,Yes,No,Yes,No internet service,No,Yes,Two year,Yes,Electronic check,98.51,1948.01,1
CUST-12452,Male,0,Yes,No,3,Yes,Yes,DSL,No,No internet service,Yes,No,Yes,No,Month-to-month,No,Electronic check,95.13,387.49,1
CUST-12453,Male,0,Yes,Yes,12,Yes,No,No,No,No,Yes,No,Yes,No internet service,Two year,Yes,Credit card (automatic),45.93,569.71,0
CUST-12454,Female,1,No,Yes,64,Yes,No,DSL,Yes,Yes,Yes,No,No,Yes,One year,Yes,Credit card (automatic),98.88,6306.22,0
CUST-12455,Male,0,Yes,No,52,Yes,No,DSL,No,Yes,No internet service,Yes,No,Yes,Month-to-month,No,Credit card (automatic),91.68,4741.8,0
CUST-12456,Female,0,Yes,No,32,Yes,No,Fiber optic,No,Yes,No internet service,No,No,No,Month-to-month,No,Bank transfer (automatic),90.82,2976.52,1
CUST-12457,Female,0,Yes,No,1,Yes,No,Fiber optic,No,Yes,No,No,No,No,Month-to-month,Yes,Credit card (automatic),36.79,63.2,1
CUST-12458,Male,0,No,No,26,Yes,No,Fiber optic,No,No internet service,Yes,No,No internet service,No,Month-to-month,No,Electronic check,59.88,1493.8,1
CUST-12459,Male,0,Yes,Yes,67,Yes,No,DSL,No,No internet service,No internet service,No internet service,No,Yes,Two year,No,Bank transfer (automatic),65.17,4466.43,0
CUST-12460,Male,0,No,No,59,Yes,No,Fiber optic,No,No,No internet service,Yes,Yes,No,Two year,Yes,Credit card (automatic),98.1,5801.95,0
CUST-12461,Male,0,Yes,Yes,55,Yes,No,No,No internet service,Yes,No internet service,No,No,Yes,Two year,No,Credit card (automatic),21.61,1201.63,0
CUST-12462,Male,0,No,No,18,Yes,Yes,No,No,Yes,No,No internet service,Yes,Yes,Month-to-month,No,Credit card (automatic),70.5,1343.02,0
CUST-12463,Female,0,Yes,Yes,29,No,Yes,No,No,No,Yes,No,Yes,No,Month-to-month,Yes,Bank transfer (automatic),77.81,2264.64,1
CUST-12464,Male,0,No,No,2,Yes,No,Fiber optic,No internet service,No internet service,No internet service,Yes,No,Yes,Two year,No,Mailed check,97.85,216.99,1
CUST-12465,Male,0,No,No,62,Yes,No,DSL,No,No,No,No,No,No,Month-to-month,No,Electronic check,83.74,5116.11,0
CUST-12466,Male,0,Yes,Yes,8,Yes,No,DSL,No,No internet service,No,No internet service,No internet service,No,Month-to-month,Yes,Electronic check,88.35,702.37,1
CUST-12467,Female,0,Yes,No,45,Yes,Yes,No,No,Yes,Yes,Yes,No,No internet service,Month-to-month,Yes,Electronic check,56.63,2485.19,1
CUST-12468,Male,0,No,No,20,Yes,Yes,Fiber optic,No,No,Yes,No,No,No internet service,Month-to-month,No,Electronic check,90.08,1775.66,1
CUST-12469,Male,0,No,Yes,41,Yes,No,Fiber optic,No,Yes,No internet service,No,Yes,Yes,Month-to-month,Yes,Mailed check,85.8,3530.35,1
CUST-12470,Female,0,Yes,No,60,Yes,No,Fiber optic,Yes,No,No,Yes,No internet service,Yes,Month-to-month,No,Electronic check,107.17,6318.21,1
CUST-12471,Male,0,Yes,Yes,22,No,Yes,Fiber optic,No,No,No,No,Yes,No,One year,No,Electronic check,106.43,2357.73,1
CUST-12472,Male,1,Yes,No,1,Yes,No phone service,Fiber optic,No,No,Yes,No,No,No,One year,Yes,Mailed check,60.69,102.64,1
CUST-12473,Male,0,Yes,No,48,Yes,No,Fiber optic,No internet service,No,No,No,No,Yes,Month-to-month,No,Bank transfer (automatic),87.94,4129.61,1
CUST-12474,Male,0,Yes,No,38,Yes,No,Fiber optic,Yes,Yes,Yes,No,No internet service,No internet service,Month-to-month,No,Credit card (automatic),98.58,3712.03,1
CUST-12475,Male,0,Yes,No,10,Yes,No,DSL,No internet service,Yes,No internet service,Yes,Yes,No,Month-to-month,No,Mailed check,43.86,362.9,0
CUST-12476,Female,0,Yes,No,3,Yes,Yes,DSL,Yes,No,No,Yes,No,No internet service,Month-to-month,No,Mailed check,86.4,285.13,0
CUST-12477,Male,0,No,No,38,Yes,Yes,DSL,No,No,No,No,No,No,One year,No,Mailed check,70.08,2637.77,1
CUST-12478,Male,0,No,No,44,Yes,Yes,No,No,No internet service,Yes,Yes,Yes,No internet service,Month-to-month,No,Bank transfer (automatic),88.09,3932.28,1
CUST-12479,Male,1,No,No,8,No,Yes,No,No,No internet service,No,No,No,No internet service,Month-to-month,Yes,Mailed check,63.55,442.78,1
CUST-12480,Female,0,No,No,43,Yes,Yes,Fiber optic,No internet service,No,No,No,Yes,No,One year,Yes,Bank transfer (automatic),90.91,3919.09,1
CUST-12481,Female,0,No,Yes,32,Yes,No,No,No,No,No internet service,No,Yes,No,Month-to-month,No,Mailed check,57.94,1812.22,1
CUST-12482,Male,0,Yes,Yes,10,Yes,No,DSL,Yes,No,No internet service,No internet service,Yes,No internet service,Month-to-month,No,Electronic check,76.35,764.33,1
CUST-12483,Male,0,No,No,44,Yes,Yes,DSL,No,Yes,No,No,Yes,No internet service,Month-to-month,No,Credit card (automatic),42.79,1866.45,0
CUST-12484,Male,1,Yes,No,47,Yes,No,DSL,No,No,No,No internet service,No,No internet service,Month-to-month,Yes,Electronic check,72.78,3455.74,0
CUST-12485,Male,1,No,Yes,11,Yes,No,DSL,No,Yes,No internet service,Yes,Yes,No,Month-to-month,Yes,Credit card (automatic),40.81,463.34,1
CUST-12486,Male,1,No,No,49,Yes,No,Fiber optic,No,Yes,No,No internet service,No,No,Two year,Yes,Bank transfer (automatic),82.64,4106.65,0
CUST-12487,Male,0,No,Yes,16,Yes,No phone service,DSL,Yes,No internet service,No,No,No,No,One year,No,Bank transfer (automatic),76.88,1225.32,0
CUST-12488,Female,0,Yes,No,43,Yes,Yes,No,No,No,Yes,No internet service,Yes,Yes,Month-to-month,No,Electronic check,24.25,997.06,1
CUST-12489,Male,0,No,No,59,Yes,Yes,Fiber optic,No,No internet service,No,No,Yes,No,One year,No,Electronic check,87.39,5186.64,0
CUST-12490,Male,0,Yes,No,68,Yes,No,DSL,No,No internet service,Yes,No internet service,No,Yes,Two year,Yes,Mailed check,103.7,7047.83,0
CUST-12491,Male,0,Yes,No,18,Yes,Yes,No,No internet service,No internet service,Yes,No,No,Yes,Month-to-month,Yes,Credit card (automatic),38.06,671.76,1
CUST-12492,Female,0,Yes,No,24,Yes,No,No,Yes,No,Yes,No,No,Yes,Month-to-month,Yes,Electronic check,29.93,735.24,1
CUST-12493,Female,0,Yes,Yes,6,Yes,Yes,Fiber optic,No,Yes,No,Yes,Yes,No,Month-to-month,No,Mailed check,111.06,628.45,1
CUST-12494,Male,1,No,No,70,No,No,DSL,No internet service,Yes,Yes,No,No internet service,Yes,One year,Yes,Credit card (automatic),78.43,5578.97,0
CUST-12495,Male,0,Yes,Yes,24,Yes,No,Fiber optic,No,No,No internet service,No,No internet service,No internet service,Month-to-month,Yes,Electronic check,88.41,2174.28,1
CUST-12496,Female,1,Yes,No,58,Yes,No,Fiber optic,No,Yes,No,No internet service,Yes,No internet service,Month-to-month,Yes,Electronic check,99.76,5804.39,1
CUST-12497,Female,0,No,No,68,No,Yes,Fiber optic,No internet service,No,Yes,No,No,No,One year,No,Mailed check,92.34,6292.24,1
CUST-12498,Male,0,No,Yes,34,Yes,No,DSL,Yes,No internet service,No,No,No,No,Month-to-month,No,Electronic check,58.67,1996.73,1
CUST-12499,Female,0,Yes,Yes,50,Yes,No,No,No,No,Yes,No internet service,Yes,No internet service,One year,Yes,Electronic check,26.06,1277.07,0
CUST-12500,Female,0,No,No,34,Yes,No,DSL,No,Yes,Yes,No internet service,Yes,Yes,One year,Yes,Electronic check,109.97,3764.23,1
CUST-12501,Male,0,No,No,42,Yes,No phone service,No,Yes,No,Yes,No internet service,Yes,No,Two year,Yes,Mailed check,58.52,2436.45,0
CUST-12502,Female,0,Yes,Yes,18,Yes,No,DSL,No,No internet service,No internet service,Yes,Yes,No internet service,One year,No,Electronic check,105.41,1979.5,0
CUST-12503,Male,0,No,No,61,Yes,No,No,Yes,No internet service,No,No internet service,Yes,No,Two year,Yes,Credit card (automatic),44.26,2771.77,0
CUST-12504,Male,1,No,No,8,Yes,No,DSL,No internet service,No,Yes,No,Yes,No internet service,One year,Yes,Mailed check,98.92,802.38,1
CUST-12505,Male,0,Yes,No,48,Yes,No,Fiber optic,No,Yes,No,No internet service,No,Yes,Two year,No,Bank transfer (automatic),73.4,3569.33,0
CUST-12506,Male,0,No,No,67,Yes,No phone service,No,Yes,No,Yes,No,No,No internet service,Two year,Yes,Mailed check,18.25,1147.52,0
CUST-12507,Female,0,Yes,Yes,59,Yes,No,DSL,Yes,No,No,No,No,Yes,Month-to-month,Yes,Electronic check,83.56,4938.12,0
CUST-12508,Male,0,No,No,55,Yes,Yes,DSL,No internet service,No,No internet service,Yes,No,No,Month-to-month,No,Mailed check,92.88,5020.7,1
CUST-12509,Male,0,Yes,Yes,47,Yes,Yes,No,No,No,Yes,Yes,Yes,Yes,Two year,Yes,Mailed check,70.18,3303.59,0
CUST-12510,Male,0,Yes,No,69,Yes,No,No,Yes,No,Yes,No,No,Yes,Month-to-month,Yes,Credit card (automatic),57.65,3937.35,0
CUST-12511,Female,0,No,Yes,63,Yes,No phone service,Fiber optic,Yes,No internet service,No,Yes,Yes,No,Month-to-month,Yes,Credit card (automatic),75.55,4804.6,0
CUST-12512,Female,0,No,No,20,Yes,Yes,Fiber optic,No,No internet service,No,No,Yes,No,Two year,Yes,Electronic check,96.88,1941.53,0
CUST-12513,Female,0,Yes,No,45,Yes,No phone service,DSL,Yes,Yes,No internet service,Yes,No internet service,No,Month-to-month,No,Electronic check,81.57,3651.8,0
CUST-12514,Male,0,Yes,No,31,No,Yes,Fiber optic,No internet service,No,No,Yes,No,No internet service,Month-to-month,Yes,Bank transfer (automatic),87.7,2701.01,1
CUST-12515,Female,1,Yes,Yes,19,Yes,Yes,Fiber optic,Yes,Yes,Yes,Yes,No,No,Two year,Yes,Bank transfer (automatic),80.1,1412.15,0
CUST-12516,Female,0,No,No,59,Yes,No phone service,DSL,Yes,Yes,No internet service,Yes,Yes,Yes,Month-to-month,Yes,Mailed check,51.56,3086.52,0
CUST-12517,Female,0,Yes,Yes,3,Yes,No phone service,DSL,No,Yes,Yes,Yes,No internet service,Yes,Month-to-month,Yes,Bank transfer (automatic),78.25,303.68,1
CUST-12518,Male,0,Yes,No,9,No,No,No,Yes,No,Yes,No,Yes,No internet service,Month-to-month,Yes,Bank transfer (automatic),53.94,524.49,1
CUST-12519,Female,0,No,No,7,Yes,No phone service,Fiber optic,No,Yes,No internet service,No,No,No internet service,Month-to-month,Yes,Bank transfer (automatic),59.8,393.72,1
CUST-12520,Male,0,Yes,No,14,Yes,No,Fiber optic,No internet service,No internet service,No,Yes,No,No,Two year,No,Electronic check,118.75,1619.07,1
CUST-12521,Male,0,Yes,No,37,Yes,No,No,No,Yes,Yes,No,No internet service,No,Two year,No,Electronic check,20.48,673.87,0
CUST-12522,Male,0,No,No,68,Yes,No,Fiber optic,No internet service,Yes,Yes,No internet service,No internet service,No,Month-to-month,Yes,Electronic check,75.66,5125.34,0
CUST-12523,Male,0,Yes,No,70,Yes,Yes,DSL,No internet service,Yes,Yes,Yes,Yes,No,Month-to-month,No,Mailed check,79.12,5423.04,1
CUST-12524,Male,0,No,No,65,Yes,Yes,No,Yes,No,No,No,Yes,No internet service,One year,Yes,Mailed check,56.79,3584.37,0
CUST-12525,Male,1,No,No,55,Yes,Yes,No,Yes,Yes,No internet service,No,No internet service,No,Month-to-month,No,Electronic check,32.67,1845.29,1
CUST-12526,Male,0,Yes,No,33,Yes,Yes,DSL,No,No internet service,No,Yes,Yes,No,One year,Yes,Bank transfer (automatic),55.26,1903.57,0
CUST-12527,Female,0,No,No,56,Yes,Yes,DSL,No internet service,No,No,No internet service,No internet service,No,Two year,Yes,Electronic check,72.0,4000.75,1
CUST-12528,Male,1,No,No,19,Yes,Yes,Fiber optic,No internet service,No internet service,No,No,No,No,Month-to-month,Yes,Electronic check,88.48,1704.77,1
CUST-12529,Female,0,No,No,48,Yes,Yes,DSL,No,Yes,Yes,No internet service,Yes,No,Month-to-month,No,Electronic check,102.68,4903.74,0
CUST-12530,Female,0,No,No,0,Yes,No,DSL,Yes,Yes,No,No,Yes,Yes,Month-to-month,Yes,Bank transfer (automatic),52.52,58.88,1
CUST-12531,Female,1,Yes,No,65,Yes,Yes,DSL,No,No internet service,Yes,No,No internet service,No internet service,Month-to-month,No,Bank transfer (automatic),75.45,4915.51,0
CUST-12532,Female,0,Yes,Yes,70,Yes,Yes,Fiber optic,No,No,Yes,No,Yes,Yes,One year,Yes,Electronic check,85.88,6042.56,0
CUST-12533,Male,0,No,Yes,53,Yes,Yes,DSL,No internet service,Yes,Yes,Yes,No,Yes,Month-to-month,No,Credit card (automatic),81.64,4236.02,0
CUST-12534,Female,0,Yes,Yes,12,Yes,Yes,No,No,Yes,No internet service,No internet service,No,No,Month-to-month,Yes,Mailed check,43.56,517.98,0
CUST-12535,Female,0,Yes,No,18,Yes,No,Fiber optic,Yes,No internet service,Yes,No internet service,No,Yes,Month-to-month,No,Credit card (automatic),110.19,1957.16,1
CUST-12536,Male,0,No,No,54,No,No,Fiber optic,No,Yes,No,No,Yes,No,One year,No,Electronic check,102.56,5606.93,1
CUST-12537,Male,0,Yes,Yes,36,Yes,No,No,No,No,No internet service,No internet service,Yes,No,Month-to-month,Yes,Mailed check,75.25,2681.62,1
CUST-12538,Female,0,No,No,39,Yes,No,Fiber optic,No,No internet service,No,Yes,Yes,No,Month-to-month,Yes,Bank transfer (automatic),91.55,3557.87,1
CUST-12539,Male,0,No,No,29,Yes,No phone service,Fiber optic,No,No,Yes,No,No internet service,No,Two year,Yes,Mailed check,88.8,2482.28,0
CUST-12540,Male,1,No,No,61,Yes,No,No,No internet service,No,No,Yes,No,No,Month-to-month,Yes,Mailed check,41.1,2514.97,0
CUST-12541,Female,0,Yes,Yes,12,Yes,Yes,No,No,No,No,No internet service,Yes,Yes,Month-to-month,Yes,Electronic check,19.31,236.87,1
CUST-12542,Female,0,Yes,No,32,Yes,Yes,Fiber optic,Yes,No,No,No,No,No,Month-to-month,No,Mailed check,96.59,3076.41,0
CUST-12543,Male,0,No,No,16,Yes,No,Fiber optic,Yes,No,Yes,No internet service,No,No,Month-to-month,No,Electronic check,97.98,1631.43,0
CUST-12544,Female,0,Yes,No,50,Yes,No,Fiber optic,No,Yes,No,Yes,No,No internet service,Two year,Yes,Mailed check,100.2,5010.98,0
CUST-12545,Male,0,No,Yes,20,Yes,No,Fiber optic,No,No,No,No,Yes,No,Month-to-month,Yes,Electronic check,81.16,1591.79,1
CUST-12546,Female,1,No,Yes,21,Yes,Yes,Fiber optic,No,No internet service,No,No,Yes,No,Month-to-month,No,Mailed check,65.78,1341.44,0
CUST-12547,Female,0,Yes,No,12,Yes,No phone service,No,No,No,Yes,No,No,No internet service,Month-to-month,No,Credit card (automatic),32.79,430.92,0
CUST-12548,Male,0,Yes,No,63,Yes,No,Fiber optic,No,No,No internet service,Yes,No internet service,Yes,Month-to-month,No,Mailed check,93.55,5812.35,0
CUST-12549,Male,0,No,Yes,15,Yes,No phone service,DSL,No internet service,No,No internet service,No,No,No,Month-to-month,Yes,Bank transfer (automatic),96.19,1409.64,1
CUST-12550,Female,0,Yes,No,63,Yes,No,Fiber optic,Yes,No,Yes,Yes,Yes,No,Month-to-month,Yes,Mailed check,57.44,3612.36,1
CUST-12551,Male,0,No,Yes,66,Yes,Yes,Fiber optic,No,No,Yes,No,No internet service,No,Month-to-month,Yes,Electronic check,118.75,7816.98,1
CUST-12552,Male,0,No,No,70,No,Yes,Fiber optic,No internet service,No,Yes,No internet service,No,Yes,Month-to-month,No,Electronic check,46.85,3275.86,0
CUST-12553,Male,0,Yes,No,25,Yes,Yes,Fiber optic,Yes,Yes,No,No,No,No,Month-to-month,Yes,Electronic check,118.75,3025.31,1
CUST-12554,Female,0,No,Yes,47,Yes,Yes,No,Yes,Yes,Yes,No,Yes,Yes,Month-to-month,Yes,Mailed check,28.3,1316.77,0
CUST-12555,Male,1,Yes,Yes,60,Yes,No,DSL,No,Yes,No,Yes,No internet service,Yes,One year,Yes,Bank transfer (automatic),103.31,6148.8,0
CUST-12556,Female,0,Yes,No,5,Yes,Yes,No,Yes,No,No internet service,Yes,Yes,No,Month-to-month,Yes,Bank transfer (automatic),40.16,277.74,0
CUST-12557,Female,0,No,No,4,Yes,Yes,Fiber optic,No,No,Yes,Yes,No,Yes,Month-to-month,No,Mailed check,117.38,455.67,1
CUST-12558,Male,0,No,Yes,15,Yes,Yes,DSL,No internet service,No,Yes,No internet service,No,No,Two year,Yes,Mailed check,27.83,438.62,0
CUST-12559,Female,0,No,No,71,Yes,No,DSL,Yes,No,Yes,Yes,Yes,No,Two year,Yes,Electronic check,85.85,6169.26,1
CUST-12560,Female,1,No,Yes,6,No,Yes,No,No internet service,No,Yes,No internet service,Yes,Yes,Two year,No,Bank transfer (automatic),69.64,381.84,0
CUST-12561,Male,0,No,No,55,Yes,Yes,No,Yes,No,No internet service,No,No internet service,No internet service,Month-to-month,No,Credit card (automatic),55.33,3132.12,0
CUST-12562,Female,0,Yes,No,61,Yes,No,DSL,No,No,Yes,No internet service,No,No,Month-to-month,No,Bank transfer (automatic),86.05,5338.21,1
CUST-12563,Male,0,Yes,No,66,Yes,Yes,Fiber optic,Yes,No,No,Yes,No,No,One year,Yes,Electronic check,110.18,7235.46,0
CUST-12564,Male,1,Yes,No,38,Yes,No phone service,DSL,No,Yes,No,No internet service,Yes,No internet service,Two year,Yes,Credit card (automatic),78.18,2942.14,1
CUST-12565,Male,0,Yes,No,38,Yes,Yes,Fiber optic,No internet service,No,Yes,No internet service,Yes,Yes,Two year,No,Bank transfer (automatic),80.33,3089.19,0
CUST-12566,Female,0,Yes,Yes,54,Yes,No,DSL,No,Yes,Yes,No,Yes,No,Month-to-month,Yes,Bank transfer (automatic),48.24,2677.42,0
CUST-12567,Female,0,No,No,46,No,No,Fiber optic,No internet service,Yes,No internet service,No internet service,Yes,No,Two year,Yes,Bank transfer (automatic),108.16,5016.58,0
CUST-12568,Male,0,Yes,Yes,57,Yes,Yes,Fiber optic,No,No,No internet service,Yes,No,No internet service,Month-to-month,No,Mailed check,111.44,6350.29,0
CUST-12569,Female,1,No,No,26,Yes,No,Fiber optic,No internet service,Yes,Yes,Yes,Yes,No,Month-to-month,No,Mailed check,103.45,2716.41,1
CUST-12570,Female,0,No,No,68,Yes,Yes,DSL,No,Yes,No,No internet service,No,Yes,Two year,Yes,Electronic check,89.97,6153.89,0
CUST-12571,Female,0,No,Yes,31,Yes,Yes,Fiber optic,No,Yes,No,Yes,No,Yes,Two year,No,Bank transfer (automatic),94.71,2951.86,0
CUST-12572,Female,0,Yes,No,18,Yes,No,No,No internet service,No,Yes,Yes,No,Yes,One year,No,Mailed check,40.7,710.16,0
CUST-12573,Male,1,No,No,54,Yes,No phone service,Fiber optic,No,Yes,Yes,No,Yes,No,Month-to-month,No,Mailed check,112.52,6116.71,1
CUST-12574,Female,0,No,No,45,Yes,Yes,No,No internet service,No internet service,Yes,No internet service,No,No,Month-to-month,Yes,Electronic check,40.04,1788.62,1
CUST-12575,Male,0,Yes,No,3,Yes,No,No,Yes,No,No,No internet service,No internet service,No,Month-to-month,No,Bank transfer (automatic),52.13,61.94,0
CUST-12576,Male,1,Yes,No,12,Yes,Yes,DSL,Yes,Yes,No,Yes,No,Yes,Month-to-month,Yes,Mailed check,85.78,961.21,1
CUST-12577,Male,0,Yes,Yes,2,Yes,Yes,DSL,No,No,No internet service,No,No,Yes,Month-to-month,No,Electronic check,102.5,269.89,1
CUST-12578,Female,1,No,No,42,Yes,Yes,Fiber optic,Yes,No,No internet service,No,Yes,Yes,Month-to-month,No,Bank transfer (automatic),31.42,1266.39,1
CUST-12579,Female,0,No,No,63,Yes,No,Fiber optic,No,No,No,No internet service,No,No,Month-to-month,No,Mailed check,107.29,6765.0,1
CUST-12580,Male,0,No,Yes,23,No,No,No,No internet service,Yes,No,Yes,Yes,No,Two year,No,Bank transfer (automatic),40.88,1004.39,0
CUST-12581,Male,0,No,No,8,Yes,No,DSL,No,No,No internet service,Yes,Yes,No,Month-to-month,No,Mailed check,84.94,688.53,1
CUST-12582,Male,0,Yes,No,62,Yes,No phone service,DSL,No internet service,No,Yes,No,No,No internet service,Month-to-month,Yes,Bank transfer (automatic),37.16,2419.32,0
CUST-12583,Female,0,Yes,No,52,Yes,No,No,No,No internet service,Yes,Yes,Yes,No,Month-to-month,No,Electronic check,34.87,1808.68,0
CUST-12584,Male,0,No,Yes,39,Yes,Yes,No,Yes,No,No,No,No,No,Two year,Yes,Electronic check,73.31,2818.03,0
CUST-12585,Female,1,No,No,14,Yes,Yes,Fiber optic,Yes,Yes,No,No,No internet service,No internet service,Month-to-month,Yes,Bank transfer (automatic),113.33,1514.61,0
CUST-12586,Male,0,No,No,49,Yes,No,Fiber optic,No internet service,No,No internet service,No,No,No,One year,Yes,Credit card (automatic),86.0,4121.8,0
CUST-12587,Male,0,Yes,Yes,26,Yes,Yes,No,No,Yes,No,No,Yes,No,One year,No,Electronic check,83.91,2259.01,1
CUST-12588,Female,0,Yes,No,17,Yes,Yes,Fiber optic,No internet service,No,No,No internet service,Yes,No,Month-to-month,No,Bank transfer (automatic),89.77,1470.52,1
CUST-12589,Male,0,Yes,Yes,21,Yes,Yes,No,No,No,No,No,No,No,One year,No,Electronic check,56.4,1103.96,0
CUST-12590,Male,0,Yes,No,4,Yes,Yes,No,Yes,Yes,No,No internet service,No,No internet service,Month-to-month,Yes,Credit card (automatic),33.24,115.14,0
CUST-12591,Male,0,Yes,No,35,Yes,No,DSL,No,Yes,No internet service,No,No,No,One year,Yes,Mailed check,65.65,2268.65,0
CUST-12592,Female,0,No,Yes,54,Yes,No,DSL,No,Yes,No,No,No internet service,No internet service,Two year,Yes,Electronic check,83.12,4455.25,1
CUST-12593,Male,0,No,No,60,Yes,No,No,No,Yes,No internet service,No,No internet service,No,Month-to-month,No,Electronic check,18.25,1159.84,0
CUST-12594,Male,0,Yes,No,52,Yes,No phone service,Fiber optic,No,No,Yes,No,No,Yes,Month-to-month,Yes,Bank transfer (automatic),91.83,4786.71,1
CUST-12595,Male,0,Yes,No,63,Yes,No,DSL,No,No,No internet service,Yes,Yes,No internet service,Two year,No,Bank transfer (automatic),83.66,5314.5,0
CUST-12596,Female,1,Yes,Yes,70,Yes,Yes,Fiber optic,No internet service,Yes,No internet service,No,Yes,Yes,Two year,Yes,Bank transfer (automatic),89.94,6410.8,0
CUST-12597,Female,0,Yes,No,16,Yes,No,Fiber optic,Yes,Yes,No internet service,No internet service,Yes,No internet service,Month-to-month,Yes,Credit card (automatic),118.66,1858.92,1
CUST-12598,Female,0,No,Yes,31,No,Yes,DSL,Yes,No internet service,No internet service,No,No,No internet service,Month-to-month,Yes,Electronic check,65.23,2033.94,1
CUST-12599,Male,0,Yes,No,24,Yes,No phone service,Fiber optic,Yes,Yes,No,No,No internet service,Yes,One year,Yes,Bank transfer (automatic),85.12,1973.29,0
CUST-12600,Female,0,No,No,49,Yes,No,DSL,No,No internet service,No,No,No,No internet service,Month-to-month,Yes,Mailed check,66.83,3351.58,1
CUST-12601,Male,0,Yes,Yes,61,Yes,Yes,DSL,No internet service,Yes,Yes,No,No internet service,No internet service,Month-to-month,Yes,Mailed check,68.83,4188.25,1
CUST-12602,Female,1,Yes,Yes,64,No,No,DSL,No,No internet service,Yes,No,Yes,Yes,One year,Yes,Electronic check,71.63,4430.49,0
CUST-12603,Female,1,No,Yes,6,Yes,No,Fiber optic,No internet service,No,No internet service,Yes,No,No internet service,Month-to-month,No,Credit card (automatic),78.67,405.49,1
CUST-12604,Female,0,Yes,Yes,37,Yes,No phone service,No,No,Yes,No,Yes,Yes,No,Two year,Yes,Credit card (automatic),72.34,2750.96,0
CUST-12605,Female,0,Yes,No,8,Yes,Yes,Fiber optic,No,Yes,No,No internet service,No,Yes,One year,Yes,Credit card (automatic),117.76,850.87,1
CUST-12606,Female,0,No,No,24,Yes,Yes,No,No,Yes,No,Yes,Yes,No,Month-to-month,Yes,Bank transfer (automatic),72.77,1741.51,1
CUST-12607,Male,0,Yes,Yes,35,Yes,No phone service,DSL,No internet service,Yes,No,No,No,No internet service,Month-to-month,Yes,Bank transfer (automatic),89.12,3143.91,1
CUST-12608,Female,0,Yes,No,45,Yes,No,Fiber optic,Yes,No,No,No,No internet service,No,Month-to-month,Yes,Electronic check,70.37,3194.87,1
CUST-12609,Female,0,Yes,No,57,Yes,Yes,Fiber optic,No,No,No internet service,Yes,Yes,No,Month-to-month,Yes,Mailed check,88.29,5160.82,0
CUST-12610,Female,0,Yes,Yes,72,Yes,No,No,No,No,Yes,Yes,No internet service,No,Month-to-month,No,Electronic check,91.56,6588.6,0
CUST-12611,Female,0,No,No,24,Yes,No,Fiber optic,No internet service,Yes,No,No internet service,Yes,No,Two year,No,Credit card (automatic),85.55,2005.12,1
CUST-12612,Male,0,Yes,Yes,40,Yes,Yes,No,Yes,No,Yes,No,No,Yes,Month-to-month,Yes,Bank transfer (automatic),57.7,2264.11,0
CUST-12613,Female,0,No,No,5,Yes,Yes,DSL,Yes,Yes,No internet service,No,No,No internet service,Month-to-month,No,Electronic check,44.92,282.9,1
CUST-12614,Male,0,No,No,8,Yes,Yes,No,No,Yes,No,Yes,Yes,No,One year,Yes,Bank transfer (automatic),60.66,362.53,1
CUST-12615,Female,0,Yes,No,70,Yes,Yes,No,No,Yes,No internet service,Yes,No,No internet service,Month-to-month,Yes,Bank transfer (automatic),36.35,2556.04,0
CUST-12616,Female,0,Yes,No,68,Yes,Yes,No,No,No,Yes,No,Yes,No,Month-to-month,No,Credit card (automatic),44.56,3112.09,0
CUST-12617,Male,0,Yes,Yes,68,No,Yes,DSL,No,Yes,No internet service,No internet service,No,Yes,Two year,No,Bank transfer (automatic),19.72,1345.66,0
CUST-12618,Female,0,Yes,No,19,Yes,No,DSL,No,Yes,Yes,Yes,Yes,Yes,One year,No,Credit card (automatic),73.82,1468.36,1
CUST-12619,Female,0,Yes,Yes,47,Yes,No,Fiber optic,No,No,Yes,No,Yes,No,Month-to-month,Yes,Bank transfer (automatic),107.82,4960.53,0
CUST-12620,Female,0,No,Yes,16,Yes,No,Fiber optic,No,No internet service,Yes,No,Yes,No,Month-to-month,No,Bank transfer (automatic),108.64,1802.07,1
CUST-12621,Male,0,Yes,Yes,49,No,Yes,Fiber optic,Yes,No,No,Yes,No,No internet service,Month-to-month,No,Electronic check,82.01,4028.86,0
CUST-12622,Male,0,No,No,35,Yes,No,DSL,No,No internet service,No internet service,No,Yes,No internet service,Two year,Yes,Electronic check,90.27,3132.52,0
CUST-12623,Female,0,No,No,68,Yes,Yes,Fiber optic,No,Yes,No,No,Yes,Yes,Two year,Yes,Bank transfer (automatic),109.13,7394.4,0
CUST-12624,Female,0,No,No,27,Yes,No phone service,DSL,No,No internet service,Yes,No,Yes,No internet service,One year,No,Credit card (automatic),59.51,1693.99,1
CUST-12625,Female,0,Yes,No,47,Yes,Yes,Fiber optic,No,Yes,No,No internet service,Yes,No internet service,Two year,Yes,Electronic check,109.26,5093.53,0
CUST-12626,Female,0,Yes,No,48,Yes,No,DSL,Yes,Yes,Yes,No,Yes,Yes,Month-to-month,Yes,Electronic check,68.24,3236.54,0
CUST-12627,Male,0,No,No,57,Yes,No,No,No,Yes,Yes,Yes,No,Yes,Two year,No,Credit card (automatic),23.4,1414.67,0
CUST-12628,Female,0,Yes,No,3,Yes,No,DSL,No,No,No,No,No,No,Two year,Yes,Electronic check,60.95,197.85,1
CUST-12629,Male,0,No,No,33,Yes,No,Fiber optic,Yes,Yes,Yes,Yes,Yes,Yes,One year,Yes,Mailed check,94.27,3135.8,0
CUST-12630,Female,0,No,No,33,Yes,No,DSL,No internet service,No,No,Yes,Yes,Yes,Month-to-month,Yes,Credit card (automatic),44.76,1425.66,1
CUST-12631,Female,0,No,No,16,Yes,No,DSL,No internet service,No,No,No,No internet service,No,One year,Yes,Bank transfer (automatic),33.71,487.03,0
CUST-12632,Female,0,Yes,Yes,58,Yes,Yes,Fiber optic,No,Yes,Yes,Yes,No internet service,No internet service,Two year,No,Electronic check,97.71,5755.37,0
CUST-12633,Female,0,Yes,No,60,No,No,DSL,No,No internet service,Yes,No,No internet service,No internet service,Month-to-month,No,Credit card (automatic),81.91,4931.22,0
CUST-12634,Male,0,No,No,5,Yes,Yes,Fiber optic,No,Yes,Yes,No,No,Yes,One year,No,Electronic check,84.42,420.66,1
CUST-12635,Male,0,No,No,49,Yes,Yes,DSL,No,Yes,No,No internet service,Yes,No internet service,Month-to-month,Yes,Credit card (automatic),76.68,3740.47,1
CUST-12636,Male,0,No,Yes,62,Yes,No,Fiber optic,Yes,Yes,No,Yes,Yes,Yes,Month-to-month,Yes,Electronic check,102.96,6375.3,0
CUST-12637,Female,0,No,Yes,21,No,No,No,No,Yes,No internet service,No,Yes,No internet service,Two year,Yes,Electronic check,18.25,343.61,1
CUST-12638,Male,0,No,No,46,Yes,Yes,Fiber optic,No,Yes,Yes,No,Yes,No,Month-to-month,Yes,Electronic check,36.07,1678.44,1
CUST-12639,Female,0,No,No,45,Yes,No,DSL,No,Yes,Yes,No internet service,Yes,Yes,Two year,No,Mailed check,91.04,4062.94,0
CUST-12640,Male,0,No,No,1,Yes,Yes,Fiber optic,No internet service,Yes,No,No,Yes,No internet service,Month-to-month,No,Bank transfer (automatic),97.24,75.77,1
CUST-12641,Male,0,Yes,No,59,Yes,No,DSL,No,No internet service,No internet service,No internet service,Yes,Yes,Two year,Yes,Bank transfer (automatic),85.32,5056.57,0
CUST-12642,Male,0,Yes,No,54,Yes,No,Fiber optic,No,No internet service,No,No,No internet service,Yes,Month-to-month,Yes,Electronic check,73.07,4016.11,1
CUST-12643,Male,0,No,No,19,Yes,Yes,No,No,No internet service,No internet service,Yes,Yes,Yes,Month-to-month,Yes,Credit card (automatic),53.54,1078.4,1
CUST-12644,Male,0,No,Yes,22,Yes,Yes,DSL,No,Yes,Yes,No,Yes,Yes,Month-to-month,Yes,Electronic check,95.92,2077.13,1
CUST-12645,Male,0,Yes,Yes,56,Yes,No phone service,DSL,Yes,Yes,No,No,Yes,Yes,Month-to-month,Yes,Electronic check,78.81,4402.03,0
CUST-12646,Female,0,No,No,58,Yes,Yes,No,No,No,No,Yes,No,No internet service,One year,No,Electronic check,39.3,2194.07,0
CUST-12647,Female,0,Yes,No,5,Yes,No phone service,Fiber optic,No,No,Yes,Yes,Yes,No,One year,No,Mailed check,94.12,501.07,1
CUST-12648,Female,0,Yes,No,26,Yes,No,DSL,No,Yes,Yes,Yes,No,No,Two year,No,Credit card (automatic),101.51,2675.45,0
CUST-12649,Male,0,No,No,45,Yes,Yes,No,No,No internet service,No,No,No,Yes,Two year,No,Electronic check,52.88,2378.88,0
CUST-12650,Female,1,Yes,Yes,9,Yes,No,DSL,No,No internet service,Yes,No,No internet service,Yes,Month-to-month,No,Electronic check,52.06,531.02,1
CUST-12651,Female,0,No,No,72,Yes,No,No,No internet service,Yes,Yes,No,Yes,No,Two year,No,Electronic check,84.04,6019.96,0
CUST-12652,Female,0,No,Yes,15,No,Yes,DSL,No,No internet service,No,No,Yes,No,Two year,No,Credit card (automatic),68.57,1032.07,0
CUST-12653,Male,0,No,No,63,Yes,No,No,No,Yes,Yes,No internet service,No,No,Month-to-month,Yes,Bank transfer (automatic),35.77,2193.98,0
CUST-12654,Female,0,Yes,Yes,4,Yes,Yes,No,Yes,No,No,No internet service,No,No,Month-to-month,Yes,Mailed check,37.22,140.74,1
CUST-12655,Female,0,No,No,63,Yes,Yes,DSL,No,Yes,No,Yes,No,Yes,Month-to-month,No,Mailed check,84.64,5307.05,1
CUST-12656,Male,1,Yes,No,2,Yes,No,No,No,No,Yes,Yes,No,No,Two year,Yes,Bank transfer (automatic),37.51,103.82,1
CUST-12657,Male,0,No,No,49,No,No,DSL,No internet service,Yes,No,Yes,No internet service,No,Two year,Yes,Credit card (automatic),41.84,2029.84,0
CUST-12658,Female,0,Yes,Yes,26,No,No,No,Yes,No,No,No internet service,Yes,Yes,One year,Yes,Mailed check,58.62,1582.49,0
CUST-12659,Male,0,No,Yes,33,Yes,No,Fiber optic,No internet service,Yes,Yes,Yes,No internet service,No,Month-to-month,Yes,Electronic check,93.9,3012.47,1
CUST-12660,Male,0,No,No,7,Yes,No,DSL,No,No,No,No,Yes,No internet service,Month-to-month,Yes,Mailed check,76.55,562.9,1
CUST-12661,Female,0,Yes,Yes,49,Yes,Yes,Fiber optic,No,No,Yes,Yes,Yes,Yes,Two year,No,Electronic check,69.06,3244.76,0
CUST-12662,Male,0,Yes,Yes,45,Yes,No phone service,DSL,No,Yes,Yes,No,Yes,Yes,Month-to-month,No,Bank transfer (automatic),66.4,2981.13,0
CUST-12663,Male,0,Yes,No,23,Yes,No,Fiber optic,Yes,No,No,Yes,No,No,Month-to-month,Yes,Electronic check,98.52,2323.98,0
CUST-12664,Male,0,No,Yes,34,Yes,No phone service,Fiber optic,Yes,No internet service,No,No,No,No,Month-to-month,Yes,Mailed check,91.69,3110.72,0
CUST-12665,Female,0,No,Yes,40,Yes,No,Fiber optic,No,No internet service,No,No,Yes,No,Two year,No,Electronic check,95.99,3899.16,0
CUST-12666,Male,0,No,No,50,Yes,No,No,No,No internet service,No,No internet service,No internet service,Yes,One year,No,Electronic check,80.18,3958.06,1
CUST-12667,Female,1,No,No,39,Yes,No,No,No,Yes,No,No internet service,No internet service,No,One year,Yes,Mailed check,54.9,2148.65,0
CUST-12668,Male,0,Yes,No,4,Yes,Yes,Fiber optic,No internet service,No,No,No internet service,No,No,Month-to-month,No,Bank transfer (automatic),99.55,355.89,1
CUST-12669,Female,0,No,No,39,Yes,Yes,Fiber optic,Yes,No internet service,No internet service,No,Yes,No,Month-to-month,Yes,Bank transfer (automatic),71.05,2843.5,1
CUST-12670,Female,0,Yes,No,25,Yes,No,DSL,No,No internet service,Yes,Yes,No,Yes,One year,No,Credit card (automatic),51.91,1254.05,0
CUST-12671,Female,1,No,No,30,Yes,Yes,No,Yes,Yes,No,Yes,No,No internet service,Month-to-month,No,Mailed check,63.21,1846.08,1
CUST-12672,Female,0,Yes,No,27,Yes,Yes,No,No,No internet service,Yes,No,Yes,Yes,One year,Yes,Electronic check,40.24,1148.65,0
CUST-12673,Male,0,No,Yes,25,Yes,No,No,Yes,No,Yes,Yes,Yes,No internet service,Month-to-month,Yes,Electronic check,18.25,392.13,1
CUST-12674,Female,0,Yes,No,17,Yes,Yes,Fiber optic,No internet service,No,No internet service,Yes,No,Yes,Month-to-month,Yes,Electronic check,99.49,1648.53,1
CUST-12675,Female,1,Yes,No,24,Yes,Yes,DSL,No,No,No,Yes,No internet service,Yes,One year,Yes,Mailed check,95.45,2316.94,1
CUST-12676,Female,0,Yes,No,52,Yes,No,DSL,No,Yes,Yes,Yes,Yes,Yes,Month-to-month,Yes,Electronic check,53.57,2795.5,1
CUST-12677,Female,0,No,No,16,Yes,Yes,Fiber optic,No,Yes,No,No,Yes,No internet service,Month-to-month,No,Bank transfer (automatic),55.33,848.8,1
CUST-12678,Female,0,No,No,55,Yes,Yes,DSL,No,Yes,No,No,No internet service,No,One year,Yes,Bank transfer (automatic),103.41,5680.26,0
CUST-12679,Male,0,Yes,No,32,Yes,Yes,Fiber optic,Yes,No,No internet service,Yes,No,No,Month-to-month,Yes,Mailed check,115.86,3795.59,1
CUST-12680,Male,1,Yes,No,44,No,No,Fiber optic,No,No,No internet service,No internet service,No,No internet service,Month-to-month,Yes,Bank transfer (automatic),110.25,4798.99,1
CUST-12681,Male,0,Yes,No,8,Yes,No phone service,Fiber optic,No,No,Yes,No,Yes,Yes,Month-to-month,Yes,Mailed check,73.3,585.1,1
CUST-12682,Male,0,No,No,15,Yes,Yes,Fiber optic,Yes,No,No internet service,No,No internet service,Yes,Two year,Yes,Electronic check,84.02,1244.32,0
CUST-12683,Female,0,No,No,65,Yes,No,DSL,Yes,No,No,No internet service,No,Yes,One year,Yes,Bank transfer (automatic),82.95,5440.25,1
CUST-12684,Female,0,No,No,60,Yes,Yes,Fiber optic,No,Yes,No,No,Yes,No,One year,No,Bank transfer (automatic),107.75,6402.34,0
CUST-12685,Male,0,No,No,5,Yes,No,DSL,No,Yes,Yes,No,Yes,Yes,Two year,No,Mailed check,72.32,326.3,1
CUST-12686,Male,0,Yes,Yes,65,Yes,Yes,DSL,Yes,No,No internet service,No,No,Yes,Month-to-month,No,Electronic check,118.75,7700.65,1
CUST-12687,Female,0,Yes,Yes,61,No,No,Fiber optic,Yes,No,No,No,Yes,Yes,Month-to-month,Yes,Mailed check,102.02,6187.65,0
CUST-12688,Female,0,No,No,10,Yes,No,DSL,Yes,No internet service,No internet service,No internet service,Yes,No,Two year,No,Electronic check,77.58,795.88,1
CUST-12689,Female,1,No,Yes,17,Yes,No,DSL,No,No internet service,No internet service,Yes,No,Yes,Two year,Yes,Credit card (automatic),71.94,1256.41,0
CUST-12690,Female,0,Yes,Yes,12,Yes,Yes,DSL,No,No,No,Yes,No internet service,Yes,Two year,No,Mailed check,79.64,975.23,0
CUST-12691,Female,0,No,Yes,62,Yes,No,DSL,No,Yes,No internet service,No,No,No,Month-to-month,Yes,Bank transfer (automatic),82.74,5040.15,0
CUST-12692,Female,0,Yes,No,62,Yes,Yes,DSL,Yes,No internet service,Yes,No internet service,Yes,Yes,Month-to-month,No,Bank transfer (automatic),52.57,3241.0,0
CUST-12693,Male,1,Yes,No,52,Yes,No,Fiber optic,No,Yes,No internet service,No,Yes,Yes,Month-to-month,No,Credit card (automatic),66.03,3419.76,1
CUST-12694,Female,0,Yes,No,18,Yes,No,No,No,No,Yes,No internet service,No,No,Month-to-month,Yes,Mailed check,35.16,574.08,1
CUST-12695,Male,0,No,No,67,No,No,DSL,No,No internet service,Yes,Yes,Yes,No internet service,Month-to-month,Yes,Bank transfer (automatic),68.6,4550.69,0
CUST-12696,Male,0,No,No,61,Yes,No,DSL,No internet service,No internet service,No internet service,No internet service,No,No internet service,Month-to-month,Yes,Mailed check,78.33,4865.24,1
CUST-12697,Male,1,No,No,63,Yes,No,DSL,No,No internet service,Yes,Yes,No internet service,No internet service,Month-to-month,Yes,Credit card (automatic),66.1,4202.82,0
CUST-12698,Male,1,No,No,26,Yes,No,DSL,No,Yes,No internet service,Yes,No,No,Month-to-month,No,Electronic check,74.51,1874.97,1
CUST-12699,Male,0,No,No,51,Yes,Yes,Fiber optic,No,No,Yes,No,No,Yes,Month-to-month,Yes,Mailed check,61.53,3169.04,1
CUST-12700,Female,0,Yes,No,49,Yes,Yes,Fiber optic,No,No,No,Yes,Yes,No,Month-to-month,No,Mailed check,114.2,5623.2,1
CUST-12701,Female,0,No,No,11,Yes,No,Fiber optic,No,Yes,No,Yes,Yes,No internet service,Month-to-month,Yes,Electronic check,62.36,645.23,1
CUST-12702,Male,0,Yes,Yes,42,Yes,No,Fiber optic,Yes,No,Yes,No,No,Yes,Month-to-month,Yes,Credit card (automatic),96.14,4060.87,1
CUST-12703,Female,0,No,Yes,40,Yes,No,No,No internet service,No,No internet service,No,No,No internet service,One year,Yes,Credit card (automatic),29.58,1158.38,0
CUST-12704,Male,0,Yes,No,42,Yes,No,No,No internet service,No internet service,Yes,No internet service,Yes,No internet service,Two year,No,Electronic check,57.99,2342.96,0
CUST-12705,Male,0,Yes,No,24,No,No,DSL,No internet service,No,No internet service,No internet service,No,No,One year,No,Credit card (automatic),106.18,2524.31,0
CUST-12706,Female,1,No,No,48,Yes,Yes,DSL,No,Yes,No internet service,No internet service,No,No,Month-to-month,No,Bank transfer (automatic),91.35,4329.18,0
CUST-12707,Male,0,Yes,Yes,64,Yes,Yes,Fiber optic,No internet service,No internet service,No,No,Yes,No,Month-to-month,No,Bank transfer (automatic),72.25,4592.02,1
CUST-12708,Female,0,Yes,No,44,No,No phone service,Fiber optic,No,No,No internet service,No,No internet service,No internet service,Two year,Yes,Mailed check,94.68,4190.35,0
CUST-12709,Female,0,No,No,63,Yes,Yes,Fiber optic,No,No,No,No internet service,No,Yes,Month-to-month,Yes,Mailed check,82.78,5239.34,0
CUST-12710,Male,0,No,No,56,Yes,Yes,Fiber optic,No internet service,No internet service,No internet service,No,No internet service,Yes,One year,No,Electronic check,63.66,3582.84,0
CUST-12711,Male,0,Yes,No,22,Yes,No,No,No internet service,No,No internet service,No,No,No,One year,No,Electronic check,69.85,1551.09,1
CUST-12712,Female,1,Yes,No,53,Yes,Yes,Fiber optic,No,No,No,No,No,Yes,Month-to-month,No,Bank transfer (automatic),118.75,6239.75,1
CUST-12713,Female,0,Yes,No,49,Yes,No,No,No,No,No internet service,No,Yes,Yes,Month-to-month,No,Credit card (automatic),75.88,3677.78,1
CUST-12714,Female,0,No,No,68,Yes,No,No,No,No internet service,No,Yes,No,No,One year,Yes,Electronic check,25.66,1802.36,0
CUST-12715,Male,0,No,No,24,Yes,No,Fiber optic,No,No,No,Yes,Yes,No,Month-to-month,Yes,Bank transfer (automatic),118.75,2938.62,1
CUST-12716,Male,0,Yes,No,11,Yes,No phone service,DSL,No,No,No internet service,Yes,No,Yes,Month-to-month,Yes,Electronic check,62.63,688.1,1
CUST-12717,Female,1,No,No,49,Yes,No,DSL,Yes,No internet service,No,Yes,No,No,Month-to-month,No,Mailed check,66.79,3287.3,1
CUST-12718,Female,0,No,Yes,46,Yes,No,Fiber optic,No internet service,Yes,Yes,No,No,No,Month-to-month,Yes,Electronic check,75.12,3561.32,1
CUST-12719,Male,0,No,No,44,Yes,No phone service,No,Yes,No internet service,Yes,No internet service,Yes,Yes,Month-to-month,Yes,Electronic check,53.19,2318.86,1
CUST-12720,Female,0,Yes,No,54,No,Yes,No,Yes,No internet service,No,No internet service,Yes,Yes,One year,Yes,Credit card (automatic),18.25,993.57,0
CUST-12721,Female,0,No,Yes,37,Yes,Yes,DSL,No,Yes,Yes,Yes,Yes,Yes,Month-to-month,No,Bank transfer (automatic),55.52,2020.99,1
CUST-12722,Male,0,No,No,2,Yes,No,DSL,No,No,No,Yes,No,Yes,Month-to-month,Yes,Mailed check,98.42,90.55,0
CUST-12723,Male,1,Yes,No,64,Yes,No,No,Yes,No internet service,Yes,No internet service,Yes,Yes,Month-to-month,Yes,Bank transfer (automatic),101.84,6488.14,1
CUST-12724,Female,0,Yes,Yes,20,Yes,Yes,Fiber optic,Yes,No,Yes,No,Yes,No,Month-to-month,Yes,Electronic check,45.69,932.34,0
CUST-12725,Female,1,Yes,No,17,Yes,Yes,Fiber optic,No internet service,Yes,No internet service,No,Yes,No internet service,Month-to-month,Yes,Mailed check,111.11,1809.65,1
CUST-12726,Male,0,Yes,Yes,59,Yes,Yes,DSL,No,Yes,Yes,No internet service,No internet service,Yes,Month-to-month,No,Credit card (automatic),50.85,3024.77,0
CUST-12727,Male,0,No,No,58,Yes,Yes,DSL,No internet service,Yes,No internet service,No internet service,Yes,No internet service,Month-to-month,Yes,Mailed check,65.78,3750.13,0
CUST-12728,Female,1,No,No,36,No,Yes,DSL,No internet service,No,No,Yes,No internet service,No,Month-to-month,Yes,Mailed check,49.69,1757.83,0
CUST-12729,Male,0,Yes,No,50,Yes,No phone service,DSL,No,No,No internet service,No,Yes,No,Month-to-month,No,Electronic check,95.03,4741.74,1
CUST-12730,Female,0,No,No,5,Yes,No,Fiber optic,No,No,No,No,No,No,One year,Yes,Electronic check,101.47,460.9,1
CUST-12731,Female,1,Yes,Yes,20,Yes,No,DSL,Yes,No,No,No internet service,No,No internet service,Month-to-month,Yes,Credit card (automatic),77.42,1549.67,0
CUST-12732,Female,0,No,No,17,Yes,No,Fiber optic,No internet service,No,Yes,No,No,No,Month-to-month,No,Bank transfer (automatic),105.53,1788.12,1
CUST-12733,Male,1,Yes,Yes,30,Yes,Yes,No,No,No,No internet service,No,Yes,No,Month-to-month,Yes,Electronic check,62.52,1878.93,1
CUST-12734,Male,0,No,No,26,Yes,No,DSL,No internet service,No internet service,No,No,No internet service,Yes,Month-to-month,Yes,Credit card (automatic),52.35,1434.52,1
CUST-12735,Male,1,No,No,5,Yes,No,No,No internet service,No internet service,Yes,No,No internet service,No internet service,Month-to-month,Yes,Electronic check,56.63,241.99,1
CUST-12736,Female,0,No,Yes,50,Yes,No,DSL,Yes,No,No internet service,No,No,No internet service,Month-to-month,Yes,Bank transfer (automatic),62.33,3140.12,1
CUST-12737,Male,0,No,No,43,Yes,Yes,Fiber optic,No internet service,Yes,No,Yes,Yes,Yes,Month-to-month,No,Mailed check,74.83,3180.08,1
CUST-12738,Male,1,Yes,No,27,No,No phone service,DSL,No internet service,No internet service,Yes,No internet service,Yes,Yes,Two year,Yes,Credit card (automatic),85.19,2300.77,0
CUST-12739,Male,0,No,No,64,Yes,No,No,No,No internet service,Yes,No,Yes,No internet service,Month-to-month,Yes,Credit card (automatic),76.65,4953.36,1
CUST-12740,Male,0,No,Yes,26,Yes,Yes,DSL,No internet service,No internet service,No internet service,No internet service,No internet service,No,Two year,No,Electronic check,73.51,1960.73,0
CUST-12741,Male,0,Yes,No,8,Yes,No phone service,Fiber optic,No,No,No,No internet service,No internet service,Yes,Month-to-month,Yes,Electronic check,118.75,926.82,1
CUST-12742,Female,0,No,Yes,61,Yes,Yes,No,No,Yes,No internet service,No,No,Yes,One year,Yes,Credit card (automatic),43.49,2698.14,0
CUST-12743,Female,1,Yes,No,9,Yes,No phone service,DSL,Yes,No,No,No,No,No,Month-to-month,Yes,Credit card (automatic),41.19,384.88,1
CUST-12744,Male,0,Yes,No,5,Yes,No,Fiber optic,No,Yes,Yes,No internet service,No internet service,No internet service,Month-to-month,No,Electronic check,63.07,321.43,1
CUST-12745,Male,0,No,No,34,Yes,Yes,Fiber optic,No,No,Yes,No,Yes,Yes,Two year,Yes,Mailed check,58.47,2001.84,0
CUST-12746,Male,0,Yes,No,42,Yes,No,DSL,Yes,No,No internet service,No,No,Yes,Two year,Yes,Mailed check,83.23,3494.31,0
CUST-12747,Female,1,Yes,No,20,Yes,No,DSL,No,No internet service,Yes,No internet service,Yes,Yes,One year,No,Bank transfer (automatic),113.61,2228.77,1
CUST-12748,Male,1,Yes,No,61,Yes,No,No,Yes,No,No internet service,Yes,No internet service,No internet service,One year,No,Credit card (automatic),73.44,4472.71,0
CUST-12749,Female,1,No,No,20,Yes,No,No,No,No,Yes,No,No,No internet service,Month-to-month,Yes,Bank transfer (automatic),68.29,1437.4,1
CUST-12750,Male,0,No,No,70,Yes,Yes,DSL,No,No,No internet service,Yes,Yes,No,Month-to-month,No,Credit card (automatic),107.85,7518.25,1
CUST-12751,Male,0,Yes,No,46,Yes,No,No,No internet service,Yes,Yes,No,No internet service,No,Month-to-month,Yes,Electronic check,63.72,3093.13,1
CUST-12752,Female,0,No,No,13,Yes,No,No,Yes,Yes,No,No internet service,No internet service,No,One year,No,Mailed check,72.96,910.88,1
CUST-12753,Female,0,No,Yes,29,Yes,Yes,Fiber optic,Yes,No,Yes,Yes,No,No,Month-to-month,Yes,Mailed check,92.17,2716.6,1
CUST-12754,Female,0,No,No,5,Yes,Yes,No,Yes,Yes,Yes,Yes,No internet service,No internet service,Two year,Yes,Electronic check,32.42,89.22,0
CUST-12755,Female,0,No,No,61,Yes,No,DSL,No internet service,Yes,No internet service,Yes,Yes,No,One year,Yes,Mailed check,50.24,3085.25,0
CUST-12756,Female,0,No,No,47,Yes,No,Fiber optic,No,No,Yes,No,No,No,Month-to-month,Yes,Electronic check,82.22,3781.09,1
CUST-12757,Female,0,Yes,No,31,No,No,No,Yes,Yes,No internet service,Yes,No,No internet service,Month-to-month,No,Mailed check,18.25,610.23,1
CUST-12758,Male,0,Yes,Yes,49,Yes,No,Fiber optic,Yes,Yes,No,No,No,Yes,Month-to-month,Yes,Electronic check,83.06,4071.33,0
CUST-12759,Male,0,No,Yes,44,Yes,No,DSL,Yes,No,No,No,No,No,Month-to-month,Yes,Bank transfer (automatic),68.55,3065.78,0
CUST-12760,Male,0,Yes,No,43,Yes,Yes,Fiber optic,No,No internet service,No,No,Yes,No internet service,Two year,No,Mailed check,107.72,4572.03,0
CUST-12761,Male,1,Yes,No,29,No,Yes,DSL,No,Yes,No internet service,No internet service,No,Yes,Two year,Yes,Electronic check,72.05,2099.48,1
CUST-12762,Male,0,Yes,No,25,Yes,Yes,DSL,No,No,No internet service,No,Yes,Yes,Two year,Yes,Mailed check,100.5,2543.23,0
CUST-12763,Male,1,Yes,No,18,Yes,Yes,DSL,Yes,No,No internet service,Yes,Yes,Yes,Month-to-month,Yes,Mailed check,65.93,1217.09,1
CUST-12764,Male,0,No,Yes,57,Yes,Yes,DSL,No,No,Yes,No internet service,No internet service,No internet service,Two year,Yes,Credit card (automatic),54.91,3085.63,0
CUST-12765,Female,0,Yes,No,34,Yes,No,Fiber optic,No,No,Yes,No,No internet service,No,Two year,Yes,Electronic check,118.75,4044.9,1
CUST-12766,Male,0,No,No,34,Yes,Yes,DSL,Yes,No,No internet service,No internet service,Yes,No,One year,Yes,Bank transfer (automatic),98.39,3319.7,1
CUST-12767,Female,0,No,No,52,Yes,No,Fiber optic,Yes,No internet service,No,No internet service,Yes,No,Month-to-month,No,Credit card (automatic),92.89,4840.08,0
CUST-12768,Male,0,Yes,Yes,38,Yes,No phone service,No,Yes,Yes,No,Yes,Yes,No,Month-to-month,No,Bank transfer (automatic),38.25,1370.12,0
CUST-12769,Female,0,Yes,No,69,No,Yes,Fiber optic,No,No internet service,No,Yes,No,Yes,Month-to-month,No,Electronic check,118.75,8267.85,1
CUST-12770,Female,0,Yes,No,17,Yes,Yes,DSL,No,Yes,No,No,No,Yes,Month-to-month,No,Mailed check,75.86,1259.32,1
CUST-12771,Male,1,No,No,3,Yes,Yes,No,No,No internet service,No,Yes,No,Yes,One year,Yes,Mailed check,67.75,227.56,1
CUST-12772,Male,0,Yes,No,30,Yes,No,DSL,No,No,No,No,No internet service,No internet service,One year,Yes,Electronic check,105.33,3101.88,0
CUST-12773,Female,0,No,Yes,38,Yes,No,Fiber optic,Yes,No,No,No internet service,Yes,No internet service,Two year,No,Electronic check,99.18,3685.83,0
CUST-12774,Female,0,Yes,No,59,Yes,No,DSL,No internet service,No,Yes,No,No internet service,Yes,Month-to-month,Yes,Bank transfer (automatic),52.09,3106.83,0
CUST-12775,Male,0,Yes,Yes,46,Yes,No,No,No,No,No,No,No,Yes,Month-to-month,Yes,Mailed check,46.59,2175.72,1
CUST-12776,Female,0,Yes,No,68,Yes,No,DSL,Yes,Yes,Yes,Yes,No,No,Month-to-month,Yes,Electronic check,65.07,4467.27,0
CUST-12777,Female,0,Yes,No,6,Yes,No,No,No internet service,No,Yes,No,No,No,Month-to-month,Yes,Credit card (automatic),49.75,316.42,0
CUST-12778,Male,0,Yes,Yes,39,Yes,No,No,No,No,No,No internet service,No internet service,Yes,Month-to-month,Yes,Mailed check,56.77,2273.19,0
CUST-12779,Male,0,No,No,60,Yes,No phone service,No,No,No,No internet service,No internet service,Yes,Yes,One year,Yes,Mailed check,42.41,2561.59,0
CUST-12780,Male,1,Yes,Yes,36,Yes,No,No,No,No,Yes,Yes,No,No,One year,No,Electronic check,42.93,1499.25,1
CUST-12781,Female,1,No,No,20,Yes,Yes,Fiber optic,No internet service,No,No internet service,Yes,Yes,No,Two year,No,Bank transfer (automatic),93.25,1985.23,0
CUST-12782,Female,0,No,Yes,56,Yes,No,No,Yes,No internet service,No,No internet service,Yes,No,Month-to-month,No,Electronic check,20.0,1078.23,0
CUST-12783,Female,1,No,No,63,Yes,No,DSL,Yes,No,No internet service,No internet service,No internet service,Yes,One year,No,Bank transfer (automatic),68.5,4357.6,0
CUST-12784,Female,0,No,No,18,Yes,No,No,No internet service,No,No,Yes,No,No,One year,Yes,Bank transfer (automatic),55.74,1028.2,0
CUST-12785,Male,0,Yes,Yes,40,Yes,No,DSL,No internet service,No internet service,No,Yes,Yes,No,Month-to-month,No,Electronic check,78.73,3202.32,0
CUST-12786,Male,1,No,No,58,Yes,Yes,Fiber optic,No internet service,Yes,No,No,No internet service,Yes,One year,No,Electronic check,74.99,4344.62,0
CUST-12787,Male,0,Yes,Yes,11,Yes,No,Fiber optic,Yes,Yes,No internet service,No,Yes,Yes,Month-to-month,Yes,Credit card (automatic),79.98,896.57,0
CUST-12788,Male,0,No,No,0,Yes,No,No,No,No internet service,Yes,No,No,No,Month-to-month,Yes,Mailed check,19.91,0.0,1
CUST-12789,Female,0,Yes,Yes,53,Yes,No,DSL,No,No,Yes,Yes,No,No,Month-to-month,No,Bank transfer (automatic),59.47,3180.9,0
CUST-12790,Female,0,No,No,54,Yes,Yes,Fiber optic,Yes,No,No internet service,No internet service,No internet service,Yes,One year,Yes,Credit card (automatic),52.6,2776.32,0
CUST-12791,Male,0,No,Yes,11,Yes,Yes,Fiber optic,Yes,Yes,Yes,Yes,No,Yes,One year,Yes,Credit card (automatic),85.16,1000.22,1
CUST-12792,Female,0,No,Yes,43,Yes,Yes,Fiber optic,No internet service,No,No internet service,Yes,No,Yes,Two year,Yes,Mailed check,99.13,4380.17,0
CUST-12793,Female,0,Yes,Yes,52,Yes,Yes,DSL,Yes,No internet service,Yes,No,Yes,No internet service,Month-to-month,Yes,Credit card (automatic),60.35,3193.32,0
CUST-12794,Male,0,No,No,70,Yes,No,Fiber optic,Yes,No,Yes,Yes,No,No internet service,Month-to-month,Yes,Electronic check,44.68,3023.93,1
CUST-12795,Female,0,No,No,58,No,Yes,Fiber optic,Yes,No internet service,Yes,No,Yes,No,One year,Yes,Credit card (automatic),107.21,6191.77,0
CUST-12796,Female,0,No,No,16,Yes,No,No,No,Yes,No,Yes,No,No,Month-to-month,Yes,Credit card (automatic),54.19,916.16,1
CUST-12797,Female,1,Yes,No,42,Yes,No,No,No,No,No,Yes,Yes,No,Two year,Yes,Bank transfer (automatic),32.51,1309.6,0
CUST-12798,Female,0,Yes,Yes,53,Yes,No,DSL,Yes,Yes,No internet service,No internet service,No,No internet service,Month-to-month,No,Bank transfer (automatic),56.61,2933.16,0
CUST-12799,Male,0,Yes,No,19,No,No,DSL,No internet service,No,No,No,No,No,Two year,No,Mailed check,92.92,1772.48,0
CUST-12800,Female,0,No,No,11,No,No,Fiber optic,Yes,No internet service,No,No,No,Yes,Two year,Yes,Electronic check,98.71,1061.9,0
CUST-12801,Male,0,Yes,No,31,Yes,No,Fiber optic,No,Yes,No,Yes,No,No,One year,No,Mailed check,104.07,3199.49,1
CUST-12802,Female,0,No,No,52,Yes,Yes,Fiber optic,Yes,No,No,No internet service,No,Yes,Month-to-month,Yes,Electronic check,59.7,3034.55,0
CUST-12803,Male,0,No,No,38,Yes,No,No,No,Yes,No,No internet service,No,Yes,Month-to-month,Yes,Electronic check,60.87,2397.61,1
CUST-12804,Male,0,No,Yes,44,Yes,No,DSL,No internet service,No,No internet service,No,Yes,No,Month-to-month,Yes,Mailed check,53.96,2325.24,1
CUST-12805,Female,0,No,No,48,Yes,Yes,No,No,Yes,No internet service,No internet service,No internet service,No,Two year,Yes,Electronic check,21.65,1017.6,0
CUST-12806,Male,0,No,Yes,69,Yes,No phone service,DSL,Yes,No,Yes,No internet service,Yes,No,Two year,Yes,Mailed check,74.37,5152.4,0
CUST-12807,Male,0,No,No,46,Yes,No,No,No internet service,No internet service,No,No internet service,Yes,No,Month-to-month,Yes,Bank transfer (automatic),59.65,2732.31,1
CUST-12808,Female,0,Yes,Yes,9,Yes,Yes,Fiber optic,No,Yes,No,No internet service,Yes,Yes,Month-to-month,No,Mailed check,90.67,792.07,1
CUST-12809,Male,0,No,No,29,Yes,No,No,No,Yes,No,No,No,No internet service,Month-to-month,Yes,Mailed check,51.58,1542.75,0
CUST-12810,Female,0,No,No,12,Yes,Yes,DSL,No internet service,Yes,Yes,No,No,Yes,Month-to-month,Yes,Bank transfer (automatic),51.65,638.16,1
CUST-12811,Male,0,Yes,No,55,Yes,No,Fiber optic,No,No,No internet service,No internet service,Yes,Yes,One year,No,Bank transfer (automatic),50.52,2794.62,0
CUST-12812,Male,0,No,No,72,Yes,Yes,DSL,No,Yes,No,No,No,No internet service,Two year,No,Bank transfer (automatic),83.98,6025.2,0
CUST-12813,Female,0,No,No,56,Yes,Yes,Fiber optic,Yes,No internet service,Yes,No,No internet service,No,Month-to-month,Yes,Mailed check,94.79,5242.77,1
CUST-12814,Male,0,No,No,17,Yes,Yes,No,Yes,No,No internet service,Yes,Yes,Yes,Two year,Yes,Bank transfer (automatic),40.13,739.48,1
CUST-12815,Male,0,No,No,50,Yes,No,No,No internet service,No,No,No,Yes,No internet service,Two year,No,Electronic check,40.93,2010.4,0
CUST-12816,Female,0,No,No,1,Yes,Yes,Fiber optic,No,Yes,No internet service,Yes,Yes,No,One year,No,Bank transfer (automatic),91.87,23.54,1
CUST-12817,Female,0,Yes,Yes,19,Yes,Yes,DSL,No internet service,No,Yes,Yes,No,No internet service,Two year,Yes,Credit card (automatic),66.58,1246.6,0
CUST-12818,Male,0,Yes,No,22,Yes,Yes,No,No,No internet service,Yes,No,No,No,Month-to-month,Yes,Credit card (automatic),64.06,1405.68,1
CUST-12819,Female,0,Yes,No,34,Yes,Yes,Fiber optic,No internet service,No,No internet service,No,No,No internet service,Two year,Yes,Credit card (automatic),104.92,3496.56,1
CUST-12820,Female,0,No,No,23,Yes,No,Fiber optic,No,No,No,No,No,No,Month-to-month,Yes,Mailed check,88.2,2006.12,1
CUST-12821,Female,1,Yes,Yes,31,Yes,Yes,DSL,No,No,Yes,No,Yes,No,One year,Yes,Mailed check,70.43,2182.4,1
CUST-12822,Male,0,No,No,0,Yes,No,No,Yes,No internet service,No,No internet service,Yes,No internet service,Two year,No,Mailed check,55.29,0.0,0
CUST-12823,Female,0,No,No,59,Yes,No,Fiber optic,Yes,No,No internet service,Yes,Yes,Yes,Month-to-month,No,Bank transfer (automatic),32.34,1963.71,0
CUST-12824,Female,0,No,No,28,Yes,Yes,Fiber optic,No,No internet service,No internet service,No internet service,No,Yes,Month-to-month,No,Electronic check,88.68,2417.76,1
CUST-12825,Female,0,Yes,No,58,Yes,No,DSL,No,Yes,No internet service,Yes,No,Yes,Month-to-month,No,Bank transfer (automatic),42.81,2515.12,0
CUST-12826,Male,0,Yes,Yes,4,Yes,No,Fiber optic,Yes,No,Yes,Yes,No,Yes,Month-to-month,Yes,Mailed check,98.41,401.13,1
CUST-12827,Female,0,Yes,No,63,No,No,DSL,No,No,No internet service,No,Yes,No,Month-to-month,Yes,Electronic check,93.06,5989.75,0
CUST-12828,Female,0,Yes,No,45,Yes,No,No,No,No,Yes,No internet service,Yes,Yes,Two year,Yes,Electronic check,18.25,824.15,0
CUST-12829,Male,0,Yes,No,16,Yes,Yes,No,No,Yes,No,Yes,No,No,Two year,Yes,Electronic check,63.48,945.49,0
CUST-12830,Female,0,Yes,No,54,Yes,No,No,No,No,Yes,Yes,No,No internet service,Month-to-month,No,Bank transfer (automatic),47.89,2522.4,0
CUST-12831,Female,0,Yes,Yes,54,Yes,No phone service,Fiber optic,No,Yes,No,Yes,No,No,One year,Yes,Credit card (automatic),99.93,5380.26,1
CUST-12832,Male,0,No,No,53,Yes,No,Fiber optic,No,No,Yes,No,No,No,One year,Yes,Electronic check,109.9,5699.97,0
CUST-12833,Female,0,Yes,Yes,63,Yes,No,Fiber optic,No,Yes,No internet service,No,Yes,No internet service,Month-to-month,Yes,Credit card (automatic),94.42,5880.69,1
CUST-12834,Male,0,Yes,No,69,Yes,No,No,No,No,No internet service,Yes,No,Yes,Month-to-month,Yes,Electronic check,52.79,3673.51,0
CUST-12835,Female,0,No,No,12,Yes,No phone service,DSL,No,No,Yes,No,Yes,No,Two year,Yes,Electronic check,51.77,729.38,0
CUST-12836,Female,1,No,Yes,20,Yes,Yes,DSL,Yes,Yes,Yes,No,Yes,No internet service,Month-to-month,Yes,Credit card (automatic),57.55,1145.88,1
CUST-12837,Female,0,No,No,2,Yes,No,Fiber optic,No,No,Yes,No,No,Yes,Two year,No,Credit card (automatic),118.75,184.45,0
CUST-12838,Male,0,No,No,4,Yes,No,Fiber optic,No internet service,Yes,No,No internet service,No,No internet service,Two year,No,Electronic check,109.9,491.04,0
CUST-12839,Female,0,Yes,No,7,Yes,No,No,Yes,No,No internet service,No internet service,No,No,Two year,Yes,Electronic check,59.27,480.09,1
CUST-12840,Male,0,No,Yes,50,Yes,No,DSL,Yes,No internet service,No,Yes,No,No,Month-to-month,Yes,Electronic check,55.84,2769.48,0
CUST-12841,Female,0,No,No,44,Yes,No,Fiber optic,No internet service,No internet service,No,No,No,No internet service,Month-to-month,Yes,Electronic check,97.11,4304.13,1
CUST-12842,Female,0,No,No,2,Yes,No,DSL,No,No,No internet service,No internet service,No,No internet service,Month-to-month,No,Mailed check,66.31,197.91,1
CUST-12843,Male,0,No,No,30,Yes,No,DSL,No,No,No,No,No,Yes,Month-to-month,Yes,Bank transfer (automatic),118.75,3579.02,1
CUST-12844,Male,0,Yes,No,8,Yes,Yes,No,No,No,No internet service,No,Yes,Yes,Two year,Yes,Electronic check,77.7,587.05,0
CUST-12845,Male,1,No,No,14,Yes,No,No,No internet service,No,No,No,No,Yes,One year,Yes,Electronic check,33.34,440.55,1
CUST-12846,Female,1,No,No,4,Yes,Yes,No,Yes,Yes,No,No internet service,Yes,No,Month-to-month,Yes,Mailed check,35.33,79.67,1
CUST-12847,Male,0,No,Yes,38,No,Yes,Fiber optic,No,Yes,No,No internet service,No,Yes,Month-to-month,No,Credit card (automatic),85.49,3209.26,1
CUST-12848,Male,0,Yes,Yes,5,Yes,Yes,Fiber optic,No internet service,No internet service,Yes,No,Yes,Yes,Month-to-month,Yes,Bank transfer (automatic),115.8,610.14,1
CUST-12849,Male,0,Yes,No,57,Yes,No,Fiber optic,Yes,Yes,No,No,No,No,Month-to-month,Yes,Mailed check,112.02,6373.89,0
CUST-12850,Male,1,Yes,No,68,Yes,No,Fiber optic,No internet service,No,Yes,No,No,No internet service,Month-to-month,No,Electronic check,46.41,3079.74,0
CUST-12851,Male,1,Yes,No,62,Yes,No,DSL,No internet service,Yes,No,Yes,No,No internet service,Month-to-month,Yes,Credit card (automatic),83.4,5188.12,0
CUST-12852,Male,0,Yes,Yes,60,Yes,No,DSL,No,Yes,No,No internet service,Yes,Yes,Month-to-month,Yes,Electronic check,98.27,5951.06,0
CUST-12853,Male,0,No,Yes,54,No,Yes,DSL,No,Yes,No,Yes,No,No internet service,Month-to-month,Yes,Bank transfer (automatic),70.74,3811.12,1
CUST-12854,Female,0,Yes,No,66,Yes,Yes,Fiber optic,No,No,Yes,No,No internet service,Yes,Month-to-month,No,Bank transfer (automatic),101.05,6665.02,1
CUST-12855,Male,0,Yes,Yes,64,Yes,No,No,No,No,No internet service,No internet service,Yes,No internet service,Month-to-month,No,Bank transfer (automatic),87.96,5702.77,0
CUST-12856,Female,0,Yes,No,15,Yes,No,Fiber optic,Yes,No internet service,Yes,No internet service,Yes,No,Month-to-month,Yes,Bank transfer (automatic),117.9,1827.24,1
CUST-12857,Female,0,No,No,44,Yes,No,DSL,No,No,Yes,No,No,No,Month-to-month,Yes,Mailed check,84.8,3758.33,0
CUST-12858,Female,0,No,Yes,22,No,Yes,Fiber optic,Yes,No internet service,Yes,No,No,No internet service,Month-to-month,No,Electronic check,96.8,2200.86,1
CUST-12859,Male,0,No,No,61,Yes,No phone service,DSL,No,No,Yes,No,Yes,Yes,Two year,No,Electronic check,74.29,4590.24,0
CUST-12860,Male,0,No,No,0,No,No,No,No,Yes,No,No internet service,Yes,No internet service,Month-to-month,No,Bank transfer (automatic),61.21,0.0,0
CUST-12861,Female,0,No,No,30,Yes,No,Fiber optic,No internet service,No internet service,No,Yes,No,No,Month-to-month,No,Mailed check,86.09,2602.08,1
CUST-12862,Female,0,No,Yes,27,Yes,No,Fiber optic,No,No,No internet service,No,Yes,Yes,Month-to-month,No,Mailed check,111.09,3005.4,1
CUST-12863,Female,0,No,No,62,Yes,Yes,DSL,No,No,No,No,No,Yes,Month-to-month,Yes,Mailed check,54.48,3476.9,0
CUST-12864,Male,0,Yes,No,21,Yes,No,DSL,No,Yes,Yes,No internet service,Yes,No,Two year,No,Credit card (automatic),62.73,1338.97,0
CUST-12865,Male,0,No,No,65,Yes,No,Fiber optic,No,No,No internet service,No,No internet service,Yes,Two year,Yes,Electronic check,81.99,5347.19,1
CUST-12866,Male,0,Yes,Yes,36,Yes,No,Fiber optic,No,Yes,No internet service,No internet service,No internet service,No internet service,Month-to-month,Yes,Electronic check,114.64,4220.49,1
CUST-12867,Male,0,No,Yes,50,Yes,Yes,DSL,Yes,Yes,Yes,No,No,Yes,Month-to-month,Yes,Electronic check,91.03,4560.36,1
CUST-12868,Female,0,Yes,No,38,Yes,Yes,Fiber optic,Yes,No,No,No,No,No,One year,No,Electronic check,96.12,3635.96,0
CUST-12869,Male,0,Yes,No,31,Yes,No,DSL,No,No internet service,No internet service,No internet service,No internet service,No,Month-to-month,Yes,Electronic check,82.09,2436.74,1
CUST-12870,Male,0,Yes,No,22,Yes,No,No,No internet service,No internet service,No internet service,Yes,No,No,One year,No,Electronic check,18.25,380.07,0
CUST-12871,Female,0,No,No,20,Yes,No,Fiber optic,No internet service,No internet service,No,No internet service,Yes,Yes,One year,Yes,Electronic check,103.07,2071.01,1
CUST-12872,Female,0,No,No,46,Yes,No phone service,Fiber optic,No,No internet service,No,No,Yes,No,Two year,No,Mailed check,67.88,3171.83,1
CUST-12873,Male,0,Yes,No,23,Yes,Yes,Fiber optic,No,No internet service,No,No,No,No internet service,Month-to-month,Yes,Mailed check,76.36,1756.08,1
CUST-12874,Male,0,No,Yes,63,Yes,Yes,No,No,No,No,No internet service,No internet service,Yes,Month-to-month,Yes,Credit card (automatic),112.09,7018.86,0
CUST-12875,Female,0,Yes,Yes,9,Yes,Yes,DSL,No,No,No internet service,No internet service,Yes,Yes,Month-to-month,Yes,Bank transfer (automatic),84.56,780.96,0
CUST-12876,Female,0,No,Yes,15,Yes,No,Fiber optic,Yes,Yes,No,No internet service,Yes,No internet service,One year,No,Credit card (automatic),92.44,1298.29,1
CUST-12877,Female,0,Yes,No,3,Yes,No,No,Yes,No internet service,Yes,No,No,No internet service,Two year,No,Bank transfer (automatic),45.08,200.16,0
CUST-12878,Female,0,Yes,Yes,63,Yes,No,Fiber optic,Yes,No,No,No,Yes,No,Month-to-month,Yes,Mailed check,114.48,7284.03,0
CUST-12879,Female,0,No,No,30,Yes,No,DSL,No internet service,Yes,No internet service,No,Yes,No internet service,Month-to-month,No,Credit card (automatic),52.73,1494.15,0
CUST-12880,Male,0,No,No,2,Yes,No,DSL,No,No,No internet service,No,No,No internet service,One year,No,Bank transfer (automatic),63.25,84.29,1
CUST-12881,Male,0,No,No,3,Yes,Yes,No,No,No internet service,Yes,No,No,Yes,Month-to-month,Yes,Electronic check,72.58,235.42,1
CUST-12882,Female,0,No,No,67,Yes,No,DSL,No internet service,No,No internet service,No internet service,No,Yes,Month-to-month,No,Electronic check,74.5,5079.78,1
CUST-12883,Male,1,No,Yes,64,Yes,Yes,DSL,No,Yes,Yes,No,Yes,No,Month-to-month,Yes,Credit card (automatic),82.33,5266.3,0
CUST-12884,Male,0,Yes,No,20,Yes,No,No,No,No,No internet service,Yes,Yes,No,One year,No,Bank transfer (automatic),37.39,767.29,0
CUST-12885,Male,0,Yes,No,47,Yes,Yes,No,No internet service,No,No,No internet service,No,No internet service,Month-to-month,No,Mailed check,61.19,2888.79,0
CUST-12886,Female,0,No,No,18,Yes,Yes,Fiber optic,Yes,No,Yes,No,No,No,Two year,No,Bank transfer (automatic),78.8,1340.81,0
CUST-12887,Male,0,Yes,No,61,Yes,No,DSL,Yes,Yes,Yes,No internet service,No internet service,Yes,One year,No,Bank transfer (automatic),42.25,2560.34,0
CUST-12888,Male,1,No,No,52,Yes,Yes,Fiber optic,No,No,Yes,Yes,No,Yes,Month-to-month,No,Mailed check,109.26,5643.64,1
CUST-12889,Male,0,Yes,No,32,Yes,No phone service,No,Yes,No,Yes,No internet service,No,No internet service,Two year,No,Electronic check,31.41,1016.87,0
CUST-12890,Male,1,No,Yes,67,Yes,Yes,DSL,No,Yes,Yes,No,Yes,No,One year,Yes,Bank transfer (automatic),49.06,3253.19,0
CUST-12891,Female,0,Yes,No,16,Yes,No phone service,DSL,No internet service,Yes,No internet service,No,Yes,Yes,Month-to-month,Yes,Electronic check,54.59,875.05,1
CUST-12892,Male,0,No,No,72,Yes,Yes,No,No internet service,No,Yes,No,No,No,Month-to-month,Yes,Electronic check,50.54,3636.09,0
CUST-12893,Female,1,No,Yes,21,Yes,No,Fiber optic,No,No,No internet service,No,Yes,No,Month-to-month,No,Mailed check,74.46,1565.2,0
CUST-12894,Male,0,Yes,Yes,64,No,No,Fiber optic,Yes,No internet service,Yes,No,Yes,No,One year,Yes,Credit card (automatic),118.75,7653.4,0
CUST-12895,Female,0,Yes,No,62,Yes,Yes,No,No internet service,No internet service,No,No,No,No internet service,One year,Yes,Electronic check,71.64,4461.23,0
CUST-12896,Female,0,Yes,No,41,Yes,Yes,Fiber optic,No internet service,No,No,No,No,Yes,Month-to-month,Yes,Electronic check,91.77,3750.49,1
CUST-12897,Female,1,Yes,Yes,8,Yes,Yes,No,No,No,Yes,No,Yes,No,Two year,No,Mailed check,30.92,272.21,1
CUST-12898,Female,0,Yes,No,54,Yes,No,DSL,No internet service,Yes,No,No,Yes,Yes,One year,Yes,Electronic check,93.71,5033.4,0
CUST-12899,Male,0,No,No,50,Yes,Yes,Fiber optic,No internet service,No,No,Yes,No,No,Month-to-month,Yes,Electronic check,95.82,4737.18,0
CUST-12900,Female,0,Yes,No,63,Yes,Yes,Fiber optic,No,No,Yes,No,No,No internet service,Month-to-month,No,Electronic check,75.58,4815.16,1
CUST-12901,Female,0,Yes,No,16,Yes,No,Fiber optic,No,No,No,No,Yes,No,Two year,Yes,Bank transfer (automatic),94.39,1477.32,0
CUST-12902,Female,0,Yes,No,17,Yes,No,Fiber optic,No internet service,No internet service,No internet service,Yes,No,No,Month-to-month,Yes,Bank transfer (automatic),93.88,1545.34,1
CUST-12903,Female,0,Yes,Yes,25,Yes,No,Fiber optic,No,Yes,Yes,No,No,No,Two year,Yes,Mailed check,74.43,1936.64,1
CUST-12904,Female,0,Yes,No,26,Yes,Yes,Fiber optic,No,No,Yes,Yes,Yes,No,Two year,Yes,Credit card (automatic),61.72,1648.6,0
CUST-12905,Female,1,No,Yes,0,Yes,No,DSL,No internet service,No,Yes,No,No,No internet service,One year,No,Electronic check,98.74,0.0,1
CUST-12906,Female,0,No,No,11,Yes,Yes,Fiber optic,No internet service,No,No,No internet service,Yes,No internet service,One year,Yes,Mailed check,104.16,1190.43,1
CUST-12907,Female,0,No,No,34,Yes,No,Fiber optic,Yes,Yes,No internet service,Yes,No,No,Month-to-month,No,Bank transfer (automatic),86.97,2933.65,1
CUST-12908,Male,0,Yes,No,70,No,Yes,Fiber optic,No,No,Yes,No,Yes,Yes,Month-to-month,No,Credit card (automatic),100.26,7042.26,0
CUST-12909,Male,0,No,No,9,Yes,No phone service,Fiber optic,No internet service,Yes,No,Yes,Yes,Yes,Month-to-month,Yes,Credit card (automatic),107.58,971.02,1
CUST-12910,Male,1,No,No,17,Yes,No,DSL,Yes,No,Yes,No,No,No,One year,Yes,Mailed check,66.5,1112.28,0
CUST-12911,Male,0,No,No,62,No,No,DSL,Yes,No internet service,No internet service,No internet service,No,No,Two year,No,Mailed check,68.26,4245.0,0
CUST-12912,Male,0,No,Yes,2,Yes,No,No,No internet service,No,No internet service,No,Yes,No internet service,Month-to-month,Yes,Mailed check,84.71,113.45,0
CUST-12913,Male,0,Yes,No,7,Yes,No phone service,No,No,Yes,No,No internet service,No internet service,No,Month-to-month,Yes,Electronic check,36.73,228.56,1
CUST-12914,Male,0,No,No,64,No,No,Fiber optic,Yes,No internet service,Yes,No,No,Yes,Month-to-month,No,Mailed check,118.75,7497.44,1
CUST-12915,Male,0,No,No,18,Yes,No,Fiber optic,Yes,Yes,No,Yes,No,No,One year,No,Electronic check,118.75,2121.18,0
CUST-12916,Female,0,No,No,22,Yes,No,DSL,No internet service,Yes,No,No,Yes,Yes,Two year,Yes,Electronic check,80.26,1778.4,0
CUST-12917,Female,0,No,No,1,Yes,Yes,Fiber optic,Yes,No internet service,No,Yes,Yes,No,Two year,Yes,Electronic check,55.6,0.0,0
CUST-12918,Female,1,No,No,29,Yes,No,Fiber optic,Yes,No,Yes,No,No internet service,No,Month-to-month,Yes,Electronic check,87.99,2570.82,0
CUST-12919,Male,0,Yes,No,72,No,No,Fiber optic,No internet service,Yes,Yes,Yes,Yes,No,One year,No,Electronic check,91.51,6478.89,0
CUST-12920,Male,0,No,Yes,71,Yes,No,DSL,No internet service,No,Yes,Yes,No,No internet service,Month-to-month,Yes,Bank transfer (automatic),73.34,5177.88,0
CUST-12921,Female,0,No,No,46,Yes,No,DSL,No,No,No,Yes,No internet service,No,Two year,Yes,Credit card (automatic),101.06,4643.95,1
CUST-12922,Male,0,No,No,49,Yes,No,No,No,No internet service,No,No,Yes,No,One year,No,Bank transfer (automatic),40.31,1974.08,0
CUST-12923,Female,0,No,No,46,Yes,No,Fiber optic,No,No,Yes,No internet service,No,No,Month-to-month,No,Electronic check,99.02,4566.43,0
CUST-12924,Male,0,Yes,No,50,Yes,No phone service,No,Yes,No,No internet service,No,Yes,No internet service,Month-to-month,No,Electronic check,57.97,2815.58,0
CUST-12925,Male,0,Yes,No,37,Yes,No,Fiber optic,No internet service,Yes,No internet service,Yes,No internet service,No,One year,No,Electronic check,98.63,3657.68,0
CUST-12926,Female,0,Yes,No,15,Yes,Yes,No,No,Yes,No internet service,No,No,Yes,One year,No,Credit card (automatic),31.19,501.91,1
CUST-12927,Male,0,No,No,63,Yes,Yes,DSL,No,Yes,No,Yes,No internet service,No,Month-to-month,Yes,Credit card (automatic),93.59,5874.03,0
CUST-12928,Male,1,No,No,64,No,No,DSL,No,No,No,Yes,Yes,Yes,Month-to-month,Yes,Credit card (automatic),54.84,3497.97,1
CUST-12929,Female,0,No,No,10,No,Yes,Fiber optic,No,No,No,No,Yes,Yes,Month-to-month,Yes,Credit card (automatic),97.87,906.66,1
CUST-12930,Male,1,No,No,6,Yes,No,Fiber optic,Yes,Yes,Yes,No,No,No internet service,Month-to-month,No,Credit card (automatic),100.11,643.72,1
CUST-12931,Female,0,No,No,57,Yes,No,DSL,No,Yes,No,No,Yes,Yes,Month-to-month,Yes,Mailed check,55.02,3072.65,1
CUST-12932,Male,0,Yes,Yes,3,Yes,Yes,Fiber optic,No,No,No,No,Yes,Yes,Month-to-month,No,Mailed check,68.45,259.26,1
CUST-12933,Male,0,No,No,58,Yes,No phone service,DSL,No internet service,Yes,No,No,No,No,Month-to-month,Yes,Credit card (automatic),67.92,4048.99,1
CUST-12934,Female,0,No,Yes,71,Yes,No,DSL,No internet service,No internet service,No,No,Yes,Yes,Month-to-month,Yes,Credit card (automatic),97.3,6883.58,0
CUST-12935,Male,0,No,No,2,Yes,No phone service,No,Yes,No internet service,No,No,No,Yes,Month-to-month,Yes,Mailed check,58.5,78.35,1
CUST-12936,Female,0,No,Yes,58,Yes,Yes,Fiber optic,No,No,No,Yes,No,No,Month-to-month,Yes,Bank transfer (automatic),110.91,6423.36,0
CUST-12937,Female,0,No,No,9,Yes,No,DSL,No,No internet service,Yes,Yes,No internet service,Yes,Month-to-month,Yes,Electronic check,97.48,927.02,1
CUST-12938,Female,0,Yes,No,21,Yes,No,DSL,No,No,No internet service,No,Yes,Yes,One year,Yes,Electronic check,89.95,1843.35,0
CUST-12939,Male,0,No,No,39,Yes,No,No,No internet service,No,No internet service,No internet service,No,No,Two year,Yes,Mailed check,49.29,1814.63,0
CUST-12940,Female,0,No,No,49,Yes,No phone service,No,No,No,No,No,No,No internet service,Month-to-month,Yes,Credit card (automatic),18.25,950.61,0
CUST-12941,Female,0,Yes,Yes,6,Yes,No,DSL,No,Yes,No,Yes,No,Yes,Month-to-month,Yes,Bank transfer (automatic),88.68,533.06,1
CUST-12942,Female,0,Yes,Yes,7,Yes,Yes,Fiber optic,No,Yes,Yes,Yes,Yes,No,Month-to-month,Yes,Credit card (automatic),118.75,819.66,0
CUST-12943,Male,0,Yes,Yes,20,Yes,No,Fiber optic,Yes,No,No internet service,No,Yes,Yes,Month-to-month,Yes,Mailed check,75.17,1505.93,1
CUST-12944,Female,0,Yes,No,49,Yes,No,DSL,Yes,Yes,Yes,No internet service,Yes,Yes,One year,No,Electronic check,74.23,3596.05,1
CUST-12945,Male,0,No,No,29,Yes,Yes,Fiber optic,Yes,No internet service,No internet service,No internet service,Yes,No,Month-to-month,No,Mailed check,118.75,3433.85,0
CUST-12946,Female,0,Yes,No,20,Yes,No phone service,DSL,No,Yes,No,Yes,No,No internet service,One year,Yes,Mailed check,85.61,1725.09,1
CUST-12947,Male,0,Yes,No,11,Yes,No,DSL,No,No,No internet service,No,No,Yes,One year,Yes,Bank transfer (automatic),84.43,952.77,1
CUST-12948,Female,0,No,Yes,70,Yes,No,Fiber optic,No,No,No,No,Yes,Yes,One year,No,Credit card (automatic),81.66,5717.77,0
CUST-12949,Female,0,Yes,No,51,Yes,No phone service,DSL,No,Yes,No,No,No internet service,No,One year,No,Electronic check,80.67,3993.17,1
CUST-12950,Male,0,No,No,71,No,Yes,Fiber optic,Yes,Yes,Yes,No,No,No internet service,Month-to-month,Yes,Bank transfer (automatic),93.99,6656.36,0
CUST-12951,Female,0,Yes,No,36,Yes,No,DSL,No,No,No internet service,No,No internet service,Yes,One year,Yes,Credit card (automatic),83.24,2998.42,1
CUST-12952,Female,0,Yes,Yes,59,Yes,No,Fiber optic,Yes,Yes,No,No,Yes,No,Month-to-month,No,Electronic check,67.05,3961.92,0
CUST-12953,Male,0,No,No,46,Yes,No,No,No,Yes,No,No,No,Yes,Two year,No,Bank transfer (automatic),98.28,4498.61,0
CUST-12954,Male,0,No,No,38,Yes,No,Fiber optic,No,Yes,Yes,No,Yes,No internet service,Month-to-month,No,Credit card (automatic),90.35,3530.54,1
CUST-12955,Female,0,No,Yes,34,Yes,Yes,Fiber optic,Yes,No,No,No,No internet service,No internet service,One year,No,Bank transfer (automatic),69.94,2355.11,0
CUST-12956,Male,0,No,No,36,Yes,No,Fiber optic,No,No internet service,No,No,Yes,No internet service,Two year,Yes,Mailed check,75.92,2754.82,1
CUST-12957,Male,0,Yes,No,30,Yes,Yes,No,No,No internet service,No,Yes,Yes,Yes,Month-to-month,No,Bank transfer (automatic),27.86,812.06,0
CUST-12958,Female,0,No,No,46,Yes,Yes,Fiber optic,Yes,No,No,No,No,Yes,Month-to-month,Yes,Bank transfer (automatic),84.92,3929.21,1
CUST-12959,Male,0,Yes,No,35,Yes,No phone service,DSL,No,No,No,No,Yes,Yes,Month-to-month,Yes,Credit card (automatic),68.56,2325.1,1
CUST-12960,Female,0,No,No,70,Yes,Yes,DSL,Yes,No internet service,No internet service,No internet service,No internet service,Yes,Month-to-month,No,Bank transfer (automatic),94.69,6702.94,0
CUST-12961,Male,0,Yes,No,65,Yes,Yes,Fiber optic,No,No,No,Yes,Yes,No,Month-to-month,No,Credit card (automatic),64.46,4206.11,1
CUST-12962,Female,0,No,No,33,Yes,Yes,Fiber optic,Yes,No internet service,No internet service,No,Yes,No,One year,No,Credit card (automatic),62.28,2028.09,0
CUST-12963,Male,0,Yes,No,28,Yes,No,DSL,No internet service,No,Yes,No,Yes,No internet service,One year,Yes,Electronic check,34.7,950.84,0
CUST-12964,Female,0,Yes,No,55,Yes,Yes,Fiber optic,Yes,Yes,No,No,Yes,No,Month-to-month,Yes,Credit card (automatic),97.25,5311.12,1
CUST-12965,Female,0,Yes,No,46,Yes,Yes,Fiber optic,No internet service,No,No,Yes,No internet service,Yes,One year,No,Bank transfer (automatic),103.57,4745.64,0
CUST-12966,Male,0,No,No,16,Yes,Yes,Fiber optic,Yes,No internet service,No internet service,No,No internet service,Yes,Two year,Yes,Credit card (automatic),21.83,347.48,0
CUST-12967,Male,0,Yes,No,60,Yes,No,Fiber optic,No,Yes,No,No,No internet service,No internet service,Two year,Yes,Mailed check,98.36,5872.53,0
CUST-12968,Female,0,No,No,49,Yes,Yes,Fiber optic,No,Yes,No,No,No internet service,No internet service,Month-to-month,No,Credit card (automatic),75.72,3746.17,1
CUST-12969,Female,0,Yes,Yes,45,Yes,No,Fiber optic,Yes,Yes,No internet service,Yes,Yes,Yes,Two year,Yes,Credit card (automatic),110.74,5093.7,0
CUST-12970,Female,0,No,No,57,Yes,No,Fiber optic,Yes,Yes,No internet service,No,No,No internet service,One year,Yes,Credit card (automatic),118.75,6756.83,0
CUST-12971,Male,0,Yes,No,16,Yes,No,No,Yes,Yes,No internet service,No,Yes,No,Two year,No,Credit card (automatic),18.25,179.78,0
CUST-12972,Female,0,No,Yes,58,No,Yes,Fiber optic,No,No,No,No internet service,No,No,Month-to-month,Yes,Electronic check,78.43,4530.7,1
CUST-12973,Female,1,Yes,No,8,Yes,No,Fiber optic,No,No,No internet service,No,No internet service,No,One year,No,Electronic check,110.6,878.86,1
CUST-12974,Male,1,Yes,No,57,Yes,Yes,Fiber optic,No,Yes,No internet service,Yes,Yes,No,Month-to-month,No,Bank transfer (automatic),110.73,6348.91,0
CUST-12975,Male,0,Yes,No,43,Yes,No,No,No,No internet service,No,No,No,Yes,Two year,Yes,Bank transfer (automatic),47.02,1985.66,1
CUST-12976,Male,0,Yes,No,42,Yes,No,Fiber optic,Yes,No internet service,No,Yes,No,No,Month-to-month,Yes,Bank transfer (automatic),108.51,4522.15,1
CUST-12977,Female,0,Yes,No,53,Yes,Yes,Fiber optic,No,No,Yes,No,No internet service,Yes,Month-to-month,No,Mailed check,99.45,5234.24,0
CUST-12978,Male,0,Yes,No,22,Yes,Yes,DSL,No internet service,No internet service,Yes,No,No internet service,No,Month-to-month,No,Electronic check,94.66,2017.45,1
CUST-12979,Male,0,No,Yes,56,Yes,Yes,Fiber optic,Yes,No,Yes,No,No internet service,Yes,Two year,No,Bank transfer (automatic),111.03,6128.09,1
CUST-12980,Female,0,No,No,1,Yes,Yes,Fiber optic,No internet service,Yes,Yes,Yes,No,No,Two year,No,Mailed check,87.52,91.06,0
CUST-12981,Male,0,Yes,No,50,Yes,Yes,DSL,Yes,Yes,No,No,No internet service,Yes,Two year,No,Bank transfer (automatic),91.73,4513.18,0
CUST-12982,Female,0,Yes,No,57,Yes,Yes,Fiber optic,No,No,No internet service,Yes,No internet service,Yes,One year,Yes,Electronic check,87.77,4986.68,0
CUST-12983,Female,0,Yes,No,0,Yes,No,No,No internet service,No internet service,Yes,Yes,Yes,Yes,Month-to-month,Yes,Mailed check,67.49,31.91,1
CUST-12984,Female,0,Yes,No,50,Yes,Yes,DSL,No,Yes,Yes,No internet service,No internet service,No,One year,Yes,Mailed check,60.15,2960.96,0
CUST-12985,Female,0,Yes,No,56,Yes,Yes,Fiber optic,No,No,Yes,No internet service,No,No,Two year,Yes,Mailed check,98.93,5596.42,1
CUST-12986,Female,0,Yes,Yes,38,Yes,No phone service,No,No,No internet service,No,No,Yes,Yes,Month-to-month,Yes,Electronic check,58.49,2185.29,0
CUST-12987,Female,0,Yes,Yes,44,Yes,No,No,No,No internet service,No,Yes,No,No,One year,No,Bank transfer (automatic),68.98,2958.2,0
CUST-12988,Female,1,No,No,4,Yes,No,Fiber optic,No,No internet service,No,No internet service,No,Yes,Month-to-month,Yes,Electronic check,87.76,329.49,1
CUST-12989,Male,0,No,No,72,Yes,No,DSL,No internet service,Yes,Yes,No,No,No internet service,Month-to-month,Yes,Credit card (automatic),56.18,4061.24,0
CUST-12990,Male,0,No,Yes,70,Yes,Yes,Fiber optic,No internet service,Yes,No,Yes,Yes,Yes,Month-to-month,No,Bank transfer (automatic),88.49,6233.32,0
CUST-12991,Female,0,Yes,Yes,55,Yes,Yes,DSL,Yes,Yes,No,No,No,No,Month-to-month,Yes,Credit card (automatic),46.02,2549.63,0
CUST-12992,Male,1,No,No,1,Yes,No,Fiber optic,No,Yes,No internet service,Yes,No,No internet service,Month-to-month,Yes,Mailed check,81.59,169.17,1
CUST-12993,Female,1,Yes,Yes,31,Yes,No,Fiber optic,No,No internet service,No,Yes,Yes,Yes,Month-to-month,No,Mailed check,58.55,1824.29,0
CUST-12994,Female,0,Yes,Yes,59,Yes,No,Fiber optic,No,No,No internet service,No,No,No,Two year,Yes,Electronic check,91.55,5374.55,0
CUST-12995,Female,0,No,Yes,49,No,No,Fiber optic,Yes,No internet service,Yes,Yes,No,Yes,Month-to-month,Yes,Mailed check,111.95,5482.25,1
CUST-12996,Male,0,Yes,No,66,Yes,No,No,No internet service,No,No,No,No internet service,No internet service,Two year,No,Credit card (automatic),68.86,4479.42,1
CUST-12997,Male,0,Yes,No,44,Yes,Yes,Fiber optic,No,No,No,No,No,Yes,Month-to-month,No,Credit card (automatic),56.08,2509.06,0
CUST-12998,Male,1,No,No,52,Yes,Yes,Fiber optic,Yes,Yes,No internet service,No internet service,No internet service,Yes,One year,No,Credit card (automatic),95.01,4870.8,1
CUST-12999,Female,0,No,No,24,No,No phone service,DSL,Yes,No,No,No,No,Yes,Month-to-month,No,Bank transfer (automatic),118.75,2797.79,1
CUST-13000,Female,0,No,Yes,59,Yes,Yes,No,No,No internet service,No,No,No,No internet service,Month-to-month,No,Electronic check,38.83,2283.92,0
CUST-13001,Female,0,Yes,No,38,Yes,Yes,Fiber optic,No,No,No internet service,No,Yes,Yes,One year,No,Bank transfer (automatic),99.41,3729.5,1
CUST-13002,Female,0,Yes,No,58,Yes,No,DSL,No,No internet service,Yes,No,No,No internet service,Month-to-month,No,Electronic check,99.27,5776.07,0
CUST-13003,Female,0,No,No,14,Yes,No,DSL,Yes,No internet service,Yes,No,No,No internet service,Month-to-month,Yes,Mailed check,45.12,645.86,0
CUST-13004,Female,0,Yes,No,19,Yes,No phone service,Fiber optic,Yes,Yes,Yes,No internet service,No,No internet service,One year,Yes,Mailed check,97.39,1886.4,1
CUST-13005,Male,0,Yes,No,6,Yes,Yes,DSL,No,Yes,Yes,No,No internet service,Yes,Month-to-month,No,Electronic check,94.14,593.37,1
CUST-13006,Female,0,Yes,No,49,Yes,No,No,No,No,No,No internet service,No internet service,No,Two year,Yes,Electronic check,43.41,2137.94,0
CUST-13007,Male,1,No,No,53,Yes,Yes,DSL,Yes,No,Yes,No,No,Yes,Month-to-month,Yes,Electronic check,45.71,2418.1,0
CUST-13008,Female,0,No,Yes,20,Yes,Yes,Fiber optic,No internet service,Yes,Yes,No,Yes,No,Two year,No,Mailed check,115.26,2340.03,1
CUST-13009,Female,1,Yes,Yes,28,Yes,No,DSL,Yes,Yes,Yes,No internet service,No internet service,Yes,Month-to-month,No,Bank transfer (automatic),39.55,1107.28,1
CUST-13010,Male,0,No,No,41,Yes,No,Fiber optic,No internet service,No internet service,Yes,Yes,Yes,No internet service,Two year,Yes,Credit card (automatic),44.73,1903.63,0
CUST-13011,Female,0,Yes,No,55,Yes,Yes,No,No internet service,No internet service,No,No,No,Yes,Month-to-month,No,Electronic check,21.42,1222.68,0
CUST-13012,Male,0,No,No,22,Yes,Yes,DSL,Yes,Yes,No,No,Yes,No internet service,Month-to-month,No,Electronic check,66.65,1452.44,1
CUST-13013,Female,0,Yes,Yes,35,Yes,Yes,DSL,No internet service,No,Yes,No,Yes,Yes,Month-to-month,No,Bank transfer (automatic),43.44,1579.79,0
CUST-13014,Male,0,Yes,Yes,13,Yes,Yes,DSL,No,Yes,No internet service,No,No,No internet service,One year,Yes,Credit card (automatic),50.88,736.49,1
CUST-13015,Male,0,Yes,No,59,Yes,No,DSL,No internet service,Yes,Yes,No internet service,No internet service,No internet service,One year,No,Electronic check,60.85,3695.83,0
CUST-13016,Female,0,No,No,63,No,No phone service,Fiber optic,No,Yes,Yes,Yes,No,Yes,Month-to-month,No,Bank transfer (automatic),116.55,7399.39,1
CUST-13017,Male,0,No,No,53,Yes,No,DSL,No internet service,Yes,Yes,No internet service,No,No,One year,Yes,Mailed check,84.17,4407.73,0
CUST-13018,Female,0,No,No,59,Yes,No,Fiber optic,No,No internet service,Yes,No internet service,No,Yes,Month-to-month,No,Electronic check,94.6,5533.25,1
CUST-13019,Female,1,Yes,No,55,Yes,No,Fiber optic,Yes,Yes,No internet service,No,No,Yes,Month-to-month,Yes,Bank transfer (automatic),118.75,6478.68,1
CUST-13020,Male,1,Yes,No,61,Yes,No,No,No internet service,No,No,Yes,No,No,Month-to-month,No,Electronic check,84.3,5192.53,1
CUST-13021,Male,1,Yes,No,31,No,Yes,DSL,No internet service,No internet service,Yes,No,Yes,No,One year,Yes,Mailed check,56.0,1863.01,0
CUST-13022,Male,0,Yes,Yes,15,No,Yes,No,Yes,Yes,No internet service,Yes,No,No,One year,Yes,Mailed check,29.75,464.45,0
CUST-13023,Male,1,Yes,No,70,Yes,No,No,No,No,No,No,No internet service,No internet service,Month-to-month,Yes,Electronic check,37.05,2595.71,0
CUST-13024,Male,0,No,No,0,Yes,No,Fiber optic,No internet service,No,No,No,No,No,Month-to-month,Yes,Electronic check,95.15,25.12,1
CUST-13025,Female,1,No,No,29,No,Yes,Fiber optic,No,Yes,No,No internet service,No internet service,Yes,Month-to-month,Yes,Credit card (automatic),118.26,3457.95,1
CUST-13026,Male,0,No,No,53,Yes,No,Fiber optic,No,Yes,Yes,No,No internet service,No internet service,Month-to-month,Yes,Mailed check,68.33,3684.66,1
CUST-13027,Female,0,Yes,Yes,57,Yes,No,DSL,Yes,No internet service,No,No,No internet service,No internet service,One year,Yes,Electronic check,73.37,4153.02,0
CUST-13028,Male,1,Yes,No,50,Yes,No phone service,No,No,No,No,No internet service,No internet service,No,Two year,No,Mailed check,47.29,2387.58,0
CUST-13029,Female,0,No,No,35,Yes,No phone service,No,No,Yes,No internet service,No,No,No internet service,Month-to-month,Yes,Electronic check,79.42,2820.49,1
CUST-13030,Female,0,Yes,Yes,67,Yes,Yes,DSL,No,No,Yes,Yes,No internet service,No internet service,Two year,Yes,Mailed check,93.17,6254.87,0
CUST-13031,Male,0,No,No,17,Yes,No,DSL,No,No internet service,Yes,Yes,No,No,Month-to-month,Yes,Credit card (automatic),53.71,834.98,0
CUST-13032,Female,0,No,Yes,10,Yes,No,DSL,No,No,No,No,Yes,No internet service,Two year,Yes,Mailed check,91.71,822.94,1
CUST-13033,Male,0,Yes,No,45,No,No,Fiber optic,Yes,No internet service,No,No,No internet service,Yes,Month-to-month,Yes,Electronic check,84.07,3714.31,1
CUST-13034,Male,1,Yes,No,23,Yes,Yes,No,No,No,No,No,Yes,Yes,Month-to-month,No,Credit card (automatic),55.58,1333.76,1
CUST-13035,Female,1,No,Yes,34,Yes,No,DSL,Yes,Yes,No,No,No,Yes,Month-to-month,No,Bank transfer (automatic),49.09,1747.93,0
CUST-13036,Female,1,No,No,33,Yes,No,Fiber optic,No,Yes,No,No,No internet service,Yes,Month-to-month,Yes,Credit card (automatic),48.85,1557.2,1
CUST-13037,Male,0,No,No,19,Yes,Yes,No,No internet service,No,Yes,Yes,No internet service,No,Month-to-month,No,Credit card (automatic),43.89,874.65,1
CUST-13038,Male,0,No,No,72,Yes,Yes,Fiber optic,No,No,No internet service,No,Yes,Yes,Month-to-month,No,Credit card (automatic),69.88,4929.53,0
CUST-13039,Male,0,No,No,27,Yes,Yes,Fiber optic,Yes,No,No,No,Yes,Yes,Two year,No,Credit card (automatic),86.05,2292.35,0
CUST-13040,Male,0,Yes,Yes,48,No,Yes,Fiber optic,No internet service,No,No internet service,No,No,No,Two year,No,Electronic check,76.36,3683.77,0
CUST-13041,Male,0,No,No,11,Yes,No,DSL,Yes,Yes,No,No,No,Yes,Month-to-month,No,Credit card (automatic),75.96,877.51,1
CUST-13042,Male,0,No,No,72,Yes,Yes,Fiber optic,Yes,No internet service,No internet service,Yes,No,No internet service,Month-to-month,Yes,Electronic check,94.99,6805.57,0
CUST-13043,Female,1,Yes,Yes,72,Yes,No,DSL,No internet service,No,No internet service,No,No,No internet service,Month-to-month,Yes,Credit card (automatic),89.82,6461.5,0
CUST-13044,Male,0,Yes,No,5,Yes,Yes,Fiber optic,Yes,No,No,No,Yes,Yes,One year,Yes,Credit card (automatic),104.61,519.58,1
CUST-13045,Female,0,No,Yes,46,Yes,No,DSL,No,No,No internet service,No internet service,No,No,Month-to-month,No,Bank transfer (automatic),101.71,4612.02,0
CUST-13046,Female,0,No,Yes,43,Yes,Yes,No,No internet service,No,Yes,No,No,No,Month-to-month,Yes,Electronic check,52.01,2288.86,1
CUST-13047,Female,0,Yes,No,12,Yes,No,Fiber optic,Yes,No internet service,Yes,Yes,No,No,Month-to-month,Yes,Electronic check,64.77,786.85,1
CUST-13048,Male,0,No,No,56,No,Yes,No,No internet service,Yes,No,Yes,No internet service,Yes,Month-to-month,Yes,Electronic check,70.33,3898.7,1
CUST-13049,Female,0,No,No,55,Yes,No,Fiber optic,No,No,Yes,No,No,Yes,Month-to-month,No,Electronic check,95.67,5258.46,1
CUST-13050,Female,0,No,No,61,Yes,Yes,Fiber optic,No,No,No,No internet service,Yes,Yes,Two year,No,Credit card (automatic),105.92,6515.86,1
CUST-13051,Male,0,Yes,Yes,43,Yes,No,DSL,No,No internet service,Yes,No,Yes,No,Two year,Yes,Mailed check,91.78,3906.39,0
CUST-13052,Female,1,Yes,No,51,Yes,Yes,Fiber optic,No,No,Yes,No,No,No,Month-to-month,Yes,Credit card (automatic),84.48,4250.88,1
CUST-13053,Male,0,Yes,Yes,52,Yes,Yes,Fiber optic,No internet service,Yes,No,Yes,No,No,Month-to-month,Yes,Bank transfer (automatic),84.19,4322.35,0
CUST-13054,Female,0,No,Yes,56,Yes,No,Fiber optic,No internet service,No,No internet service,Yes,No internet service,No,Two year,Yes,Electronic check,118.75,6770.08,0
CUST-13055,Male,0,No,Yes,42,Yes,Yes,Fiber optic,No,No,No,No,No,No,Two year,Yes,Electronic check,63.41,2707.52,0
CUST-13056,Female,0,Yes,Yes,54,Yes,No phone service,DSL,No,Yes,No,No,No,No,Month-to-month,Yes,Mailed check,65.63,3495.17,1
CUST-13057,Male,0,No,No,4,Yes,No,DSL,No,No,No internet service,No,No internet service,Yes,Two year,Yes,Mailed check,92.61,376.06,0
CUST-13058,Male,0,Yes,No,45,Yes,Yes,DSL,No,No,No internet service,Yes,No,No,Month-to-month,Yes,Bank transfer (automatic),71.05,3210.07,0
CUST-13059,Male,1,No,No,14,Yes,No phone service,DSL,Yes,Yes,Yes,No internet service,No internet service,Yes,Month-to-month,Yes,Electronic check,63.43,890.84,1
CUST-13060,Male,0,Yes,No,29,Yes,Yes,Fiber optic,No,Yes,No internet service,No,No,Yes,One year,No,Mailed check,106.41,3057.37,1
CUST-13061,Male,0,No,Yes,56,Yes,No,Fiber optic,No,No,No,Yes,No internet service,No internet service,Month-to-month,Yes,Credit card (automatic),117.85,6529.68,1
CUST-13062,Male,0,No,No,8,Yes,Yes,Fiber optic,No,Yes,No,No,No,No,Month-to-month,No,Mailed check,93.6,712.48,0
CUST-13063,Male,0,No,No,55,No,No,DSL,Yes,Yes,No internet service,No,Yes,No,Two year,Yes,Mailed check,43.44,2363.33,0
CUST-13064,Female,0,Yes,No,18,Yes,No,Fiber optic,No,No,No internet service,No,Yes,Yes,Two year,Yes,Mailed check,92.46,1705.62,1
CUST-13065,Female,1,Yes,No,55,Yes,Yes,DSL,No internet service,Yes,No,No,No,No,Month-to-month,Yes,Electronic check,83.39,4595.19,1
CUST-13066,Female,0,Yes,Yes,55,Yes,No,DSL,Yes,Yes,No,No,No internet service,Yes,Two year,No,Mailed check,54.21,3009.27,0
CUST-13067,Female,0,No,No,1,Yes,Yes,No,No,No internet service,No,No,Yes,Yes,Month-to-month,Yes,Electronic check,81.04,24.74,1
CUST-13068,Male,0,Yes,No,17,Yes,No,Fiber optic,Yes,No,Yes,No internet service,No,Yes,One year,Yes,Electronic check,101.15,1707.01,1
CUST-13069,Male,0,No,Yes,58,Yes,Yes,DSL,No,Yes,No,Yes,Yes,No,Month-to-month,Yes,Credit card (automatic),55.13,3250.44,1
CUST-13070,Male,1,No,No,24,Yes,Yes,DSL,Yes,Yes,No,No,Yes,Yes,Month-to-month,No,Bank transfer (automatic),86.55,2013.38,1
CUST-13071,Male,0,Yes,No,32,No,Yes,Fiber optic,No internet service,Yes,No,No,Yes,Yes,Month-to-month,Yes,Electronic check,101.15,3321.48,1
CUST-13072,Male,0,Yes,No,1,Yes,No,Fiber optic,No,No,Yes,No,No internet service,Yes,Month-to-month,No,Electronic check,77.47,83.15,1
CUST-13073,Female,0,Yes,No,50,Yes,No phone service,DSL,No internet service,No,No,No,No internet service,No,Month-to-month,Yes,Credit card (automatic),49.31,2497.9,0
CUST-13074,Female,0,No,No,6,No,No phone service,Fiber optic,Yes,Yes,Yes,No,No,Yes,Month-to-month,No,Credit card (automatic),84.18,409.88,1
CUST-13075,Female,0,No,No,19,Yes,No,Fiber optic,No internet service,No internet service,No,Yes,Yes,No,Month-to-month,Yes,Mailed check,77.14,1501.82,1
CUST-13076,Male,0,Yes,No,34,No,No,Fiber optic,Yes,No,No internet service,No,No internet service,Yes,Month-to-month,Yes,Bank transfer (automatic),95.4,3200.14,1
CUST-13077,Female,0,No,No,56,Yes,No,Fiber optic,Yes,No internet service,Yes,No,Yes,No,One year,No,Electronic check,84.35,4727.08,1
CUST-13078,Male,0,Yes,Yes,36,Yes,No,No,No internet service,No,No internet service,No,Yes,Yes,Month-to-month,No,Mailed check,60.14,2105.23,1
CUST-13079,Male,1,Yes,No,71,Yes,Yes,DSL,No,No internet service,No,Yes,Yes,Yes,Month-to-month,Yes,Mailed check,79.8,5715.92,0
CUST-13080,Male,0,No,No,38,Yes,No,DSL,No,No,Yes,No,Yes,Yes,Month-to-month,Yes,Electronic check,90.5,3386.35,1
CUST-13081,Female,0,No,No,18,Yes,Yes,DSL,No,Yes,Yes,No,Yes,Yes,Two year,No,Electronic check,87.14,1592.09,1
CUST-13082,Male,0,Yes,No,13,Yes,No,DSL,No,Yes,Yes,No,Yes,No internet service,Two year,Yes,Bank transfer (automatic),95.56,1260.46,0
CUST-13083,Male,0,No,No,57,Yes,Yes,DSL,Yes,Yes,No internet service,No,Yes,Yes,Two year,Yes,Electronic check,57.24,3276.47,0
CUST-13084,Male,0,No,No,33,Yes,Yes,DSL,No internet service,No internet service,Yes,No,No internet service,No internet service,Month-to-month,No,Electronic check,96.65,3180.4,1
CUST-13085,Male,0,No,Yes,44,Yes,No,No,No,No,No,No internet service,No internet service,Yes,Two year,Yes,Credit card (automatic),89.8,3978.7,0
CUST-13086,Male,0,No,Yes,27,No,Yes,No,No internet service,Yes,No,Yes,No internet service,Yes,Month-to-month,No,Bank transfer (automatic),75.07,2024.11,1
CUST-13087,Male,0,Yes,No,19,Yes,No phone service,Fiber optic,No,Yes,Yes,No,No internet service,Yes,Month-to-month,Yes,Electronic check,59.7,1121.06,1
CUST-13088,Male,0,Yes,No,43,Yes,No phone service,Fiber optic,No,No,No,No internet service,No,Yes,Two year,Yes,Electronic check,118.75,5143.24,1
CUST-13089,Male,0,No,No,21,Yes,No,Fiber optic,No,No,Yes,Yes,No,No internet service,Month-to-month,Yes,Electronic check,105.82,2324.75,1
CUST-13090,Male,0,No,No,72,Yes,No,Fiber optic,Yes,No,No internet service,No,No internet service,No,One year,Yes,Credit card (automatic),110.87,7981.12,0
CUST-13091,Male,0,Yes,No,53,Yes,Yes,Fiber optic,No internet service,No internet service,No internet service,No,Yes,No,Two year,Yes,Credit card (automatic),73.61,3834.89,0
CUST-13092,Female,0,Yes,No,59,No,No,DSL,No internet service,No,No internet service,No,No,No,Month-to-month,No,Mailed check,45.43,2666.76,0
CUST-13093,Male,0,Yes,No,20,Yes,No,No,No,Yes,Yes,No internet service,Yes,Yes,Month-to-month,Yes,Electronic check,80.11,1634.09,1
CUST-13094,Female,1,No,No,2,Yes,Yes,Fiber optic,No internet service,No,No,No,Yes,No,Month-to-month,Yes,Bank transfer (automatic),80.26,142.85,1
CUST-13095,Female,0,Yes,Yes,3,No,Yes,DSL,Yes,No,No,No,No,No,Month-to-month,No,Credit card (automatic),58.01,102.12,1
CUST-13096,Male,0,Yes,Yes,62,Yes,Yes,Fiber optic,Yes,No internet service,No internet service,No,No internet service,Yes,One year,No,Mailed check,58.05,3612.1,0
CUST-13097,Male,0,Yes,No,63,Yes,No,DSL,Yes,Yes,No,Yes,No internet service,No,Month-to-month,Yes,Electronic check,39.68,2489.88,0
CUST-13098,Male,0,No,No,49,No,No,No,No,No,No,Yes,Yes,No,Month-to-month,Yes,Bank transfer (automatic),50.01,2419.22,0
CUST-13099,Male,0,No,No,42,Yes,Yes,Fiber optic,No,No,No,No internet service,Yes,Yes,Month-to-month,Yes,Electronic check,108.54,4572.4,1
CUST-13100,Male,0,Yes,No,15,Yes,Yes,No,Yes,No,No internet service,No,No internet service,Yes,Two year,No,Credit card (automatic),56.08,886.19,0
CUST-13101,Male,0,Yes,No,55,Yes,No,No,No,Yes,No,Yes,No,No internet service,Two year,No,Credit card (automatic),47.14,2572.05,0
CUST-13102,Male,1,Yes,Yes,37,Yes,Yes,Fiber optic,No,Yes,Yes,Yes,Yes,Yes,Month-to-month,No,Mailed check,117.31,4381.16,0
CUST-13103,Male,0,No,No,44,Yes,Yes,No,No,No internet service,No internet service,No internet service,No,Yes,One year,No,Electronic check,80.12,3530.76,0
CUST-13104,Female,0,No,Yes,1,Yes,Yes,No,Yes,Yes,No,Yes,No internet service,No internet service,Two year,Yes,Credit card (automatic),31.26,0.0,0
CUST-13105,Male,1,No,No,37,Yes,No,DSL,Yes,No,Yes,No,No,No internet service,One year,No,Credit card (automatic),78.86,2820.87,1
CUST-13106,Female,1,No,Yes,50,Yes,Yes,DSL,No,No,No,No internet service,No internet service,Yes,Two year,No,Mailed check,77.56,3889.33,0
CUST-13107,Male,0,Yes,No,56,Yes,Yes,Fiber optic,Yes,Yes,Yes,No,Yes,Yes,One year,No,Electronic check,83.74,4686.73,1
CUST-13108,Female,0,Yes,No,10,Yes,No,Fiber optic,No,No,No,No,Yes,Yes,Month-to-month,No,Bank transfer (automatic),99.36,957.89,0
CUST-13109,Male,0,Yes,No,2,Yes,Yes,Fiber optic,No,Yes,No,No,Yes,No,One year,Yes,Electronic check,118.75,207.87,1
CUST-13110,Female,0,Yes,No,62,Yes,No phone service,Fiber optic,No internet service,No,No internet service,Yes,Yes,Yes,One year,No,Bank transfer (automatic),49.6,3016.63,0
CUST-13111,Female,0,Yes,No,22,Yes,No,No,Yes,Yes,Yes,No,No,No internet service,Month-to-month,Yes,Electronic check,54.69,1216.44,1
CUST-13112,Male,0,No,No,34,Yes,No,Fiber optic,Yes,No,No,No internet service,No,No internet service,Month-to-month,Yes,Bank transfer (automatic),92.98,3108.79,1
CUST-13113,Female,1,Yes,No,45,Yes,No,Fiber optic,No internet service,No,Yes,No,No,Yes,Two year,No,Credit card (automatic),85.11,3816.13,0
CUST-13114,Male,0,No,Yes,35,Yes,Yes,Fiber optic,No,No internet service,Yes,No,No,No internet service,Two year,Yes,Mailed check,105.37,3664.0,0
CUST-13115,Male,0,Yes,Yes,68,Yes,No,No,No,Yes,No,No,Yes,Yes,Month-to-month,No,Credit card (automatic),44.66,2961.71,1
CUST-13116,Female,0,Yes,Yes,61,Yes,Yes,DSL,No,Yes,No,No,No internet service,Yes,One year,No,Bank transfer (automatic),60.43,3717.02,0
CUST-13117,Female,0,No,Yes,28,Yes,No,Fiber optic,Yes,Yes,No internet service,No internet service,No,No internet service,One year,No,Bank transfer (automatic),105.93,2957.55,1
CUST-13118,Male,1,Yes,No,13,Yes,Yes,Fiber optic,No internet service,Yes,No,No,No,Yes,Month-to-month,No,Credit card (automatic),64.67,959.89,1
CUST-13119,Female,0,Yes,No,71,Yes,No,Fiber optic,No,No,Yes,No,Yes,Yes,Two year,No,Credit card (automatic),76.01,5353.34,0
CUST-13120,Female,0,Yes,No,51,Yes,Yes,DSL,No,No internet service,No,Yes,Yes,Yes,Two year,No,Credit card (automatic),58.13,3053.97,1
CUST-13121,Female,0,No,No,55,Yes,No,No,No internet service,No,No,No,No,Yes,Two year,Yes,Credit card (automatic),83.95,4620.21,0
CUST-13122,Male,0,Yes,No,33,Yes,Yes,DSL,No internet service,Yes,No,No,No,No internet service,Month-to-month,No,Electronic check,77.95,2548.6,0
CUST-13123,Female,0,No,Yes,35,Yes,Yes,DSL,Yes,No internet service,Yes,No,Yes,Yes,Month-to-month,Yes,Electronic check,47.33,1607.2,0
CUST-13124,Male,0,No,No,13,Yes,No,No,No,No,No internet service,No,Yes,Yes,Month-to-month,No,Electronic check,55.08,649.33,1
CUST-13125,Female,0,No,No,31,Yes,No,Fiber optic,No,No,No internet service,Yes,No internet service,No internet service,One year,Yes,Credit card (automatic),67.46,2059.15,0
CUST-13126,Female,0,Yes,No,39,Yes,No phone service,Fiber optic,No,No,No internet service,No internet service,Yes,No,Month-to-month,No,Credit card (automatic),95.69,3694.99,1
CUST-13127,Female,0,No,Yes,9,Yes,Yes,Fiber optic,No,No,Yes,No,Yes,No internet service,One year,No,Credit card (automatic),63.22,547.91,1
CUST-13128,Female,0,Yes,No,46,Yes,Yes,DSL,No,No internet service,No,No internet service,No,Yes,Two year,Yes,Credit card (automatic),44.36,2004.01,0
CUST-13129,Female,0,No,No,44,Yes,No,DSL,No,Yes,No,Yes,No internet service,No,Month-to-month,No,Mailed check,89.27,3972.54,1
CUST-13130,Male,0,No,No,61,Yes,Yes,No,No,No,Yes,No,No,No internet service,Two year,No,Electronic check,37.43,2228.83,0
CUST-13131,Male,0,Yes,Yes,3,Yes,No,DSL,Yes,No,No,No,Yes,No internet service,Month-to-month,Yes,Bank transfer (automatic),100.16,263.17,0
CUST-13132,Female,0,Yes,Yes,16,Yes,Yes,DSL,No,No internet service,No,No,No,Yes,Two year,Yes,Mailed check,30.86,480.79,1
CUST-13133,Male,0,No,No,31,Yes,No,Fiber optic,Yes,No,Yes,Yes,Yes,No,Month-to-month,No,Mailed check,101.56,3106.92,0
CUST-13134,Female,0,No,No,64,Yes,No,No,No,Yes,Yes,No internet service,No,No,Month-to-month,No,Mailed check,40.16,2617.06,1
CUST-13135,Male,0,No,Yes,17,No,Yes,Fiber optic,Yes,No internet service,Yes,Yes,Yes,Yes,Month-to-month,Yes,Electronic check,104.68,1733.07,1
CUST-13136,Female,1,No,No,70,Yes,Yes,DSL,No,No,Yes,Yes,Yes,Yes,Two year,Yes,Mailed check,66.58,4643.77,0
CUST-13137,Male,0,No,No,69,Yes,No,DSL,Yes,No,No,No internet service,No,No,Month-to-month,No,Credit card (automatic),87.22,5998.06,1
CUST-13138,Male,0,No,No,6,Yes,No,No,No,Yes,No internet service,No,Yes,Yes,Month-to-month,No,Electronic check,44.45,246.89,1
CUST-13139,Male,0,No,No,26,Yes,Yes,Fiber optic,No,No internet service,Yes,No internet service,No,No internet service,Month-to-month,No,Bank transfer (automatic),91.95,2496.82,1
CUST-13140,Male,0,Yes,No,18,Yes,No,No,No,No,No,No internet service,No,Yes,Month-to-month,No,Bank transfer (automatic),76.23,1433.8,0
CUST-13141,Male,0,No,No,35,Yes,No,Fiber optic,No,No internet service,Yes,No,No,No,One year,Yes,Mailed check,91.15,3214.29,0
CUST-13142,Male,0,No,No,67,Yes,No,Fiber optic,No internet service,No,No,No internet service,No,No,Month-to-month,No,Electronic check,77.48,5204.3,1
CUST-13143,Female,0,Yes,Yes,27,Yes,No,No,Yes,Yes,Yes,Yes,No,No,Month-to-month,Yes,Electronic check,30.89,924.72,0
CUST-13144,Female,0,Yes,No,48,No,No,Fiber optic,No,No,Yes,No internet service,No,Yes,One year,No,Mailed check,99.77,4778.34,1
CUST-13145,Female,0,Yes,Yes,10,Yes,No,DSL,No,Yes,No internet service,No,No,No,Two year,Yes,Mailed check,97.47,958.09,0
CUST-13146,Female,0,Yes,No,41,No,Yes,DSL,No,Yes,No internet service,No internet service,Yes,Yes,Month-to-month,No,Electronic check,88.38,3618.07,0
CUST-13147,Female,0,No,No,25,Yes,Yes,Fiber optic,No internet service,No internet service,No,No,No,No,Month-to-month,No,Credit card (automatic),118.75,2960.45,1
CUST-13148,Female,1,Yes,No,66,No,Yes,DSL,No,No internet service,Yes,No,No,No internet service,Month-to-month,Yes,Electronic check,80.9,5352.77,1
CUST-13149,Male,0,No,No,56,Yes,Yes,DSL,Yes,No,No,No internet service,Yes,No internet service,Two year,Yes,Electronic check,63.77,3572.64,0
CUST-13150,Female,0,Yes,No,15,Yes,Yes,Fiber optic,No,Yes,No,No,Yes,Yes,Month-to-month,No,Bank transfer (automatic),117.29,1650.01,1
CUST-13151,Male,0,No,Yes,45,Yes,No,Fiber optic,No,No,No,No,No,No internet service,Month-to-month,No,Bank transfer (automatic),63.07,2848.94,0
CUST-13152,Male,0,No,Yes,24,Yes,Yes,Fiber optic,Yes,No,No internet service,No internet service,No,No internet service,Month-to-month,No,Mailed check,73.88,1794.84,1
CUST-13153,Female,0,No,No,31,Yes,No,No,No,No,No,No internet service,No,Yes,Month-to-month,No,Electronic check,51.56,1619.44,1
CUST-13154,Male,0,No,No,33,Yes,Yes,DSL,No,No,No internet service,No,No,No internet service,Month-to-month,Yes,Bank transfer (automatic),54.52,1764.3,1
CUST-13155,Female,0,Yes,No,59,Yes,Yes,Fiber optic,No,No,No internet service,No,No,No,Month-to-month,No,Credit card (automatic),100.8,5875.95,1
CUST-13156,Female,0,No,No,21,Yes,Yes,Fiber optic,Yes,Yes,No internet service,Yes,No,No internet service,One year,No,Electronic check,81.36,1763.91,0
CUST-13157,Female,0,No,No,0,Yes,No,Fiber optic,No,No,Yes,No,No,No,Month-to-month,Yes,Bank transfer (automatic),111.16,0.0,1
CUST-13158,Female,0,Yes,No,14,Yes,Yes,Fiber optic,No,Yes,Yes,No internet service,No internet service,Yes,Month-to-month,Yes,Credit card (automatic),99.77,1372.68,1
CUST-13159,Female,1,No,No,60,Yes,Yes,Fiber optic,Yes,No internet service,No,Yes,No,Yes,One year,No,Bank transfer (automatic),118.75,7093.56,1
CUST-13160,Male,0,Yes,No,21,Yes,No,No,No,No internet service,No,No,Yes,No,One year,No,Electronic check,18.25,407.0,0
CUST-13161,Female,0,No,No,4,Yes,Yes,No,No,No,Yes,Yes,No,Yes,Two year,Yes,Electronic check,59.45,282.05,0
CUST-13162,Male,0,Yes,No,29,Yes,Yes,No,No,No internet service,Yes,No,No,No,One year,No,Credit card (automatic),52.64,1545.53,0
CUST-13163,Male,0,No,No,63,Yes,Yes,No,No internet service,No,No,No,No,Yes,Two year,Yes,Mailed check,52.44,3320.9,0
CUST-13164,Male,1,Yes,Yes,63,Yes,Yes,Fiber optic,Yes,No internet service,Yes,Yes,No internet service,Yes,Month-to-month,Yes,Electronic check,81.66,5124.7,1
CUST-13165,Male,0,Yes,Yes,69,Yes,Yes,Fiber optic,No,No internet service,No internet service,No,No,No,Month-to-month,Yes,Electronic check,96.53,6637.37,1
CUST-13166,Female,0,Yes,No,49,Yes,Yes,Fiber optic,Yes,No,No internet service,Yes,No internet service,No,Month-to-month,No,Electronic check,50.58,2457.84,1
CUST-13167,Male,0,No,No,59,Yes,No,Fiber optic,Yes,No internet service,Yes,No internet service,No,Yes,One year,Yes,Mailed check,49.91,2963.25,0
CUST-13168,Female,0,Yes,No,56,Yes,No,DSL,No,Yes,Yes,No,No,Yes,Month-to-month,No,Bank transfer (automatic),58.37,3240.03,1
CUST-13169,Female,0,No,No,1,Yes,No phone service,Fiber optic,No,No internet service,No,No,No,No,Month-to-month,Yes,Mailed check,49.77,76.5,1
CUST-13170,Female,1,No,No,30,Yes,No,No,No,No,No,No internet service,No,Yes,Month-to-month,Yes,Mailed check,57.66,1760.06,1
CUST-13171,Female,0,No,No,38,Yes,Yes,Fiber optic,No,No,No,Yes,No,Yes,One year,No,Electronic check,69.97,2691.1,0
CUST-13172,Male,0,Yes,No,33,Yes,Yes,DSL,No,Yes,No,No internet service,No,No internet service,One year,Yes,Mailed check,73.39,2400.4,0
CUST-13173,Male,0,No,No,60,Yes,No,Fiber optic,No,Yes,No,Yes,Yes,Yes,One year,Yes,Electronic check,95.57,5690.57,0
CUST-13174,Female,0,No,No,71,Yes,Yes,Fiber optic,Yes,Yes,Yes,No,No,No internet service,One year,No,Mailed check,86.49,6141.06,0
CUST-13175,Female,1,Yes,Yes,39,Yes,No,No,No,Yes,No,Yes,No,No,Month-to-month,Yes,Electronic check,62.86,2427.17,0
CUST-13176,Female,0,Yes,Yes,7,Yes,No,DSL,No internet service,No,No internet service,No internet service,No,No internet service,Two year,Yes,Mailed check,65.1,424.27,0
CUST-13177,Male,0,No,No,26,Yes,No,Fiber optic,No internet service,Yes,No internet service,No,Yes,No,One year,Yes,Bank transfer (automatic),88.25,2280.49,1
CUST-13178,Male,0,Yes,No,14,Yes,Yes,Fiber optic,Yes,No internet service,No,Yes,Yes,No,Month-to-month,No,Credit card (automatic),79.31,1139.56,1
CUST-13179,Male,0,Yes,No,34,Yes,Yes,Fiber optic,No,No internet service,No,No,No,No internet service,Month-to-month,No,Electronic check,108.2,3635.8,1
CUST-13180,Male,0,Yes,No,17,Yes,Yes,DSL,No,No,No internet service,No internet service,No,Yes,Month-to-month,Yes,Bank transfer (automatic),47.73,894.74,1
CUST-13181,Male,0,No,No,5,Yes,Yes,No,No internet service,No internet service,No,Yes,Yes,Yes,Month-to-month,No,Credit card (automatic),56.97,310.42,1
CUST-13182,Female,0,No,No,12,Yes,Yes,No,Yes,No,No,No,Yes,No,Month-to-month,Yes,Credit card (automatic),80.18,938.76,0
CUST-13183,Male,0,No,No,36,No,No,Fiber optic,Yes,No internet service,Yes,Yes,No,No,Two year,Yes,Electronic check,98.94,3597.25,0
CUST-13184,Female,0,No,No,10,Yes,Yes,DSL,No internet service,No,No,Yes,No,No,Month-to-month,No,Bank transfer (automatic),62.49,580.37,1
CUST-13185,Female,0,Yes,Yes,2,Yes,Yes,Fiber optic,Yes,No,No internet service,No internet service,Yes,No internet service,Month-to-month,No,Electronic check,96.16,199.98,1
CUST-13186,Female,0,Yes,No,20,Yes,Yes,Fiber optic,No internet service,Yes,No,No,No internet service,Yes,Two year,Yes,Electronic check,76.35,1548.6,1
CUST-13187,Male,0,Yes,No,47,Yes,No phone service,Fiber optic,No,No internet service,Yes,Yes,Yes,Yes,Month-to-month,Yes,Bank transfer (automatic),111.22,5260.0,1
CUST-13188,Male,0,Yes,No,46,Yes,Yes,Fiber optic,No,No,No,No internet service,No,Yes,Month-to-month,Yes,Credit card (automatic),98.57,4527.12,0
CUST-13189,Female,0,Yes,No,28,Yes,Yes,Fiber optic,Yes,Yes,No,No internet service,Yes,Yes,Month-to-month,No,Mailed check,92.75,2543.02,0
CUST-13190,Male,0,No,No,48,Yes,No,No,No internet service,Yes,Yes,No internet service,Yes,Yes,Month-to-month,No,Credit card (automatic),77.67,3727.6,1
CUST-13191,Female,0,Yes,Yes,13,Yes,Yes,No,Yes,No internet service,No,Yes,No,Yes,Month-to-month,Yes,Bank transfer (automatic),50.89,722.44,0
CUST-13192,Female,0,Yes,Yes,52,Yes,Yes,Fiber optic,No,No internet service,Yes,No,No internet service,Yes,Two year,No,Mailed check,60.25,3099.45,1
CUST-13193,Male,0,Yes,No,1,Yes,Yes,DSL,Yes,No,No internet service,No internet service,Yes,Yes,One year,Yes,Electronic check,75.68,40.23,0
CUST-13194,Female,0,Yes,Yes,9,Yes,No phone service,DSL,Yes,Yes,No,Yes,No,No,One year,No,Bank transfer (automatic),68.88,607.76,0
CUST-13195,Male,0,Yes,No,67,No,No,DSL,No,No,No,No,No,No,Month-to-month,No,Credit card (automatic),73.89,4978.97,0
CUST-13196,Male,0,Yes,Yes,34,Yes,No,Fiber optic,Yes,Yes,No internet service,No internet service,No,No internet service,Month-to-month,No,Electronic check,99.38,3323.75,1
CUST-13197,Female,0,Yes,Yes,40,Yes,No,Fiber optic,No,No internet service,No,Yes,No,Yes,One year,Yes,Mailed check,103.42,4105.81,0
CUST-13198,Female,0,No,No,29,No,No,No,No,Yes,No,No,No internet service,No,Month-to-month,Yes,Electronic check,27.74,753.45,0
CUST-13199,Male,1,No,Yes,47,Yes,Yes,Fiber optic,No,Yes,Yes,No internet service,Yes,No,Month-to-month,Yes,Electronic check,89.82,4289.48,1
CUST-13200,Female,0,No,No,54,Yes,No,DSL,No,No,No internet service,No,No,No internet service,Month-to-month,Yes,Electronic check,70.48,3759.22,1
CUST-13201,Female,0,No,No,56,Yes,No,Fiber optic,Yes,No,No,No internet service,No internet service,No,Month-to-month,Yes,Credit card (automatic),93.69,5252.42,0
CUST-13202,Female,0,No,No,18,Yes,Yes,Fiber optic,No internet service,No internet service,No,No internet service,Yes,Yes,One year,Yes,Bank transfer (automatic),97.79,1726.66,1
CUST-13203,Male,0,No,Yes,45,Yes,No,DSL,Yes,No,No,No internet service,No,Yes,Month-to-month,Yes,Credit card (automatic),73.08,3307.5,1
CUST-13204,Male,0,No,Yes,57,Yes,Yes,Fiber optic,No,Yes,No,No,No,No,Month-to-month,Yes,Electronic check,65.07,3756.15,1
CUST-13205,Female,0,No,No,30,Yes,Yes,DSL,No internet service,Yes,No,Yes,Yes,No,One year,Yes,Credit card (automatic),72.59,2168.87,1
CUST-13206,Female,0,Yes,No,27,Yes,Yes,DSL,No internet service,No,No,No,No,Yes,Two year,Yes,Electronic check,97.76,2677.14,0
CUST-13207,Female,0,Yes,No,45,Yes,Yes,Fiber optic,Yes,Yes,No,No internet service,No internet service,No,Month-to-month,Yes,Credit card (automatic),67.17,3051.06,0
CUST-13208,Male,0,Yes,Yes,41,Yes,No phone service,No,No,No,No,Yes,No,Yes,Month-to-month,No,Electronic check,76.67,3155.3,1
CUST-13209,Male,1,Yes,Yes,18,Yes,No,No,No internet service,No,No,No,Yes,No internet service,One year,No,Electronic check,18.25,372.09,0
CUST-13210,Female,0,No,Yes,69,Yes,Yes,DSL,No internet service,No,No,No,No internet service,No internet service,Month-to-month,Yes,Credit card (automatic),78.42,5523.08,0
CUST-13211,Male,0,Yes,No,40,Yes,No,Fiber optic,No,Yes,No internet service,No,Yes,No internet service,Month-to-month,Yes,Credit card (automatic),77.11,3145.82,1
CUST-13212,Male,0,No,Yes,41,Yes,No,No,Yes,No internet service,No,No internet service,Yes,No internet service,Month-to-month,Yes,Bank transfer (automatic),48.98,1928.37,1
CUST-13213,Female,0,No,Yes,15,Yes,Yes,No,No,No,No internet service,No internet service,Yes,No internet service,One year,Yes,Credit card (automatic),63.96,890.29,0
CUST-13214,Female,0,No,No,49,Yes,No,No,No internet service,No,No,Yes,No internet service,Yes,Two year,Yes,Electronic check,68.13,3333.79,0
CUST-13215,Male,0,Yes,No,66,Yes,No,Fiber optic,Yes,No,Yes,Yes,Yes,No,Month-to-month,Yes,Credit card (automatic),114.97,7486.49,1
CUST-13216,Male,0,Yes,No,53,Yes,Yes,No,No internet service,No,No,No,No internet service,Yes,Two year,Yes,Electronic check,18.35,964.71,0
CUST-13217,Male,0,Yes,Yes,37,Yes,No,Fiber optic,No,No,No,Yes,No internet service,No,Month-to-month,Yes,Credit card (automatic),71.75,2578.71,1
CUST-13218,Female,0,No,No,46,Yes,No,DSL,No,No internet service,Yes,Yes,Yes,Yes,Month-to-month,Yes,Mailed check,62.85,2898.61,1
CUST-13219,Male,0,No,Yes,17,Yes,No,DSL,Yes,No,No,No,No,No,Month-to-month,Yes,Bank transfer (automatic),59.23,1025.8,1
CUST-13220,Female,0,No,No,4,Yes,No,No,Yes,Yes,No,No,No,Yes,One year,Yes,Bank transfer (automatic),57.79,223.27,1
CUST-13221,Male,0,No,No,46,Yes,No phone service,No,No,No internet service,No,No,No,No internet service,Month-to-month,Yes,Electronic check,65.18,2980.4,1
CUST-13222,Female,0,No,Yes,13,Yes,Yes,Fiber optic,No internet service,No,Yes,Yes,No,No internet service,Two year,Yes,Electronic check,52.12,641.85,0
CUST-13223,Female,0,No,No,6,Yes,No,Fiber optic,No,Yes,No,No,Yes,No internet service,Two year,Yes,Mailed check,67.41,408.8,0
CUST-13224,Female,0,Yes,No,56,Yes,No,DSL,No,Yes,No,No,Yes,Yes,Month-to-month,Yes,Electronic check,70.9,3909.4,1
CUST-13225,Female,0,Yes,No,31,Yes,Yes,Fiber optic,No internet service,No,No,Yes,Yes,No internet service,Month-to-month,Yes,Bank transfer (automatic),89.04,2714.58,1
CUST-13226,Female,0,Yes,Yes,62,Yes,No phone service,Fiber optic,No,No,No,No,Yes,Yes,Month-to-month,Yes,Credit card (automatic),118.75,7383.15,1
CUST-13227,Male,0,No,No,63,Yes,No,Fiber optic,No internet service,No internet service,Yes,Yes,No,Yes,Month-to-month,Yes,Electronic check,64.55,4048.46,1
CUST-13228,Female,0,No,Yes,8,Yes,No,Fiber optic,Yes,Yes,Yes,No,Yes,No,Month-to-month,No,Bank transfer (automatic),78.28,602.34,0
CUST-13229,Female,0,No,No,56,Yes,Yes,Fiber optic,Yes,No,No,Yes,Yes,Yes,Month-to-month,No,Credit card (automatic),115.23,6500.37,0
CUST-13230,Female,1,No,Yes,24,Yes,Yes,No,No,Yes,Yes,No internet service,No,No internet service,Two year,Yes,Mailed check,38.83,929.22,0
CUST-13231,Male,0,No,No,51,Yes,No phone service,No,No internet service,No,Yes,No internet service,No,No internet service,One year,No,Credit card (automatic),63.64,3221.65,0
CUST-13232,Female,0,Yes,No,3,No,No phone service,DSL,No,No internet service,No internet service,No,No internet service,No,One year,Yes,Electronic check,64.69,227.3,1
CUST-13233,Male,0,Yes,No,34,Yes,Yes,DSL,Yes,Yes,Yes,No internet service,Yes,No,One year,Yes,Bank transfer (automatic),68.79,2293.54,0
CUST-13234,Female,0,No,No,45,Yes,Yes,DSL,No internet service,No internet service,No,No,No,No internet service,Month-to-month,Yes,Electronic check,85.43,3684.27,1
CUST-13235,Female,0,No,No,32,Yes,No,DSL,No,Yes,No,No,Yes,No,Month-to-month,Yes,Electronic check,68.56,2261.8,1
CUST-13236,Male,0,No,No,40,Yes,Yes,Fiber optic,No,No,Yes,Yes,No,Yes,Month-to-month,Yes,Mailed check,74.16,2906.96,1
CUST-13237,Female,0,Yes,No,0,Yes,No,Fiber optic,No,No,Yes,No,No internet service,No,Month-to-month,Yes,Credit card (automatic),103.05,82.76,1
CUST-13238,Female,0,No,No,0,Yes,No phone service,DSL,No,No,Yes,No,Yes,No,Month-to-month,No,Bank transfer (automatic),55.96,0.0,1
CUST-13239,Male,0,No,Yes,43,Yes,Yes,No,Yes,No internet service,Yes,No internet service,No,No internet service,One year,Yes,Credit card (automatic),64.1,2661.47,0
CUST-13240,Male,0,No,No,30,Yes,No,Fiber optic,No,No,No,No internet service,Yes,No internet service,Two year,No,Bank transfer (automatic),81.96,2411.83,0
CUST-13241,Male,0,Yes,Yes,42,Yes,No,DSL,Yes,No internet service,No,No,No,No,One year,Yes,Bank transfer (automatic),55.7,2357.51,0
CUST-13242,Female,0,No,No,26,Yes,Yes,Fiber optic,No,No,No,No,No,Yes,Month-to-month,Yes,Credit card (automatic),105.87,2830.17,1
CUST-13243,Female,0,No,No,0,Yes,Yes,Fiber optic,No,No,No,Yes,No internet service,No,One year,No,Electronic check,80.17,44.44,1
CUST-13244,Female,0,No,Yes,51,Yes,No,Fiber optic,No,Yes,Yes,Yes,No internet service,No,Month-to-month,Yes,Credit card (automatic),85.05,4388.13,1
CUST-13245,Female,0,No,No,10,Yes,No,Fiber optic,No internet service,No,No internet service,Yes,No,No,Two year,Yes,Credit card (automatic),49.35,429.95,0
CUST-13246,Female,1,No,No,57,Yes,No,DSL,No,No internet service,Yes,No,Yes,No internet service,One year,Yes,Bank transfer (automatic),50.52,2920.47,0
CUST-13247,Male,1,No,No,0,Yes,No phone service,Fiber optic,No,No,Yes,Yes,Yes,No internet service,Month-to-month,No,Bank transfer (automatic),112.11,0.0,1
CUST-13248,Male,0,No,No,67,Yes,Yes,No,Yes,No internet service,No,No internet service,No,No,Month-to-month,Yes,Electronic check,52.77,3623.0,1
CUST-13249,Male,0,Yes,Yes,18,Yes,No phone service,Fiber optic,Yes,No internet service,No internet service,No internet service,No internet service,No internet service,One year,Yes,Credit card (automatic),111.95,2037.7,1
CUST-13250,Male,0,Yes,Yes,65,Yes,No,Fiber optic,Yes,Yes,No,Yes,No,Yes,Two year,Yes,Electronic check,87.09,5679.76,0
CUST-13251,Female,0,Yes,Yes,0,Yes,Yes,No,Yes,No,Yes,No,Yes,Yes,Month-to-month,No,Mailed check,50.56,0.0,1
CUST-13252,Male,0,No,No,32,Yes,Yes,No,No,No internet service,Yes,No,No internet service,No,Two year,Yes,Electronic check,82.31,2665.42,0
CUST-13253,Male,0,Yes,Yes,30,No,Yes,No,No,Yes,No,No,No internet service,No,One year,Yes,Electronic check,57.56,1695.9,1
CUST-13254,Male,1,Yes,No,11,Yes,No,DSL,No internet service,Yes,No internet service,No,No,No,Month-to-month,Yes,Electronic check,106.96,1210.26,1
CUST-13255,Male,1,No,No,34,Yes,No phone service,DSL,Yes,Yes,Yes,No,No,Yes,Month-to-month,Yes,Bank transfer (automatic),64.94,2198.36,1
CUST-13256,Male,0,No,No,15,Yes,No,No,Yes,No internet service,Yes,No,Yes,No,Month-to-month,No,Electronic check,44.09,636.1,1
CUST-13257,Male,0,Yes,No,31,Yes,Yes,No,No,No internet service,Yes,Yes,No internet service,No,Month-to-month,No,Credit card (automatic),33.71,1070.53,1
CUST-13258,Female,0,Yes,No,27,Yes,Yes,Fiber optic,Yes,No internet service,Yes,Yes,Yes,No,Month-to-month,No,Electronic check,100.16,2712.1,0
CUST-13259,Male,0,No,No,14,No,No,No,No,No,Yes,No internet service,No internet service,Yes,Month-to-month,No,Electronic check,31.1,372.72,1
CUST-13260,Male,1,Yes,No,57,Yes,No,Fiber optic,No,No,No,No internet service,No,No,Month-to-month,Yes,Electronic check,118.75,6844.43,0
CUST-13261,Male,0,Yes,No,38,Yes,No,DSL,No,Yes,Yes,No,No,No,Month-to-month,No,Electronic check,41.57,1569.13,1
CUST-13262,Female,0,Yes,No,61,Yes,Yes,No,Yes,No internet service,No,Yes,Yes,No,One year,Yes,Electronic check,49.09,3037.42,0
CUST-13263,Female,0,Yes,No,59,Yes,Yes,No,Yes,No internet service,No,No,No,No,Month-to-month,No,Credit card (automatic),37.55,2209.4,0
CUST-13264,Female,0,No,No,19,Yes,Yes,Fiber optic,No internet service,No,No,No,No,No,Month-to-month,Yes,Credit card (automatic),94.37,1749.07,1
CUST-13265,Female,0,Yes,No,21,Yes,No,Fiber optic,No internet service,Yes,No internet service,No,No,Yes,Month-to-month,Yes,Electronic check,74.02,1544.47,1
CUST-13266,Female,0,No,No,69,Yes,Yes,Fiber optic,No,No internet service,Yes,No,No,Yes,One year,Yes,Electronic check,93.66,6489.97,0
CUST-13267,Female,0,Yes,No,22,Yes,Yes,Fiber optic,Yes,No internet service,Yes,No internet service,No internet service,Yes,Two year,Yes,Bank transfer (automatic),97.33,2261.81,0
CUST-13268,Male,0,Yes,Yes,6,No,No,Fiber optic,No,No internet service,No,No internet service,No,No,One year,Yes,Bank transfer (automatic),100.22,651.94,1
CUST-13269,Female,0,Yes,No,39,Yes,Yes,Fiber optic,No,No,No,No internet service,Yes,No internet service,One year,Yes,Credit card (automatic),118.75,4604.02,1
CUST-13270,Male,0,No,Yes,70,Yes,No phone service,Fiber optic,Yes,No,No,No internet service,No,No internet service,Month-to-month,No,Credit card (automatic),88.28,6103.39,0
CUST-13271,Male,0,Yes,No,17,Yes,No,DSL,No internet service,No,No,Yes,No internet service,No,Month-to-month,No,Electronic check,68.71,1169.53,0
CUST-13272,Female,0,Yes,Yes,46,Yes,Yes,DSL,No internet service,No,Yes,Yes,Yes,No,One year,Yes,Credit card (automatic),70.51,3246.03,0
CUST-13273,Male,0,Yes,No,24,Yes,Yes,DSL,Yes,No internet service,No,No,Yes,No internet service,Month-to-month,No,Mailed check,45.28,1136.02,1
CUST-13274,Male,0,No,Yes,28,Yes,No,Fiber optic,Yes,Yes,No internet service,No,Yes,No internet service,Two year,No,Credit card (automatic),108.55,3105.51,0
CUST-13275,Female,0,Yes,Yes,33,Yes,No,Fiber optic,No,No,No,No internet service,Yes,No internet service,Month-to-month,Yes,Bank transfer (automatic),69.79,2334.51,1
CUST-13276,Male,0,No,No,10,Yes,No,Fiber optic,No,No internet service,No,Yes,No,Yes,Month-to-month,Yes,Mailed check,110.5,1152.48,1
CUST-13277,Male,0,No,No,28,Yes,No phone service,Fiber optic,No,Yes,No internet service,No,Yes,No,Two year,No,Bank transfer (automatic),71.73,1998.55,0
CUST-13278,Female,0,No,Yes,19,Yes,No,DSL,No,No,No,No,Yes,No,Two year,Yes,Electronic check,41.08,823.56,0
CUST-13279,Female,0,No,Yes,59,Yes,No,No,No,No internet service,Yes,No,Yes,Yes,Month-to-month,Yes,Mailed check,18.25,1092.61,1
CUST-13280,Male,0,Yes,Yes,16,Yes,Yes,Fiber optic,Yes,No,No,No,No,Yes,Month-to-month,Yes,Electronic check,107.0,1812.04,1
CUST-13281,Female,0,No,No,61,Yes,Yes,Fiber optic,Yes,No,No,No,No,Yes,One year,Yes,Mailed check,115.18,7037.32,0
CUST-13282,Female,0,No,No,1,Yes,No,DSL,No,No,No internet service,No internet service,No,Yes,One year,No,Electronic check,81.95,72.62,1
CUST-13283,Male,0,Yes,No,29,Yes,Yes,Fiber optic,No,Yes,No internet service,No,No,No,Two year,No,Mailed check,68.83,2034.57,1
CUST-13284,Male,0,No,No,19,Yes,No,Fiber optic,No internet service,No,No,Yes,No internet service,Yes,Two year,Yes,Credit card (automatic),65.94,1329.18,0
CUST-13285,Male,0,Yes,No,32,Yes,No,Fiber optic,Yes,No internet service,No,No internet service,Yes,No,One year,Yes,Mailed check,80.29,2610.01,1
CUST-13286,Male,0,No,No,56,Yes,Yes,DSL,No internet service,Yes,Yes,No,No,Yes,One year,No,Electronic check,92.69,5212.41,1
CUST-13287,Male,1,No,No,69,Yes,No,Fiber optic,No,Yes,No,No,Yes,No internet service,Two year,No,Bank transfer (automatic),83.94,5789.7,0
CUST-13288,Male,0,No,Yes,53,Yes,No,No,No,Yes,Yes,No,No,Yes,Month-to-month,No,Bank transfer (automatic),19.99,1015.51,0
CUST-13289,Male,1,Yes,No,36,Yes,Yes,No,Yes,No,No internet service,No,No internet service,No,Month-to-month,Yes,Electronic check,31.66,1198.96,1
CUST-13290,Male,0,No,No,37,Yes,No,No,No,No,Yes,Yes,No internet service,Yes,One year,No,Electronic check,53.38,2034.3,0
CUST-13291,Male,1,No,No,72,Yes,No,DSL,No,No,No,No internet service,No,No,Month-to-month,No,Electronic check,98.67,6998.7,0
CUST-13292,Male,1,Yes,No,72,Yes,No,Fiber optic,No,No,No,No,Yes,Yes,Two year,Yes,Mailed check,102.19,7315.01,0
CUST-13293,Male,1,No,No,55,Yes,Yes,DSL,Yes,No,No,No internet service,Yes,No internet service,Month-to-month,No,Mailed check,57.56,3201.74,0
CUST-13294,Male,0,No,No,11,Yes,No,Fiber optic,No,No,No,No internet service,No,No,Month-to-month,Yes,Credit card (automatic),88.93,953.24,1
CUST-13295,Female,0,No,No,19,Yes,No,Fiber optic,No,No internet service,Yes,No,No,Yes,One year,Yes,Mailed check,109.85,2115.12,1
CUST-13296,Male,0,No,Yes,19,Yes,Yes,Fiber optic,No,No,No,Yes,No,No internet service,Two year,Yes,Electronic check,88.53,1632.57,0
CUST-13297,Female,0,Yes,No,16,Yes,Yes,No,Yes,No internet service,No,No,Yes,No,Month-to-month,No,Electronic check,18.25,250.27,0
CUST-13298,Female,0,Yes,No,70,Yes,No,No,Yes,No,No,No,Yes,Yes,Month-to-month,Yes,Electronic check,35.85,2452.16,0
CUST-13299,Female,1,Yes,Yes,11,Yes,Yes,DSL,No,No,Yes,Yes,No,No,Month-to-month,Yes,Electronic check,18.25,195.07,1
CUST-13300,Female,0,Yes,No,62,Yes,No phone service,No,No,Yes,No,No,No,Yes,Month-to-month,Yes,Credit card (automatic),55.71,3453.93,1
CUST-13301,Male,0,Yes,Yes,58,Yes,Yes,No,Yes,No,No,Yes,Yes,No,One year,No,Mailed check,75.9,4341.38,0
CUST-13302,Female,0,No,Yes,38,Yes,No,Fiber optic,Yes,No,Yes,Yes,No,Yes,Month-to-month,Yes,Mailed check,118.75,4460.9,1
CUST-13303,Male,0,Yes,No,22,Yes,No phone service,DSL,No,No internet service,No,No,No,Yes,Two year,Yes,Credit card (automatic),73.35,1592.25,0
CUST-13304,Male,0,No,No,19,Yes,Yes,DSL,No internet service,No,No internet service,Yes,No internet service,No,Month-to-month,No,Mailed check,56.93,1064.39,0
CUST-13305,Male,0,Yes,No,49,Yes,No,Fiber optic,No,No internet service,Yes,Yes,No internet service,Yes,Month-to-month,Yes,Bank transfer (automatic),85.34,4142.79,0
CUST-13306,Male,0,Yes,No,48,Yes,Yes,DSL,No internet service,Yes,Yes,No,No,No,Month-to-month,Yes,Electronic check,77.59,3754.3,1
CUST-13307,Male,1,No,Yes,39,Yes,No,DSL,No,No,Yes,Yes,No internet service,No internet service,Month-to-month,No,Mailed check,99.55,3861.29,0
CUST-13308,Male,0,No,No,41,Yes,No phone service,DSL,No,No,No,No,Yes,Yes,Two year,Yes,Mailed check,82.0,3369.69,0
CUST-13309,Female,0,Yes,Yes,60,Yes,No phone service,Fiber optic,No internet service,Yes,No,No,Yes,Yes,One year,Yes,Mailed check,56.16,3389.72,1
CUST-13310,Female,0,No,Yes,55,Yes,Yes,Fiber optic,Yes,No,No,No internet service,No internet service,Yes,Two year,Yes,Credit card (automatic),105.8,5774.0,0
CUST-13311,Male,1,No,No,54,Yes,No,DSL,No internet service,Yes,No,No,No,No,Month-to-month,No,Bank transfer (automatic),36.51,1997.85,0
CUST-13312,Female,1,Yes,No,20,Yes,No,No,Yes,Yes,No internet service,No,No,No internet service,Month-to-month,Yes,Credit card (automatic),53.59,1079.51,1
CUST-13313,Male,0,No,Yes,4,No,Yes,DSL,No,No,No,No,No,Yes,Two year,No,Credit card (automatic),108.35,437.51,0
CUST-13314,Male,0,No,Yes,33,No,No,Fiber optic,No internet service,No internet service,No internet service,No internet service,Yes,Yes,One year,Yes,Mailed check,57.2,1845.45,1
CUST-13315,Female,0,Yes,No,24,Yes,Yes,Fiber optic,No internet service,No internet service,No internet service,Yes,Yes,No,Month-to-month,Yes,Bank transfer (automatic),87.31,2140.57,0
CUST-13316,Female,0,No,Yes,24,Yes,No phone service,Fiber optic,No internet service,No internet service,Yes,Yes,Yes,No,Month-to-month,No,Bank transfer (automatic),88.44,2040.36,0
CUST-13317,Male,0,No,No,37,Yes,No,DSL,No internet service,Yes,Yes,Yes,Yes,Yes,Month-to-month,Yes,Mailed check,74.86,2762.61,1
CUST-13318,Male,0,Yes,No,67,Yes,No,Fiber optic,No,Yes,No internet service,Yes,No,Yes,Month-to-month,Yes,Electronic check,106.23,7074.63,0
CUST-13319,Male,0,No,Yes,58,Yes,Yes,Fiber optic,No,Yes,No,No,No,Yes,Month-to-month,No,Credit card (automatic),76.26,4401.36,1
CUST-13320,Male,0,Yes,No,49,Yes,No phone service,DSL,No,No,No,No internet service,No,Yes,Month-to-month,Yes,Bank transfer (automatic),88.29,4255.14,0
CUST-13321,Male,0,Yes,No,52,Yes,Yes,Fiber optic,Yes,No internet service,Yes,No,No,No,Month-to-month,No,Electronic check,84.45,4355.44,0
CUST-13322,Female,1,Yes,No,30,Yes,No,DSL,No,No,No,Yes,No internet service,Yes,Month-to-month,No,Bank transfer (automatic),77.37,2265.08,0
CUST-13323,Female,0,Yes,No,40,No,No,No,Yes,No,No,No internet service,Yes,Yes,One year,Yes,Electronic check,21.79,796.26,1
CUST-13324,Male,0,Yes,No,31,No,Yes,Fiber optic,No internet service,Yes,No,No,Yes,No internet service,Two year,Yes,Mailed check,111.29,3475.72,0
CUST-13325,Female,0,Yes,No,59,Yes,Yes,DSL,No,No,Yes,No,No,Yes,Month-to-month,Yes,Bank transfer (automatic),78.09,4570.88,0
CUST-13326,Male,1,No,No,72,Yes,Yes,No,Yes,No internet service,Yes,No,No,No internet service,Two year,Yes,Credit card (automatic),61.7,4431.5,0
CUST-13327,Male,0,Yes,No,31,Yes,No phone service,Fiber optic,No,No,No internet service,No,No,Yes,Month-to-month,Yes,Mailed check,112.37,3500.75,1
CUST-13328,Male,0,Yes,Yes,52,Yes,No,Fiber optic,No,No,No,Yes,No,No,Month-to-month,Yes,Electronic check,84.23,4393.32,1
CUST-13329,Female,0,No,No,4,Yes,No,No,No internet service,No,No,No internet service,No internet service,No internet service,Month-to-month,Yes,Bank transfer (automatic),44.92,171.48,1
CUST-13330,Female,0,Yes,Yes,29,Yes,No,Fiber optic,No,No,Yes,No,No,No,Month-to-month,Yes,Bank transfer (automatic),54.21,1536.93,1
CUST-13331,Female,1,No,No,63,Yes,No,DSL,No,No,Yes,No,Yes,Yes,Two year,No,Bank transfer (automatic),78.45,4921.63,0
CUST-13332,Male,0,No,No,50,Yes,No,No,Yes,No internet service,No internet service,Yes,No,No internet service,Month-to-month,No,Electronic check,77.35,3876.06,0
CUST-13333,Female,0,Yes,No,38,No,No,No,No internet service,No,No,No,No,No,Month-to-month,Yes,Electronic check,48.83,1907.23,1
CUST-13334,Male,0,Yes,Yes,15,Yes,No,DSL,No internet service,Yes,No,No,No,No,Two year,Yes,Bank transfer (automatic),58.35,758.19,1
CUST-13335,Male,0,No,No,59,Yes,Yes,DSL,Yes,No,Yes,No,Yes,Yes,Two year,Yes,Bank transfer (automatic),92.69,5487.59,0
CUST-13336,Female,0,Yes,No,70,Yes,No phone service,Fiber optic,Yes,Yes,No,No,No,Yes,Month-to-month,Yes,Electronic check,61.26,4227.61,0
CUST-13337,Male,0,No,No,28,Yes,No phone service,Fiber optic,Yes,Yes,No,No,No,No internet service,Month-to-month,No,Bank transfer (automatic),77.77,2150.99,0
CUST-13338,Female,0,No,No,59,Yes,Yes,DSL,No,Yes,Yes,No internet service,No,No,Month-to-month,No,Electronic check,61.54,3619.24,0
CUST-13339,Female,0,No,No,42,Yes,No phone service,No,Yes,No internet service,Yes,Yes,No,No,One year,Yes,Bank transfer (automatic),67.77,2839.94,0
CUST-13340,Female,1,Yes,No,29,Yes,No,DSL,No internet service,Yes,Yes,Yes,No,No,Month-to-month,Yes,Credit card (automatic),79.55,2274.52,0
CUST-13341,Male,1,No,No,24,Yes,Yes,No,No,No internet service,No internet service,No,No internet service,No,Month-to-month,No,Mailed check,38.21,973.5,0
CUST-13342,Male,1,Yes,Yes,36,Yes,Yes,No,No,Yes,No internet service,No,Yes,No,Two year,Yes,Electronic check,39.76,1458.83,0
CUST-13343,Female,0,No,No,29,No,No,DSL,No,No,Yes,Yes,No,Yes,Two year,No,Mailed check,78.42,2250.28,0
CUST-13344,Female,0,No,No,45,No,No,Fiber optic,No,No internet service,No internet service,No,No,No internet service,Month-to-month,Yes,Bank transfer (automatic),94.01,4308.32,1
CUST-13345,Female,0,Yes,Yes,10,Yes,Yes,DSL,No,Yes,No,No,No,Yes,Two year,No,Electronic check,77.98,743.22,1
CUST-13346,Female,1,Yes,No,34,No,No,Fiber optic,No internet service,No internet service,No internet service,No,No,No,Month-to-month,Yes,Electronic check,76.62,2565.42,0
CUST-13347,Male,0,Yes,No,54,Yes,No,Fiber optic,No,No,No,Yes,Yes,No internet service,Month-to-month,Yes,Electronic check,111.52,6026.2,0
CUST-13348,Male,0,No,Yes,61,No,No,Fiber optic,Yes,Yes,Yes,Yes,No,No,Month-to-month,Yes,Credit card (automatic),118.75,7213.64,1
CUST-13349,Female,0,Yes,No,20,No,Yes,Fiber optic,Yes,No internet service,No internet service,Yes,No internet service,No,Month-to-month,Yes,Mailed check,118.31,2384.95,1
CUST-13350,Male,0,No,No,43,Yes,Yes,Fiber optic,No,Yes,No internet service,No internet service,No internet service,No internet service,One year,Yes,Mailed check,114.45,4905.17,0
CUST-13351,Female,1,No,No,22,Yes,No,DSL,Yes,Yes,No,Yes,No internet service,Yes,Two year,No,Bank transfer (automatic),118.75,2627.86,0
CUST-13352,Male,0,Yes,No,57,Yes,Yes,DSL,Yes,No internet service,No,Yes,No,No,One year,Yes,Electronic check,61.03,3432.54,0
CUST-13353,Female,0,No,No,25,Yes,No,Fiber optic,No,Yes,No,No internet service,No internet service,No internet service,One year,No,Bank transfer (automatic),77.28,2021.05,0
CUST-13354,Female,0,Yes,No,49,Yes,No,No,No internet service,No,Yes,No,No internet service,No,Month-to-month,No,Electronic check,22.19,1061.19,0
CUST-13355,Male,0,Yes,Yes,31,Yes,No phone service,Fiber optic,No,Yes,No internet service,No internet service,Yes,Yes,Two year,No,Credit card (automatic),85.28,2713.92,1
CUST-13356,Male,0,No,Yes,19,Yes,No phone service,Fiber optic,No internet service,No internet service,No internet service,No,No,No internet service,One year,Yes,Mailed check,65.23,1170.62,1
CUST-13357,Female,1,Yes,Yes,42,Yes,No phone service,No,Yes,No,Yes,No internet service,No internet service,No,Two year,Yes,Mailed check,76.49,3301.13,0
CUST-13358,Male,0,No,Yes,45,Yes,No,DSL,No internet service,Yes,Yes,No,No internet service,No internet service,Two year,No,Mailed check,79.47,3568.54,0
CUST-13359,Female,0,No,Yes,49,Yes,Yes,No,No,No internet service,Yes,No,No internet service,No,Month-to-month,No,Electronic check,43.49,2117.88,1
CUST-13360,Female,0,Yes,No,57,Yes,Yes,DSL,No internet service,No,No internet service,Yes,No internet service,Yes,One year,Yes,Mailed check,53.29,2910.0,0
CUST-13361,Female,0,No,No,49,Yes,No,DSL,No,No internet service,No internet service,No,Yes,No internet service,Month-to-month,Yes,Electronic check,49.51,2358.26,0
CUST-13362,Male,0,Yes,Yes,62,No,Yes,No,No,No,No,Yes,No,No internet service,Month-to-month,Yes,Credit card (automatic),39.64,2408.28,0
CUST-13363,Female,0,No,No,30,Yes,Yes,Fiber optic,No internet service,No,No internet service,No,Yes,No,One year,No,Credit card (automatic),118.75,3504.87,1
CUST-13364,Male,1,No,Yes,37,Yes,Yes,No,No internet service,Yes,No internet service,No,No,Yes,Month-to-month,No,Mailed check,73.01,2730.78,1
CUST-13365,Female,0,No,No,35,Yes,Yes,Fiber optic,Yes,No,No internet service,Yes,Yes,No internet service,Two year,No,Credit card (automatic),105.25,3659.77,0
CUST-13366,Female,0,No,No,42,Yes,No,DSL,Yes,No,No,Yes,No,No,Month-to-month,Yes,Bank transfer (automatic),31.58,1324.37,0
CUST-13367,Male,0,Yes,No,10,Yes,No phone service,DSL,No,No,No internet service,No,No,Yes,Two year,Yes,Electronic check,73.14,739.11,0
CUST-13368,Male,0,No,Yes,62,Yes,Yes,Fiber optic,Yes,Yes,Yes,No,No,No,Two year,No,Electronic check,85.14,5116.78,1
CUST-13369,Male,0,Yes,No,38,No,Yes,Fiber optic,No,No internet service,Yes,No,Yes,No internet service,Month-to-month,No,Mailed check,76.12,2875.5,1
CUST-13370,Female,1,No,No,40,Yes,No,Fiber optic,Yes,Yes,No,No,No internet service,No,Month-to-month,Yes,Electronic check,91.17,3747.5,1
CUST-13371,Male,0,Yes,Yes,64,Yes,Yes,DSL,No,No,Yes,No,Yes,No,Month-to-month,Yes,Bank transfer (automatic),57.02,3700.4,1
CUST-13372,Male,1,Yes,No,33,Yes,No phone service,DSL,No,No,Yes,No,No,No,Month-to-month,Yes,Electronic check,64.29,2142.84,1
CUST-13373,Female,0,Yes,No,33,Yes,No,Fiber optic,Yes,Yes,Yes,No,No internet service,No,Month-to-month,No,Credit card (automatic),72.71,2403.83,1
CUST-13374,Female,0,Yes,Yes,41,No,Yes,DSL,No,No,No,Yes,No internet service,No,Month-to-month,Yes,Credit card (automatic),62.29,2622.7,1
CUST-13375,Female,0,Yes,No,68,Yes,No,Fiber optic,No,Yes,No,No,No,Yes,Month-to-month,Yes,Mailed check,24.07,1663.88,0
CUST-13376,Female,0,Yes,No,18,Yes,No,DSL,No internet service,Yes,No internet service,Yes,Yes,Yes,One year,No,Bank transfer (automatic),76.54,1367.58,1
CUST-13377,Female,1,No,No,11,Yes,No,No,Yes,No internet service,No,No,Yes,No internet service,Two year,No,Mailed check,62.57,703.94,1
CUST-13378,Female,0,No,No,7,Yes,Yes,Fiber optic,No internet service,No,No,No,No,Yes,Two year,Yes,Credit card (automatic),73.98,556.15,0
CUST-13379,Male,0,Yes,No,53,Yes,Yes,DSL,No internet service,No,No internet service,No,Yes,No,Month-to-month,No,Credit card (automatic),97.43,5224.32,1
CUST-13380,Female,0,No,Yes,0,Yes,Yes,Fiber optic,No,Yes,No internet service,No internet service,Yes,Yes,Two year,Yes,Bank transfer (automatic),72.65,0.0,1
CUST-13381,Female,1,Yes,Yes,51,Yes,No,Fiber optic,No,No,Yes,Yes,No,No internet service,One year,Yes,Electronic check,65.61,3350.39,0
CUST-13382,Female,0,No,No,64,Yes,Yes,Fiber optic,Yes,Yes,No,Yes,Yes,Yes,One year,No,Mailed check,111.05,7153.25,0
CUST-13383,Female,0,Yes,No,49,Yes,Yes,DSL,No,Yes,No internet service,No,No internet service,No,Month-to-month,Yes,Bank transfer (automatic),64.47,3127.63,1
CUST-13384,Female,0,No,No,12,Yes,No,Fiber optic,Yes,No,No internet service,No internet service,No,No,Month-to-month,Yes,Credit card (automatic),94.7,1124.55,1
CUST-13385,Male,1,Yes,Yes,48,Yes,No,No,No,No,Yes,Yes,No internet service,Yes,Month-to-month,Yes,Credit card (automatic),20.77,1076.89,1
CUST-13386,Female,0,Yes,No,32,No,Yes,DSL,No internet service,Yes,No,Yes,No,Yes,Month-to-month,Yes,Bank transfer (automatic),71.85,2308.76,0
CUST-13387,Female,0,No,No,1,Yes,No phone service,Fiber optic,Yes,Yes,No,No,No internet service,No internet service,Month-to-month,No,Electronic check,83.57,43.95,0
CUST-13388,Male,1,No,No,14,No,No,DSL,No,No,Yes,No,No internet service,Yes,Month-to-month,Yes,Mailed check,67.42,870.58,1
CUST-13389,Female,0,No,No,54,Yes,No phone service,Fiber optic,No,Yes,No,No,No,No,Month-to-month,No,Credit card (automatic),82.8,4463.33,1
CUST-13390,Male,0,Yes,Yes,40,Yes,Yes,Fiber optic,No,Yes,Yes,No internet service,Yes,Yes,One year,No,Mailed check,93.73,3717.52,0
CUST-13391,Female,0,No,Yes,36,Yes,No,DSL,No,No internet service,Yes,Yes,Yes,No,Month-to-month,Yes,Bank transfer (automatic),77.34,2845.16,0
CUST-13392,Female,0,No,Yes,56,Yes,Yes,DSL,No,Yes,Yes,Yes,No internet service,Yes,One year,No,Credit card (automatic),85.34,4740.22,0
CUST-13393,Male,0,Yes,No,38,No,Yes,Fiber optic,No,No,Yes,No,No,No,Month-to-month,Yes,Electronic check,50.32,1954.67,0
CUST-13394,Male,0,Yes,No,70,Yes,Yes,Fiber optic,Yes,No internet service,Yes,No,Yes,No,Two year,No,Electronic check,118.75,8309.4,0
CUST-13395,Female,0,Yes,No,3,Yes,Yes,No,No,Yes,No internet service,No,Yes,No,Month-to-month,No,Credit card (automatic),45.62,111.96,1
CUST-13396,Male,0,Yes,No,20,Yes,No,Fiber optic,No,No,Yes,No internet service,No internet service,Yes,Two year,No,Credit card (automatic),79.59,1575.37,0
CUST-13397,Female,0,Yes,No,13,Yes,No,No,Yes,No,Yes,No internet service,No internet service,No,Month-to-month,Yes,Mailed check,56.87,800.13,1
CUST-13398,Male,0,Yes,No,30,Yes,Yes,No,No,Yes,No,Yes,Yes,Yes,Month-to-month,Yes,Credit card (automatic),46.37,1428.47,0
CUST-13399,Female,0,No,No,66,No,Yes,DSL,No,Yes,No,No internet service,No,No internet service,Month-to-month,Yes,Mailed check,77.33,5113.18,0
CUST-13400,Female,0,No,No,29,Yes,Yes,No,No,No internet service,No,No,No internet service,No internet service,Two year,Yes,Electronic check,42.49,1200.11,0
CUST-13401,Female,0,No,No,23,Yes,No,No,No,Yes,No internet service,No internet service,No,Yes,One year,No,Mailed check,61.44,1448.13,0
CUST-13402,Male,0,No,Yes,6,Yes,Yes,Fiber optic,No,No internet service,No,No,No,No,Month-to-month,No,Credit card (automatic),57.83,351.18,1
CUST-13403,Female,0,Yes,Yes,28,Yes,No,Fiber optic,No internet service,No,No,No internet service,No internet service,No internet service,Month-to-month,Yes,Mailed check,94.78,2631.17,1
CUST-13404,Male,0,No,Yes,16,Yes,Yes,Fiber optic,No,No,No,No internet service,No internet service,Yes,Two year,No,Electronic check,79.81,1229.3,1
CUST-13405,Male,0,No,No,13,Yes,No,DSL,No,No,No,No,No,Yes,Two year,Yes,Mailed check,38.64,472.28,0
CUST-13406,Male,1,No,No,9,Yes,No,DSL,No,No,No,No,No,No,Month-to-month,Yes,Electronic check,97.09,818.49,1
CUST-13407,Female,0,Yes,No,46,Yes,Yes,DSL,No,No,No,No,No internet service,Yes,Month-to-month,Yes,Electronic check,67.47,3060.78,1
CUST-13408,Female,0,No,Yes,51,Yes,No,Fiber optic,No internet service,No,Yes,No,No,No,Two year,No,Bank transfer (automatic),110.27,5757.38,0
CUST-13409,Male,0,No,No,54,No,No phone service,Fiber optic,No,No internet service,No,Yes,Yes,No internet service,Month-to-month,Yes,Bank transfer (automatic),104.54,5551.98,0
CUST-13410,Male,0,No,No,3,Yes,No,DSL,Yes,No internet service,No,Yes,No,No,Month-to-month,Yes,Mailed check,60.21,223.6,1
CUST-13411,Female,0,No,No,67,Yes,Yes,DSL,No,Yes,Yes,No,No,No internet service,Two year,No,Bank transfer (automatic),98.31,6610.53,0
CUST-13412,Male,0,No,No,37,No,No,DSL,Yes,Yes,No,No,No internet service,Yes,One year,No,Mailed check,70.32,2521.41,0
CUST-13413,Male,1,No,Yes,41,Yes,Yes,No,No,No internet service,No internet service,No,No,No internet service,Month-to-month,No,Electronic check,36.57,1539.56,0
CUST-13414,Female,0,No,Yes,64,No,No phone service,No,No internet service,Yes,Yes,No,Yes,Yes,Month-to-month,Yes,Bank transfer (automatic),30.16,2033.46,1
CUST-13415,Male,0,No,No,20,Yes,No,DSL,No,No internet service,No,Yes,Yes,No internet service,Month-to-month,Yes,Bank transfer (automatic),58.98,1178.44,1
CUST-13416,Female,0,No,Yes,36,Yes,No,No,No,Yes,Yes,No internet service,No internet service,No internet service,Month-to-month,Yes,Mailed check,57.41,2112.54,0
CUST-13417,Female,0,Yes,No,5,Yes,No,No,Yes,Yes,No,No,No,Yes,One year,No,Bank transfer (automatic),35.27,168.46,0
CUST-13418,Male,1,No,No,35,Yes,Yes,No,No,Yes,Yes,No internet service,Yes,Yes,Month-to-month,No,Electronic check,58.57,2070.18,1
CUST-13419,Male,0,Yes,Yes,19,Yes,No,No,No,Yes,No internet service,No internet service,No,Yes,Month-to-month,No,Electronic check,39.75,661.06,1
CUST-13420,Female,0,Yes,No,13,Yes,No,Fiber optic,No internet service,No,Yes,No internet service,Yes,No,Month-to-month,No,Mailed check,109.01,1417.11,1
CUST-13421,Female,0,Yes,Yes,45,Yes,Yes,DSL,No,No,No internet service,No,Yes,No internet service,One year,Yes,Electronic check,67.31,3029.19,0
CUST-13422,Female,0,No,No,9,Yes,Yes,No,No internet service,No internet service,Yes,No,Yes,No,Month-to-month,Yes,Electronic check,46.25,394.05,1
CUST-13423,Male,0,Yes,No,71,Yes,No phone service,No,No,No,No,No,No,No,Two year,No,Bank transfer (automatic),47.24,3427.2,0
CUST-13424,Female,0,Yes,No,16,Yes,Yes,DSL,Yes,No,Yes,Yes,No,No,One year,No,Bank transfer (automatic),78.67,1256.1,0
CUST-13425,Female,0,Yes,Yes,5,Yes,No,Fiber optic,No,No,No internet service,No internet service,Yes,No,Two year,No,Electronic check,90.74,445.81,1
CUST-13426,Male,0,No,No,32,Yes,Yes,Fiber optic,Yes,Yes,No internet service,No,No,No,Month-to-month,Yes,Credit card (automatic),70.86,2248.84,1
CUST-13427,Female,0,No,No,28,Yes,No,Fiber optic,Yes,No internet service,No internet service,No,No,Yes,Two year,No,Mailed check,118.75,3303.13,0
CUST-13428,Female,0,No,No,48,Yes,No,Fiber optic,Yes,No,No internet service,No,Yes,No,Month-to-month,Yes,Bank transfer (automatic),103.08,4940.33,0
CUST-13429,Male,0,Yes,No,48,Yes,Yes,DSL,No,No,No,No,Yes,No,Two year,Yes,Mailed check,93.52,4474.44,0
CUST-13430,Male,0,Yes,No,43,Yes,Yes,Fiber optic,Yes,No,No,No,No,No,Two year,Yes,Mailed check,113.54,4904.1,0
CUST-13431,Female,0,No,No,41,Yes,Yes,DSL,No internet service,No,No internet service,Yes,No,Yes,Month-to-month,Yes,Bank transfer (automatic),70.75,2928.19,0
CUST-13432,Male,0,Yes,No,56,Yes,No,DSL,No internet service,Yes,No internet service,No,No,No,Month-to-month,Yes,Mailed check,91.52,5198.07,0
CUST-13433,Male,1,No,No,47,Yes,Yes,Fiber optic,No,Yes,No,No internet service,No,Yes,Two year,Yes,Bank transfer (automatic),117.0,5476.87,0
CUST-13434,Male,0,No,No,10,Yes,Yes,Fiber optic,No,No internet service,No,No,No internet service,Yes,Month-to-month,No,Mailed check,118.52,1135.09,1
CUST-13435,Female,0,No,No,33,Yes,No,Fiber optic,Yes,No internet service,Yes,Yes,Yes,No internet service,One year,No,Bank transfer (automatic),108.72,3595.91,0
CUST-13436,Male,0,Yes,Yes,50,Yes,No phone service,DSL,No,No internet service,No,No,No,No,Month-to-month,Yes,Bank transfer (automatic),70.6,3539.16,1
CUST-13437,Female,0,Yes,No,19,Yes,Yes,Fiber optic,Yes,No,No,No,Yes,Yes,Month-to-month,Yes,Bank transfer (automatic),116.98,2269.55,1
CUST-13438,Female,1,No,Yes,63,Yes,No,DSL,No,No,No internet service,No internet service,Yes,No internet service,Month-to-month,Yes,Credit card (automatic),49.44,3045.41,0
CUST-13439,Female,0,Yes,Yes,35,Yes,No phone service,DSL,Yes,No internet service,Yes,No internet service,No,Yes,Two year,Yes,Credit card (automatic),62.2,2173.15,0
CUST-13440,Female,0,No,No,23,Yes,No,No,No,No,Yes,Yes,No,No,Month-to-month,Yes,Electronic check,18.25,477.45,0
CUST-13441,Male,1,No,Yes,27,Yes,No phone service,Fiber optic,No,No internet service,Yes,Yes,No internet service,No,Month-to-month,Yes,Bank transfer (automatic),85.07,2341.23,1
CUST-13442,Male,0,Yes,Yes,45,Yes,No,Fiber optic,No,No,Yes,Yes,Yes,No,One year,Yes,Bank transfer (automatic),81.69,3734.74,1
CUST-13443,Male,0,Yes,No,51,No,No,Fiber optic,No,No,No internet service,Yes,No,Yes,Two year,Yes,Electronic check,80.55,4090.46,0
CUST-13444,Female,0,No,No,18,Yes,No,DSL,Yes,No,Yes,No,Yes,Yes,Month-to-month,No,Mailed check,70.63,1161.09,1
CUST-13445,Female,0,Yes,Yes,12,Yes,Yes,DSL,Yes,Yes,No internet service,No,No internet service,Yes,Two year,No,Electronic check,53.06,649.07,0
CUST-13446,Male,0,No,No,6,Yes,No,Fiber optic,No,Yes,Yes,No internet service,No,Yes,Month-to-month,No,Mailed check,102.51,638.38,1
CUST-13447,Female,0,No,Yes,36,Yes,No,No,No,No internet service,No internet service,Yes,No internet service,Yes,Two year,Yes,Bank transfer (automatic),45.55,1606.75,0
CUST-13448,Female,0,No,No,67,Yes,Yes,Fiber optic,Yes,No,Yes,Yes,No,No internet service,Two year,Yes,Electronic check,83.49,5611.21,0
CUST-13449,Male,0,Yes,No,70,Yes,No,No,No internet service,Yes,No,No,Yes,Yes,Two year,No,Credit card (automatic),23.19,1628.84,0
CUST-13450,Male,0,Yes,Yes,40,Yes,No,No,Yes,No internet service,No,No,No,Yes,Month-to-month,No,Credit card (automatic),29.58,1109.4,0
CUST-13451,Male,0,No,No,38,Yes,Yes,DSL,Yes,No internet service,Yes,No,No internet service,No,Month-to-month,No,Bank transfer (automatic),56.25,2189.07,0
CUST-13452,Male,0,No,No,36,Yes,Yes,No,No,No,No,Yes,Yes,Yes,Two year,No,Credit card (automatic),59.47,2065.35,0
CUST-13453,Male,0,No,No,17,Yes,Yes,Fiber optic,Yes,Yes,No internet service,No,Yes,No,Two year,No,Electronic check,118.75,2054.09,0
CUST-13454,Female,0,No,No,30,Yes,Yes,Fiber optic,No,Yes,Yes,Yes,No,No,Two year,No,Mailed check,94.81,2799.43,0
CUST-13455,Female,0,No,No,68,Yes,No,Fiber optic,Yes,No internet service,No,No,No,No internet service,One year,No,Electronic check,105.65,7193.16,0
CUST-13456,Female,0,Yes,No,44,Yes,Yes,Fiber optic,No,Yes,No,No internet service,Yes,Yes,Two year,Yes,Electronic check,107.12,4718.05,0
CUST-13457,Male,0,Yes,No,17,Yes,No,DSL,No,Yes,No,Yes,Yes,Yes,Month-to-month,Yes,Bank transfer (automatic),42.45,726.32,0
CUST-13458,Female,0,No,No,6,Yes,Yes,DSL,Yes,Yes,No,No,Yes,Yes,Month-to-month,Yes,Mailed check,98.0,642.28,1
CUST-13459,Male,0,Yes,No,54,Yes,No phone service,DSL,No,No,No,No internet service,No,No,One year,No,Credit card (automatic),80.04,4364.54,0
CUST-13460,Male,0,No,Yes,65,Yes,No,DSL,No,No,No internet service,No,No internet service,Yes,Two year,No,Mailed check,96.41,6227.47,0
CUST-13461,Female,0,Yes,No,7,Yes,Yes,DSL,No,No internet service,No,No,No,No,Month-to-month,Yes,Credit card (automatic),54.47,383.93,0
CUST-13462,Female,0,Yes,No,27,Yes,Yes,DSL,No,No internet service,Yes,Yes,No,No internet service,Two year,Yes,Bank transfer (automatic),80.47,2202.66,0
CUST-13463,Male,0,Yes,No,62,Yes,Yes,No,No internet service,No internet service,Yes,No internet service,Yes,No,Month-to-month,Yes,Mailed check,63.87,3987.12,0
CUST-13464,Male,0,No,No,18,No,Yes,DSL,Yes,Yes,No,No,No internet service,Yes,One year,No,Bank transfer (automatic),73.22,1344.92,1
CUST-13465,Female,1,No,No,13,Yes,No,No,No internet service,No,No,No internet service,No internet service,No,Month-to-month,Yes,Credit card (automatic),26.93,353.09,1
CUST-13466,Female,0,Yes,Yes,28,Yes,No,Fiber optic,No internet service,No,Yes,No internet service,No,Yes,Two year,No,Electronic check,55.1,1585.86,1
CUST-13467,Male,0,Yes,Yes,28,Yes,No,DSL,No,No internet service,No,No internet service,No,No internet service,Month-to-month,No,Mailed check,89.12,2534.39,0
CUST-13468,Female,1,Yes,No,35,Yes,No,DSL,Yes,No,No internet service,No internet service,No internet service,Yes,Month-to-month,Yes,Electronic check,86.53,3046.44,1
CUST-13469,Female,1,Yes,No,70,Yes,No,DSL,No internet service,Yes,No internet service,No internet service,No,No internet service,Two year,Yes,Bank transfer (automatic),61.13,4268.37,0
CUST-13470,Male,0,No,No,70,Yes,Yes,Fiber optic,No,No,Yes,No internet service,Yes,No internet service,Two year,No,Electronic check,106.24,7519.03,1
CUST-13471,Female,0,Yes,No,42,Yes,No,DSL,Yes,No,No,No,Yes,Yes,One year,No,Mailed check,63.79,2663.71,0
CUST-13472,Female,1,Yes,No,5,Yes,No,No,No internet service,Yes,No,No,Yes,No internet service,Two year,No,Electronic check,30.2,106.8,0
CUST-13473,Female,0,Yes,No,19,Yes,No,Fiber optic,No,No,Yes,Yes,No,No internet service,Month-to-month,No,Electronic check,98.4,1854.42,1
CUST-13474,Male,0,No,No,13,Yes,Yes,Fiber optic,No,No,Yes,No,No,No,Month-to-month,No,Bank transfer (automatic),55.14,725.34,1
CUST-13475,Male,0,No,Yes,0,Yes,Yes,Fiber optic,No,No,No internet service,Yes,Yes,No internet service,Month-to-month,No,Electronic check,94.04,0.0,1
CUST-13476,Female,0,No,No,27,Yes,Yes,Fiber optic,No internet service,Yes,No internet service,No internet service,No,No,One year,Yes,Electronic check,56.04,1471.33,1
CUST-13477,Female,0,No,No,0,Yes,Yes,No,No,No,No internet service,No internet service,No,No,Month-to-month,No,Mailed check,26.55,0.0,1
CUST-13478,Male,0,No,No,41,Yes,Yes,Fiber optic,No internet service,Yes,No internet service,No,No,No,Month-to-month,No,Mailed check,82.2,3426.23,1
CUST-13479,Female,0,Yes,Yes,20,Yes,No,DSL,Yes,Yes,No,No internet service,No,No internet service,Month-to-month,Yes,Mailed check,88.94,1710.79,1
CUST-13480,Female,0,No,No,52,No,Yes,No,No,No,No,No,No internet service,No,One year,No,Mailed check,18.25,956.24,0
CUST-13481,Male,0,No,No,38,Yes,No phone service,No,No,Yes,No,No,Yes,Yes,One year,Yes,Mailed check,64.51,2395.21,0
CUST-13482,Female,1,Yes,No,69,Yes,Yes,No,No,No,Yes,No internet service,No internet service,No,Two year,No,Electronic check,73.6,5022.84,0
CUST-13483,Male,0,No,No,35,Yes,No phone service,No,Yes,No,Yes,No internet service,Yes,No,Two year,No,Mailed check,54.76,1833.53,0
CUST-13484,Male,1,No,No,11,Yes,Yes,Fiber optic,Yes,No,No,No internet service,No,No internet service,Two year,No,Electronic check,86.37,950.13,1
CUST-13485,Male,1,No,No,67,Yes,Yes,Fiber optic,Yes,Yes,Yes,No,No,Yes,Month-to-month,Yes,Electronic check,89.4,5901.67,1
CUST-13486,Male,0,Yes,No,22,Yes,Yes,Fiber optic,No,Yes,No internet service,No,No,No,Two year,Yes,Credit card (automatic),61.18,1352.54,0
CUST-13487,Female,0,Yes,Yes,55,Yes,Yes,Fiber optic,Yes,No,No,No,No internet service,No,One year,No,Bank transfer (automatic),88.87,4880.77,0
CUST-13488,Male,0,No,No,57,Yes,Yes,No,No,Yes,No internet service,No,No internet service,No,Two year,Yes,Mailed check,56.09,3219.61,0
CUST-13489,Female,1,Yes,Yes,67,No,No,Fiber optic,No internet service,Yes,No,No internet service,Yes,No,Month-to-month,No,Mailed check,118.75,7849.37,0
CUST-13490,Male,0,Yes,Yes,46,Yes,Yes,Fiber optic,No,No,No,No,No,Yes,Month-to-month,No,Mailed check,115.61,5232.8,0
CUST-13491,Female,0,Yes,No,37,Yes,Yes,Fiber optic,No internet service,Yes,Yes,No internet service,No,Yes,One year,No,Credit card (automatic),86.6,3183.81,0
CUST-13492,Male,1,No,Yes,28,Yes,Yes,DSL,No,No,Yes,No,No,Yes,Month-to-month,Yes,Credit card (automatic),54.9,1535.69,1
CUST-13493,Female,0,No,No,32,Yes,No,Fiber optic,No internet service,Yes,No,No,Yes,No,Two year,No,Electronic check,96.72,3143.82,1
CUST-13494,Female,1,No,No,56,Yes,No,Fiber optic,No,Yes,Yes,No,No internet service,Yes,One year,Yes,Bank transfer (automatic),88.77,4962.21,0
CUST-13495,Female,0,No,No,41,Yes,Yes,DSL,No,No internet service,No internet service,No internet service,Yes,No internet service,Month-to-month,No,Electronic check,82.21,3329.23,1
CUST-13496,Male,0,Yes,Yes,3,Yes,Yes,DSL,No,No,Yes,No,No internet service,No,Month-to-month,No,Bank transfer (automatic),54.12,218.75,1
CUST-13497,Male,0,Yes,No,27,Yes,No,DSL,No,Yes,No internet service,Yes,No internet service,Yes,Month-to-month,Yes,Credit card (automatic),41.62,1091.84,1
CUST-13498,Male,0,Yes,No,66,Yes,No,DSL,No,Yes,No,No internet service,No internet service,No internet service,Month-to-month,No,Electronic check,82.67,5380.9,1
CUST-13499,Male,0,Yes,No,15,Yes,No,Fiber optic,No,No,No,Yes,No,Yes,Month-to-month,No,Electronic check,80.14,1218.48,1
CUST-13500,Male,1,No,No,34,Yes,No,Fiber optic,No,No,No internet service,No,No internet service,Yes,Month-to-month,Yes,Credit card (automatic),89.56,3045.56,1
CUST-13501,Female,0,Yes,No,61,Yes,Yes,Fiber optic,No internet service,No,No,No,Yes,Yes,One year,Yes,Mailed check,68.24,4205.17,0
CUST-13502,Male,0,Yes,No,21,Yes,No,Fiber optic,No internet service,Yes,Yes,No internet service,No,No,Month-to-month,Yes,Mailed check,111.79,2294.86,1
CUST-13503,Male,1,No,Yes,49,Yes,No,DSL,No,No internet service,Yes,Yes,No,Yes,Month-to-month,No,Mailed check,49.21,2413.34,1
CUST-13504,Male,0,No,No,57,Yes,No,No,No,No internet service,Yes,No,No,No internet service,One year,No,Electronic check,66.73,3769.47,0
CUST-13505,Female,0,Yes,No,23,No,Yes,Fiber optic,No,No,No,No,No,No,Month-to-month,No,Mailed check,88.61,2050.31,0
CUST-13506,Female,1,No,No,65,Yes,No,Fiber optic,No,No internet service,No,No,No,Yes,Two year,No,Electronic check,85.15,5499.2,0
CUST-13507,Female,0,No,No,32,Yes,No,DSL,Yes,Yes,No internet service,No,Yes,No,Month-to-month,No,Electronic check,78.23,2503.98,0
CUST-13508,Male,0,No,No,21,Yes,No,No,No internet service,Yes,Yes,No,No internet service,No internet service,One year,Yes,Electronic check,45.57,1014.62,1
CUST-13509,Male,0,No,No,16,Yes,No,Fiber optic,No,Yes,Yes,No internet service,No,No internet service,Month-to-month,Yes,Credit card (automatic),83.66,1341.76,1
CUST-13510,Female,0,Yes,No,19,No,No,No,Yes,Yes,Yes,No,No,Yes,Month-to-month,Yes,Electronic check,49.21,918.42,0
CUST-13511,Female,0,Yes,No,41,Yes,Yes,Fiber optic,Yes,Yes,No internet service,No internet service,No internet service,No internet service,Month-to-month,Yes,Bank transfer (automatic),79.9,3346.3,1
CUST-13512,Male,0,Yes,No,16,No,Yes,No,No,No internet service,No internet service,No internet service,No internet service,Yes,Month-to-month,No,Credit card (automatic),56.03,889.63,1
CUST-13513,Male,0,No,Yes,26,Yes,Yes,Fiber optic,No,No internet service,No,No,No,Yes,Month-to-month,Yes,Credit card (automatic),115.7,3019.74,1
CUST-13514,Male,0,No,No,51,Yes,No,DSL,No,No,No,Yes,No internet service,No,Month-to-month,No,Bank transfer (automatic),118.75,6098.48,0
CUST-13515,Female,0,No,No,63,Yes,No,Fiber optic,No,No,No internet service,No,No,No,Month-to-month,No,Electronic check,109.98,6919.62,1
CUST-13516,Male,0,No,No,49,Yes,No,DSL,No,Yes,No,No,Yes,No,Month-to-month,Yes,Mailed check,88.46,4328.19,1
CUST-13517,Female,0,Yes,No,38,Yes,No,No,No,Yes,No internet service,Yes,No,No,Two year,Yes,Mailed check,18.25,686.89,0
CUST-13518,Female,0,Yes,No,50,No,No,DSL,Yes,No,No internet service,Yes,Yes,Yes,Month-to-month,Yes,Credit card (automatic),71.89,3609.9,0
CUST-13519,Female,0,Yes,No,30,Yes,No,Fiber optic,Yes,No,No,Yes,No,Yes,One year,No,Bank transfer (automatic),76.36,2411.7,1
CUST-13520,Female,1,Yes,No,19,Yes,Yes,Fiber optic,No,No,No,No,Yes,No internet service,Two year,Yes,Credit card (automatic),59.33,1185.35,0
CUST-13521,Male,0,No,Yes,54,Yes,Yes,Fiber optic,No,No,Yes,Yes,No,No,Two year,Yes,Electronic check,110.57,6021.7,0
CUST-13522,Female,0,No,No,9,Yes,Yes,Fiber optic,Yes,No internet service,Yes,Yes,Yes,No,One year,No,Credit card (automatic),56.82,466.65,0
CUST-13523,Male,0,Yes,Yes,66,Yes,No,Fiber optic,No,Yes,No internet service,No,Yes,Yes,Month-to-month,Yes,Bank transfer (automatic),73.54,4832.33,1
CUST-13524,Male,0,No,No,31,No,Yes,Fiber optic,Yes,Yes,Yes,Yes,No,Yes,Two year,Yes,Credit card (automatic),55.01,1734.23,0
CUST-13525,Male,1,Yes,No,59,Yes,Yes,Fiber optic,Yes,Yes,Yes,Yes,Yes,Yes,Two year,Yes,Credit card (automatic),87.18,5050.33,0
CUST-13526,Male,0,No,Yes,7,Yes,Yes,Fiber optic,Yes,No internet service,No internet service,No,No internet service,No,One year,Yes,Bank transfer (automatic),112.74,749.42,0
CUST-13527,Male,0,Yes,Yes,36,Yes,No,No,No,No,Yes,No internet service,Yes,Yes,One year,No,Electronic check,25.52,978.83,0
CUST-13528,Male,0,No,No,30,Yes,No phone service,DSL,Yes,No,No,No,No,No,Month-to-month,Yes,Electronic check,64.35,1983.16,1
CUST-13529,Male,0,Yes,Yes,26,No,No,DSL,No internet service,No internet service,No,No,No,Yes,One year,No,Electronic check,91.02,2380.58,1
CUST-13530,Male,0,Yes,No,37,Yes,Yes,Fiber optic,No,No,Yes,Yes,No,Yes,Month-to-month,Yes,Mailed check,115.16,4296.24,1
CUST-13531,Male,1,No,No,48,Yes,No,Fiber optic,No,Yes,Yes,No,Yes,No,Month-to-month,Yes,Bank transfer (automatic),90.33,4445.52,1
CUST-13532,Male,0,Yes,Yes,68,Yes,Yes,No,No internet service,Yes,Yes,Yes,No internet service,No,Month-to-month,No,Electronic check,25.2,1700.86,0
CUST-13533,Female,0,Yes,No,59,Yes,No,No,Yes,No,Yes,No,Yes,No internet service,Month-to-month,Yes,Credit card (automatic),43.59,2679.25,1
CUST-13534,Male,0,Yes,No,16,Yes,Yes,No,No,No,Yes,No,No,No,Month-to-month,Yes,Bank transfer (automatic),41.47,687.28,1
CUST-13535,Male,0,No,Yes,71,Yes,Yes,Fiber optic,No,No internet service,No internet service,No,No,Yes,Month-to-month,Yes,Bank transfer (automatic),77.86,5518.8,0
CUST-13536,Male,0,Yes,No,36,Yes,No,Fiber optic,Yes,Yes,No internet service,No internet service,Yes,Yes,Month-to-month,Yes,Credit card (automatic),63.57,2360.29,0
CUST-13537,Male,0,No,No,33,Yes,No,DSL,Yes,No,Yes,No,No,No,Month-to-month,No,Mailed check,89.33,2909.26,1
CUST-13538,Female,0,No,No,0,Yes,No phone service,DSL,No internet service,Yes,No,Yes,Yes,Yes,Month-to-month,No,Electronic check,68.05,2.85,1
CUST-13539,Female,0,No,Yes,48,Yes,Yes,No,Yes,No internet service,No,No,No,Yes,One year,Yes,Mailed check,18.25,865.13,0
CUST-13540,Female,1,Yes,No,64,Yes,No phone service,No,No,Yes,No,Yes,Yes,No,Month-to-month,Yes,Mailed check,61.49,4014.27,0
CUST-13541,Female,0,No,No,21,Yes,Yes,DSL,No,Yes,No internet service,Yes,No,No,Month-to-month,Yes,Credit card (automatic),108.44,2258.34,1
CUST-13542,Male,1,Yes,No,63,Yes,Yes,No,Yes,No,Yes,No,No,Yes,Two year,Yes,Electronic check,55.53,3485.73,1
CUST-13543,Female,0,No,No,6,Yes,No,No,No internet service,No internet service,No internet service,No internet service,No internet service,No,One year,Yes,Electronic check,29.48,173.75,1
CUST-13544,Male,0,Yes,No,70,Yes,No,DSL,No internet service,Yes,Yes,No internet service,Yes,Yes,Two year,Yes,Bank transfer (automatic),117.23,8112.24,0
CUST-13545,Female,1,No,No,18,No,No,DSL,No internet service,Yes,No,No,No,No,One year,No,Bank transfer (automatic),74.43,1402.29,1
CUST-13546,Male,0,No,Yes,35,Yes,No,No,Yes,Yes,No internet service,No internet service,No,Yes,Two year,Yes,Credit card (automatic),65.39,2287.05,0
CUST-13547,Female,0,Yes,No,1,Yes,No,DSL,No internet service,No internet service,No,No,Yes,No,One year,Yes,Credit card (automatic),67.16,46.54,1
CUST-13548,Male,0,Yes,No,65,Yes,Yes,DSL,No,No,No,Yes,No,No,Month-to-month,Yes,Mailed check,61.92,4066.04,1
CUST-13549,Female,0,Yes,No,37,Yes,No phone service,Fiber optic,No,No internet service,Yes,No,No,Yes,Month-to-month,Yes,Credit card (automatic),104.57,3857.91,1
CUST-13550,Male,1,No,No,70,Yes,No,No,No,Yes,No,No,Yes,Yes,One year,Yes,Credit card (automatic),30.6,2160.09,1
CUST-13551,Female,0,Yes,No,27,Yes,No,No,No,No,Yes,Yes,No,No internet service,Two year,Yes,Electronic check,41.28,1070.27,0
CUST-13552,Female,0,No,Yes,4,Yes,No,Fiber optic,No,No,No,No,No,No internet service,Month-to-month,Yes,Bank transfer (automatic),87.59,317.68,1
CUST-13553,Female,0,No,No,49,Yes,Yes,No,No,Yes,Yes,Yes,Yes,Yes,Month-to-month,Yes,Mailed check,75.35,3705.7,1
CUST-13554,Male,0,No,No,11,Yes,No,Fiber optic,No,No,No,No,No,No,Month-to-month,Yes,Bank transfer (automatic),61.82,650.67,1
CUST-13555,Male,0,Yes,No,44,Yes,No,Fiber optic,Yes,No,No,No,No,No internet service,Month-to-month,No,Electronic check,111.21,4813.55,1
CUST-13556,Female,1,Yes,No,2,Yes,No,DSL,Yes,Yes,Yes,No,No internet service,Yes,One year,Yes,Credit card (automatic),90.44,252.29,1
CUST-13557,Male,0,Yes,Yes,12,Yes,No,Fiber optic,No,No,No,No,No,No,Month-to-month,No,Mailed check,101.71,1149.53,1
CUST-13558,Male,1,No,No,46,Yes,No,Fiber optic,No,No,Yes,Yes,Yes,No,Month-to-month,No,Mailed check,103.96,4824.73,1
CUST-13559,Male,0,Yes,No,49,Yes,No,DSL,No,No,No,No,No,Yes,Two year,Yes,Bank transfer (automatic),52.38,2557.14,0
CUST-13560,Male,0,Yes,No,11,Yes,No,Fiber optic,No,No,No internet service,Yes,No,Yes,Month-to-month,Yes,Electronic check,61.9,736.75,1
CUST-13561,Male,0,Yes,No,13,Yes,Yes,DSL,No,No internet service,No,Yes,No internet service,No internet service,Two year,No,Credit card (automatic),38.64,504.86,0
CUST-13562,Male,0,No,No,62,Yes,No,DSL,Yes,No,No,No,No,No,Two year,Yes,Credit card (automatic),67.14,4157.36,0
CUST-13563,Female,1,No,Yes,0,Yes,No,Fiber optic,No,No,No internet service,No,Yes,No,Two year,Yes,Electronic check,96.03,23.67,1
CUST-13564,Female,0,Yes,No,16,Yes,No,DSL,Yes,Yes,No,No,No,No,Month-to-month,Yes,Electronic check,55.15,884.44,1
CUST-13565,Male,0,Yes,No,70,Yes,No,DSL,No internet service,No,No internet service,Yes,Yes,No,Month-to-month,Yes,Bank transfer (automatic),86.36,6056.07,1
CUST-13566,Male,0,Yes,No,39,Yes,Yes,No,No,Yes,Yes,No internet service,No,No internet service,Two year,No,Mailed check,46.52,1809.73,0
CUST-13567,Male,0,Yes,Yes,1,Yes,Yes,No,No internet service,Yes,No,No internet service,No,No,One year,Yes,Electronic check,49.83,94.07,1
CUST-13568,Female,0,No,No,65,Yes,Yes,Fiber optic,Yes,No,No,No internet service,No,No,Month-to-month,Yes,Mailed check,102.06,6600.79,0
CUST-13569,Male,1,Yes,No,24,Yes,No,DSL,No,No internet service,No,Yes,Yes,Yes,Two year,No,Electronic check,74.97,1870.05,1
CUST-13570,Female,0,No,No,52,Yes,No,Fiber optic,No,Yes,Yes,Yes,Yes,Yes,One year,Yes,Electronic check,66.06,3453.75,0
CUST-13571,Female,0,No,No,46,Yes,No,Fiber optic,Yes,No,Yes,No,Yes,No internet service,Two year,No,Electronic check,118.75,5517.66,0
CUST-13572,Female,0,No,No,26,Yes,No,DSL,No,Yes,No,Yes,No,No,Month-to-month,No,Credit card (automatic),85.66,2193.25,1
CUST-13573,Male,0,Yes,No,27,Yes,No,DSL,Yes,Yes,No internet service,No,No,No,One year,No,Credit card (automatic),52.46,1516.68,1
CUST-13574,Female,0,No,No,40,Yes,No,Fiber optic,No,No,No,No,No internet service,Yes,Month-to-month,Yes,Credit card (automatic),85.48,3450.25,1
CUST-13575,Female,0,Yes,No,27,Yes,No phone service,Fiber optic,No,Yes,No internet service,No internet service,Yes,No,Month-to-month,No,Electronic check,93.19,2613.52,1
CUST-13576,Female,0,Yes,No,12,Yes,Yes,DSL,No,No internet service,No,No,No,Yes,One year,Yes,Bank transfer (automatic),50.88,593.91,1
CUST-13577,Female,0,No,Yes,52,Yes,No,DSL,No,Yes,No internet service,Yes,Yes,No,Month-to-month,Yes,Bank transfer (automatic),90.38,4647.98,1
CUST-13578,Female,1,Yes,No,49,Yes,Yes,Fiber optic,No,No,Yes,Yes,No internet service,No,Month-to-month,No,Bank transfer (automatic),67.39,3296.23,0
CUST-13579,Male,1,Yes,No,43,Yes,Yes,Fiber optic,Yes,Yes,No internet service,Yes,No,No internet service,Month-to-month,No,Electronic check,118.75,5147.23,1
CUST-13580,Female,0,Yes,Yes,54,No,No,Fiber optic,No,Yes,No internet service,Yes,Yes,Yes,Two year,Yes,Electronic check,108.51,5923.32,0
CUST-13581,Female,0,Yes,No,37,Yes,Yes,No,No,No,No internet service,Yes,No,No,Two year,No,Electronic check,36.19,1311.26,0
CUST-13582,Male,0,No,Yes,67,Yes,No,DSL,No,No,No internet service,Yes,No internet service,No internet service,Month-to-month,No,Electronic check,53.48,3638.49,0
CUST-13583,Male,0,No,No,64,Yes,Yes,No,No,Yes,No internet service,Yes,Yes,Yes,One year,No,Bank transfer (automatic),52.64,3388.2,0
CUST-13584,Female,0,No,No,71,No,Yes,Fiber optic,Yes,Yes,Yes,Yes,Yes,No,Month-to-month,Yes,Electronic check,61.84,4439.18,1
CUST-13585,Male,0,Yes,Yes,7,Yes,Yes,Fiber optic,No,Yes,No internet service,No internet service,No,Yes,Month-to-month,Yes,Mailed check,86.34,549.33,1
CUST-13586,Male,0,Yes,Yes,7,Yes,No,Fiber optic,Yes,No internet service,Yes,No,Yes,No,Month-to-month,No,Bank transfer (automatic),89.39,588.32,1
CUST-13587,Female,1,Yes,Yes,34,Yes,No,Fiber optic,No,No internet service,No internet service,No internet service,Yes,No,Month-to-month,Yes,Mailed check,97.31,3244.31,1
CUST-13588,Female,1,No,Yes,50,Yes,No,Fiber optic,No,Yes,No,No,Yes,No internet service,Month-to-month,No,Mailed check,109.42,5470.78,0
CUST-13589,Female,0,No,Yes,17,Yes,No,Fiber optic,No,Yes,Yes,No,Yes,No internet service,Month-to-month,Yes,Credit card (automatic),106.73,1864.46,1
CUST-13590,Male,0,No,No,8,Yes,Yes,Fiber optic,Yes,Yes,Yes,No,No,No internet service,Month-to-month,Yes,Bank transfer (automatic),109.1,937.25,0
CUST-13591,Male,0,No,No,2,Yes,No,DSL,No,No,Yes,No,No internet service,No,One year,Yes,Bank transfer (automatic),82.35,131.64,1
CUST-13592,Female,0,No,No,40,Yes,Yes,Fiber optic,No,Yes,No,No,Yes,No,Two year,Yes,Electronic check,93.0,3742.25,1
CUST-13593,Female,0,Yes,Yes,71,No,Yes,No,No,Yes,No,No,No internet service,No,Month-to-month,No,Bank transfer (automatic),36.6,2620.38,1
CUST-13594,Male,1,No,Yes,33,No,No,Fiber optic,No,No,No,Yes,No,No,Month-to-month,Yes,Mailed check,50.37,1575.74,1
CUST-13595,Male,0,No,Yes,53,Yes,No,DSL,No,No,No,No internet service,Yes,No internet service,One year,No,Credit card (automatic),77.66,4131.32,0
CUST-13596,Male,0,No,Yes,3,Yes,No,No,Yes,No,Yes,No,No,Yes,Two year,No,Bank transfer (automatic),25.5,0.0,0
CUST-13597,Female,0,Yes,No,15,Yes,Yes,No,No,No,No,Yes,No,No,One year,Yes,Credit card (automatic),52.14,777.02,1
CUST-13598,Male,0,No,Yes,49,Yes,No,Fiber optic,No internet service,Yes,No,No,Yes,Yes,Two year,Yes,Bank transfer (automatic),44.69,2157.19,1
CUST-13599,Female,0,Yes,No,29,No,No,Fiber optic,No internet service,Yes,No,Yes,Yes,Yes,Month-to-month,Yes,Electronic check,65.53,1929.97,1
CUST-13600,Male,0,No,No,1,Yes,No,DSL,Yes,No,Yes,No internet service,No,No internet service,Month-to-month,Yes,Bank transfer (automatic),59.63,95.38,1
CUST-13601,Female,0,No,Yes,16,Yes,No phone service,Fiber optic,No internet service,No,No,No,No,No,One year,No,Credit card (automatic),118.75,1968.97,1
CUST-13602,Male,0,No,Yes,57,Yes,No,No,Yes,Yes,No internet service,No,No,No,Month-to-month,Yes,Electronic check,34.93,1994.78,1
CUST-13603,Female,0,Yes,No,49,Yes,Yes,DSL,No,Yes,No internet service,Yes,Yes,No,Month-to-month,Yes,Electronic check,66.08,3254.61,1
CUST-13604,Female,0,Yes,No,59,Yes,No,DSL,No,Yes,Yes,No,No,Yes,Two year,No,Electronic check,76.01,4442.23,0
CUST-13605,Male,0,No,Yes,25,Yes,No,No,No,No internet service,No internet service,Yes,No internet service,No,Month-to-month,Yes,Bank transfer (automatic),65.61,1609.95,0
CUST-13606,Male,1,No,No,67,Yes,No,Fiber optic,No,Yes,Yes,No,No,Yes,Two year,Yes,Electronic check,75.3,5019.11,0
CUST-13607,Female,0,No,No,67,Yes,No,No,Yes,No internet service,Yes,No,No,No,Two year,No,Credit card (automatic),18.25,1216.32,0
CUST-13608,Female,0,Yes,No,26,Yes,No phone service,Fiber optic,No,No internet service,Yes,Yes,No,No,Month-to-month,No,Bank transfer (automatic),58.69,1627.46,0
CUST-13609,Female,0,No,No,15,Yes,Yes,DSL,No,No,No,No,No,No,Two year,No,Bank transfer (automatic),68.1,1028.27,0
CUST-13610,Female,0,No,No,70,Yes,No,No,No,No internet service,No internet service,No,No internet service,Yes,One year,Yes,Electronic check,80.28,5687.61,1
CUST-13611,Female,0,Yes,No,25,Yes,Yes,DSL,No,Yes,No internet service,No internet service,Yes,Yes,Two year,No,Mailed check,54.65,1396.14,1
CUST-13612,Female,0,Yes,No,36,Yes,No,Fiber optic,Yes,Yes,No,No,Yes,No,Month-to-month,Yes,Electronic check,105.33,3832.35,1
CUST-13613,Male,0,No,No,68,Yes,No phone service,DSL,No,No,No,No,Yes,No,Month-to-month,No,Mailed check,64.69,4408.47,1
CUST-13614,Female,1,Yes,No,19,Yes,No,Fiber optic,No,No,Yes,No internet service,No internet service,No internet service,Month-to-month,Yes,Electronic check,85.92,1626.79,1
CUST-13615,Male,0,No,No,64,Yes,No,DSL,Yes,No internet service,No internet service,No,Yes,No,Month-to-month,No,Mailed check,51.73,3319.18,0
CUST-13616,Male,0,No,Yes,11,Yes,Yes,No,No internet service,No,Yes,Yes,No internet service,No internet service,One year,No,Mailed check,57.44,592.63,1
CUST-13617,Male,1,Yes,No,21,Yes,Yes,No,No,Yes,Yes,No,Yes,No,Two year,No,Mailed check,61.32,1258.49,0
CUST-13618,Male,0,Yes,No,28,Yes,No,DSL,No,Yes,No internet service,No,No,Yes,Two year,No,Mailed check,41.16,1152.2,0
CUST-13619,Male,0,No,No,35,Yes,No,Fiber optic,No,No,Yes,Yes,No,No,Month-to-month,Yes,Credit card (automatic),73.17,2566.51,1
CUST-13620,Female,0,No,Yes,17,Yes,Yes,Fiber optic,No,No,Yes,No internet service,No internet service,No,Month-to-month,Yes,Credit card (automatic),87.44,1385.79,1
CUST-13621,Male,0,No,No,64,Yes,No,No,No,No,No internet service,No internet service,Yes,No,Month-to-month,Yes,Bank transfer (automatic),60.24,3804.71,1
CUST-13622,Male,0,No,Yes,48,Yes,No,Fiber optic,No internet service,No internet service,Yes,No,No,No internet service,Month-to-month,Yes,Electronic check,118.75,5730.28,0
CUST-13623,Male,0,No,No,48,Yes,Yes,No,Yes,Yes,Yes,Yes,No internet service,No,Month-to-month,Yes,Electronic check,36.65,1796.56,0
CUST-13624,Female,0,No,No,53,Yes,Yes,No,Yes,No,No,Yes,No internet service,No,Month-to-month,Yes,Credit card (automatic),18.25,885.75,0
CUST-13625,Female,1,No,No,46,Yes,Yes,Fiber optic,Yes,Yes,Yes,No,No internet service,Yes,Month-to-month,Yes,Bank transfer (automatic),78.17,3604.76,0
CUST-13626,Female,0,No,No,46,Yes,No,Fiber optic,No internet service,No,No internet service,Yes,No internet service,Yes,Month-to-month,No,Bank transfer (automatic),96.84,4625.97,0
CUST-13627,Male,0,Yes,Yes,48,Yes,No,Fiber optic,No,No,No,No,Yes,Yes,Month-to-month,Yes,Electronic check,99.48,4831.99,1
CUST-13628,Female,0,Yes,Yes,52,Yes,No,Fiber optic,No,No,No,No,Yes,Yes,Month-to-month,Yes,Credit card (automatic),85.76,4400.91,1
CUST-13629,Female,0,No,No,67,Yes,Yes,Fiber optic,Yes,No,Yes,No,No,No,Month-to-month,No,Electronic check,68.32,4585.81,0
CUST-13630,Male,0,Yes,Yes,14,Yes,No,DSL,No,Yes,Yes,Yes,Yes,Yes,Month-to-month,Yes,Mailed check,82.27,1162.16,1
CUST-13631,Female,0,No,No,37,Yes,Yes,Fiber optic,No internet service,No internet service,No internet service,No,No internet service,Yes,One year,Yes,Electronic check,91.82,3387.3,1
CUST-13632,Male,1,No,No,13,Yes,No,No,No,No,Yes,Yes,No,No,Two year,No,Mailed check,54.71,761.18,0
CUST-13633,Female,0,Yes,Yes,13,No,Yes,Fiber optic,Yes,No internet service,Yes,No,Yes,No internet service,Month-to-month,No,Electronic check,75.22,1035.26,0
CUST-13634,Female,0,Yes,No,69,Yes,No phone service,Fiber optic,No internet service,Yes,Yes,No,No internet service,Yes,Month-to-month,No,Electronic check,106.87,7347.1,1
CUST-13635,Male,0,No,No,34,No,No,DSL,No internet service,Yes,No,No,Yes,No,One year,No,Electronic check,78.74,2709.13,1
CUST-13636,Female,0,Yes,No,51,Yes,Yes,DSL,No,No,No internet service,No internet service,No,Yes,Month-to-month,Yes,Electronic check,72.84,3679.44,0
CUST-13637,Male,0,No,No,53,Yes,Yes,DSL,No,No,Yes,No internet service,No,No internet service,Two year,Yes,Electronic check,95.74,5068.37,0
CUST-13638,Male,0,No,No,2,Yes,Yes,Fiber optic,No,No,Yes,No internet service,No internet service,No,Month-to-month,Yes,Mailed check,82.86,246.04,1
CUST-13639,Female,0,No,No,35,No,Yes,Fiber optic,No,Yes,No internet service,No,No,No,Two year,Yes,Electronic check,107.68,3722.57,0
CUST-13640,Female,0,No,Yes,13,Yes,Yes,Fiber optic,No internet service,No,Yes,No internet service,Yes,No,Month-to-month,Yes,Mailed check,78.42,1060.95,1
CUST-13641,Female,0,No,Yes,22,Yes,No,DSL,No,No,No,No,Yes,No internet service,Two year,No,Electronic check,52.12,1082.19,0
CUST-13642,Female,0,Yes,No,13,Yes,No,DSL,No,Yes,No,No,No,No,Month-to-month,No,Mailed check,74.59,939.71,1
CUST-13643,Male,0,Yes,Yes,48,Yes,Yes,No,Yes,No,No,No,No,No internet service,Two year,Yes,Bank transfer (automatic),18.25,842.7,0
CUST-13644,Female,0,Yes,No,9,Yes,No,DSL,No,No,Yes,No internet service,Yes,Yes,Month-to-month,Yes,Mailed check,81.86,693.28,1
CUST-13645,Female,0,No,No,32,Yes,No,No,Yes,Yes,No internet service,No internet service,No,No,Month-to-month,No,Mailed check,70.58,2188.03,0
CUST-13646,Female,0,Yes,No,22,Yes,No,Fiber optic,No,No internet service,Yes,Yes,No,Yes,One year,No,Credit card (automatic),118.75,2548.04,1
CUST-13647,Female,0,Yes,No,70,Yes,No,No,No internet service,No internet service,No,Yes,Yes,Yes,Month-to-month,No,Mailed check,70.43,4839.02,0
CUST-13648,Female,1,Yes,Yes,57,No,No,Fiber optic,Yes,No,No,No,Yes,No,One year,No,Mailed check,118.75,6727.37,1
CUST-13649,Female,0,Yes,Yes,25,Yes,No,No,No,No internet service,No internet service,No internet service,Yes,Yes,Month-to-month,Yes,Mailed check,55.97,1353.04,1
CUST-13650,Male,0,Yes,No,21,Yes,No,Fiber optic,No,No,No,No internet service,No,Yes,Month-to-month,No,Electronic check,117.93,2474.11,1
CUST-13651,Male,1,No,No,52,Yes,No phone service,DSL,Yes,Yes,No,Yes,No internet service,Yes,One year,Yes,Mailed check,78.78,4163.4,0
CUST-13652,Male,0,Yes,No,46,Yes,Yes,No,No,Yes,Yes,Yes,Yes,Yes,One year,No,Electronic check,78.36,3629.0,0
CUST-13653,Female,0,No,Yes,40,Yes,Yes,DSL,No internet service,No,No,No,No,No,One year,Yes,Electronic check,31.78,1287.02,1
CUST-13654,Female,0,Yes,No,5,Yes,No,Fiber optic,No,Yes,No,Yes,No internet service,Yes,Month-to-month,No,Bank transfer (automatic),67.71,303.02,1
CUST-13655,Male,0,Yes,No,5,Yes,Yes,Fiber optic,No,No internet service,No,Yes,No,No internet service,One year,No,Electronic check,82.55,435.6,0
CUST-13656,Female,0,Yes,No,46,Yes,Yes,No,No,No internet service,No,No,No internet service,Yes,Month-to-month,Yes,Mailed check,67.64,3141.06,1
CUST-13657,Female,1,No,Yes,34,Yes,Yes,Fiber optic,No,No,No internet service,Yes,Yes,No internet service,Month-to-month,No,Bank transfer (automatic),104.47,3520.33,1
CUST-13658,Male,0,No,No,60,Yes,No,No,Yes,No,Yes,No internet service,No,No,One year,Yes,Credit card (automatic),31.19,1923.79,0
CUST-13659,Male,0,Yes,No,2,Yes,No,DSL,Yes,No internet service,No internet service,No internet service,No,No,Month-to-month,No,Bank transfer (automatic),46.65,75.5,1
CUST-13660,Female,0,No,No,13,Yes,No,No,Yes,No,No,Yes,Yes,No,Month-to-month,Yes,Credit card (automatic),47.36,598.88,1
CUST-13661,Male,1,Yes,Yes,57,Yes,Yes,No,No,Yes,Yes,No,No,Yes,Month-to-month,Yes,Electronic check,40.58,2330.59,0
CUST-13662,Female,0,No,No,71,No,No,Fiber optic,Yes,No internet service,No,No,No,No,One year,Yes,Electronic check,81.88,5748.31,0
CUST-13663,Female,1,No,No,53,Yes,Yes,DSL,No,No,No,No,Yes,Yes,Month-to-month,Yes,Mailed check,69.46,3653.44,1
CUST-13664,Female,0,Yes,No,0,Yes,Yes,Fiber optic,No,Yes,No,No internet service,No,No internet service,Month-to-month,Yes,Bank transfer (automatic),85.34,0.0,1
CUST-13665,Male,0,Yes,No,3,No,No,DSL,No internet service,Yes,No,Yes,No,No internet service,Month-to-month,No,Electronic check,94.35,250.69,1
CUST-13666,Female,0,Yes,Yes,64,Yes,Yes,Fiber optic,No internet service,No internet service,No,No internet service,Yes,Yes,Two year,Yes,Bank transfer (automatic),107.94,6931.67,0
CUST-13667,Male,0,No,No,36,No,No,DSL,No,Yes,No,No,No,No,Two year,Yes,Mailed check,66.21,2342.41,1
CUST-13668,Male,0,Yes,No,36,Yes,No,Fiber optic,No,No internet service,No,Yes,No internet service,Yes,Two year,No,Bank transfer (automatic),82.24,2930.01,0
CUST-13669,Male,1,No,No,70,Yes,No,Fiber optic,Yes,No internet service,Yes,No,No internet service,Yes,Month-to-month,Yes,Credit card (automatic),105.91,7458.02,1
CUST-13670,Male,0,Yes,No,18,Yes,No,Fiber optic,No,Yes,No internet service,No,Yes,Yes,Month-to-month,Yes,Electronic check,95.45,1716.08,1
CUST-13671,Male,0,No,No,20,Yes,No,No,No,Yes,Yes,Yes,No,No,Two year,Yes,Electronic check,68.59,1406.31,0
CUST-13672,Female,0,Yes,Yes,50,Yes,Yes,DSL,No,No,No,No internet service,No,No,One year,No,Bank transfer (automatic),85.03,4278.39,0
CUST-13673,Male,0,No,No,66,Yes,No phone service,Fiber optic,No,Yes,No,Yes,No,Yes,Two year,No,Mailed check,89.38,5985.98,0
CUST-13674,Female,0,Yes,No,26,Yes,Yes,No,Yes,No,No internet service,Yes,Yes,No,Month-to-month,No,Credit card (automatic),54.07,1381.25,0
CUST-13675,Male,0,Yes,Yes,11,Yes,No,Fiber optic,No,No internet service,No,No,Yes,Yes,Two year,No,Electronic check,52.11,508.57,0
CUST-13676,Male,0,Yes,No,4,Yes,No phone service,Fiber optic,No,No,Yes,No,Yes,No,Two year,Yes,Mailed check,77.45,226.9,1
CUST-13677,Female,1,No,Yes,0,No,Yes,No,Yes,No,Yes,No,Yes,Yes,One year,Yes,Bank transfer (automatic),79.46,0.0,1
CUST-13678,Female,0,Yes,No,27,Yes,No,Fiber optic,No internet service,No internet service,No,No,Yes,Yes,Month-to-month,Yes,Bank transfer (automatic),110.84,3044.32,0
CUST-13679,Female,0,No,No,38,Yes,No,No,No,No internet service,No,No,Yes,Yes,Two year,No,Electronic check,44.92,1738.12,1
CUST-13680,Female,0,No,No,35,Yes,No,No,No,No internet service,No,No,Yes,No,Month-to-month,No,Bank transfer (automatic),27.79,962.26,1
CUST-13681,Male,1,Yes,No,17,Yes,Yes,DSL,No,Yes,No internet service,No,Yes,No,One year,Yes,Mailed check,88.16,1605.6,1
CUST-13682,Male,0,Yes,Yes,49,Yes,No,No,Yes,Yes,No,Yes,Yes,Yes,Month-to-month,No,Credit card (automatic),18.25,828.7,0
CUST-13683,Female,0,Yes,No,64,Yes,Yes,Fiber optic,No,No,No internet service,No,No internet service,Yes,Month-to-month,Yes,Bank transfer (automatic),99.58,6421.68,1
CUST-13684,Female,0,Yes,No,16,Yes,Yes,No,No,Yes,Yes,No internet service,Yes,No,Month-to-month,Yes,Electronic check,51.0,787.59,1
CUST-13685,Male,0,Yes,Yes,49,Yes,No,Fiber optic,No,No,No internet service,No,No internet service,No,Month-to-month,Yes,Mailed check,84.53,4229.29,1
CUST-13686,Male,1,No,Yes,39,Yes,No,No,No,No internet service,Yes,No,No,Yes,Two year,No,Electronic check,71.14,2753.86,0
CUST-13687,Female,1,Yes,No,50,Yes,No,Fiber optic,No,No internet service,No internet service,No,No,No internet service,Two year,No,Bank transfer (automatic),108.08,5457.48,1
CUST-13688,Female,0,Yes,No,1,No,No,Fiber optic,No,Yes,Yes,Yes,Yes,No,Month-to-month,No,Credit card (automatic),105.43,95.12,1
CUST-13689,Male,0,No,Yes,49,Yes,No,Fiber optic,No,No internet service,No,Yes,No internet service,No internet service,One year,Yes,Bank transfer (automatic),118.75,5944.74,1
CUST-13690,Male,0,Yes,Yes,54,Yes,No,No,No,No,No,Yes,Yes,No internet service,Month-to-month,Yes,Mailed check,38.91,2112.39,0
CUST-13691,Female,0,No,No,49,Yes,Yes,DSL,Yes,No,No,No,Yes,No,One year,Yes,Electronic check,64.3,3150.78,0
CUST-13692,Male,1,No,No,61,Yes,No,DSL,No internet service,Yes,No internet service,Yes,Yes,Yes,Month-to-month,Yes,Electronic check,76.33,4672.88,0
CUST-13693,Male,0,Yes,No,54,No,No,No,Yes,Yes,No,Yes,Yes,No,Month-to-month,Yes,Credit card (automatic),86.1,4683.79,0
CUST-13694,Male,0,No,No,71,Yes,Yes,Fiber optic,Yes,No internet service,Yes,No internet service,Yes,No,Two year,No,Mailed check,57.11,4135.35,0
CUST-13695,Female,0,No,No,48,No,No,DSL,No internet service,No,No,No,No internet service,Yes,Two year,Yes,Bank transfer (automatic),64.41,3165.47,0
CUST-13696,Male,0,No,Yes,32,Yes,Yes,Fiber optic,No,No internet service,Yes,No,No,Yes,Month-to-month,Yes,Credit card (automatic),77.64,2385.09,1
CUST-13697,Male,0,No,No,60,Yes,No,No,No,Yes,Yes,Yes,No internet service,Yes,Month-to-month,Yes,Electronic check,59.92,3581.44,0
CUST-13698,Male,0,No,No,50,Yes,Yes,No,No,Yes,Yes,No,No,No,Month-to-month,Yes,Credit card (automatic),27.11,1324.31,0
CUST-13699,Female,0,No,No,40,Yes,No,DSL,Yes,Yes,No,Yes,Yes,No,One year,No,Electronic check,76.34,3091.6,0
CUST-13700,Male,0,No,No,42,Yes,No,No,No,No,No internet service,Yes,No,No internet service,Two year,No,Bank transfer (automatic),84.24,3509.23,0
CUST-13701,Male,0,No,No,25,Yes,No phone service,Fiber optic,No,No,Yes,No internet service,Yes,No,Month-to-month,Yes,Electronic check,65.28,1732.03,1
CUST-13702,Male,1,No,No,44,Yes,No,Fiber optic,Yes,No,No internet service,No,No internet service,Yes,Month-to-month,No,Credit card (automatic),72.75,3158.63,0
CUST-13703,Female,0,No,Yes,34,Yes,No,Fiber optic,No,Yes,No internet service,No internet service,No,No internet service,Two year,Yes,Mailed check,92.53,3072.13,0
CUST-13704,Female,0,Yes,Yes,9,Yes,No,DSL,Yes,Yes,No,No,Yes,No internet service,Month-to-month,Yes,Mailed check,93.33,849.06,1
CUST-13705,Female,0,No,No,32,Yes,Yes,Fiber optic,No,Yes,No,Yes,No,No,Month-to-month,No,Bank transfer (automatic),93.79,3039.08,1
CUST-13706,Male,0,Yes,No,69,Yes,Yes,DSL,No,Yes,No internet service,No,No,No internet service,Two year,Yes,Credit card (automatic),94.17,6447.96,0
CUST-13707,Female,0,Yes,Yes,24,Yes,Yes,DSL,No internet service,No internet service,No,Yes,No internet service,No,Month-to-month,Yes,Electronic check,93.89,2316.63,0
CUST-13708,Male,0,Yes,No,49,Yes,Yes,Fiber optic,No internet service,Yes,No internet service,Yes,No,Yes,Two year,No,Credit card (automatic),67.33,3267.5,1
CUST-13709,Female,0,Yes,No,30,Yes,No,No,No internet service,Yes,No,Yes,No,Yes,Month-to-month,No,Credit card (automatic),47.17,1397.47,1
CUST-13710,Male,0,No,No,20,No,Yes,Fiber optic,No internet service,No internet service,Yes,No internet service,No,No,One year,Yes,Mailed check,49.9,1003.73,1
CUST-13711,Female,1,Yes,No,28,Yes,No,Fiber optic,No internet service,No internet service,No,No,Yes,No internet service,Two year,Yes,Electronic check,100.55,2786.78,0
CUST-13712,Female,0,No,Yes,70,Yes,Yes,DSL,No internet service,No,Yes,No,Yes,Yes,Month-to-month,No,Electronic check,117.61,8330.31,0
CUST-13713,Male,0,No,No,8,Yes,Yes,No,Yes,Yes,Yes,No,No,No internet service,Month-to-month,Yes,Mailed check,38.2,240.33,1
CUST-13714,Female,0,Yes,No,48,Yes,No,Fiber optic,No,No,Yes,Yes,No internet service,Yes,Month-to-month,Yes,Credit card (automatic),83.69,3942.61,1
CUST-13715,Male,0,Yes,No,60,Yes,No,No,No,Yes,No,No,No,No,Month-to-month,Yes,Credit card (automatic),35.94,2119.67,0
CUST-13716,Male,0,No,No,13,No,No phone service,DSL,No internet service,Yes,Yes,Yes,No internet service,No,Month-to-month,Yes,Mailed check,104.81,1304.72,1
CUST-13717,Male,1,No,Yes,55,Yes,No,Fiber optic,No,No,Yes,Yes,No,Yes,Month-to-month,Yes,Electronic check,102.87,5577.91,1
CUST-13718,Female,0,Yes,Yes,46,Yes,No,DSL,Yes,No internet service,Yes,No,No,Yes,One year,No,Bank transfer (automatic),69.06,3189.66,0
CUST-13719,Male,0,Yes,Yes,24,Yes,Yes,DSL,Yes,Yes,No,Yes,Yes,Yes,Month-to-month,Yes,Electronic check,47.55,1082.1,0
CUST-13720,Female,0,Yes,No,12,Yes,No,Fiber optic,Yes,No,Yes,No,No,No,One year,No,Bank transfer (automatic),84.4,1005.78,0
CUST-13721,Female,0,Yes,No,68,Yes,Yes,No,No,No,No internet service,No,Yes,Yes,Month-to-month,No,Mailed check,28.75,1929.81,0
CUST-13722,Female,0,Yes,No,14,Yes,No phone service,DSL,No,No,No internet service,No,No,No,Month-to-month,Yes,Bank transfer (automatic),72.92,1089.14,1
CUST-13723,Female,0,No,No,69,Yes,Yes,Fiber optic,Yes,Yes,No,No internet service,No,No,Month-to-month,No,Electronic check,92.89,6345.98,1
CUST-13724,Male,0,Yes,Yes,47,Yes,No,Fiber optic,Yes,No internet service,Yes,No,No,Yes,Two year,Yes,Electronic check,72.79,3442.75,0
CUST-13725,Female,0,Yes,No,62,Yes,Yes,Fiber optic,No,Yes,No,No,No internet service,Yes,Month-to-month,Yes,Electronic check,82.2,5092.99,0
CUST-13726,Male,0,No,No,21,No,No,Fiber optic,No internet service,Yes,Yes,No,No,No,Month-to-month,Yes,Credit card (automatic),109.67,2268.76,1
CUST-13727,Female,0,No,Yes,2,Yes,Yes,Fiber optic,No,Yes,No internet service,Yes,No,No internet service,One year,No,Credit card (automatic),77.36,149.46,1
CUST-13728,Male,0,Yes,No,47,Yes,No,No,Yes,No,Yes,No internet service,No,No,Month-to-month,No,Credit card (automatic),81.67,3858.63,0
CUST-13729,Female,0,No,No,27,Yes,No phone service,Fiber optic,No,No internet service,Yes,No,Yes,No,Month-to-month,No,Bank transfer (automatic),100.43,2635.46,1
CUST-13730,Female,0,No,No,40,Yes,Yes,No,Yes,Yes,Yes,No,Yes,Yes,Month-to-month,Yes,Mailed check,56.99,2287.86,1
CUST-13731,Female,0,Yes,Yes,33,Yes,No,Fiber optic,No,Yes,No internet service,Yes,Yes,No internet service,Month-to-month,No,Electronic check,99.54,3285.61,1
CUST-13732,Male,1,Yes,No,23,Yes,Yes,No,No internet service,No internet service,Yes,No internet service,No internet service,No,Two year,Yes,Bank transfer (automatic),18.25,460.29,1
CUST-13733,Female,0,No,No,52,Yes,Yes,No,Yes,No,Yes,No,Yes,Yes,Month-to-month,No,Electronic check,68.79,3598.76,0
CUST-13734,Male,0,No,No,36,No,Yes,DSL,No internet service,No internet service,Yes,Yes,No internet service,No,Month-to-month,Yes,Bank transfer (automatic),98.46,3626.75,0
CUST-13735,Male,1,No,Yes,46,Yes,No,Fiber optic,No,No,No internet service,No,Yes,Yes,One year,No,Mailed check,100.97,4699.91,0
CUST-13736,Male,0,Yes,Yes,49,Yes,Yes,No,Yes,No,No,No,No,Yes,Month-to-month,No,Electronic check,22.26,1079.61,1
CUST-13737,Female,0,No,No,49,Yes,No,Fiber optic,Yes,No,No internet service,No,No,No,Month-to-month,No,Bank transfer (automatic),99.16,4928.82,1
CUST-13738,Female,0,Yes,No,24,No,No,Fiber optic,Yes,Yes,No internet service,Yes,No,Yes,One year,Yes,Credit card (automatic),69.35,1674.51,1
CUST-13739,Female,0,No,Yes,56,Yes,Yes,Fiber optic,Yes,No,No,No,No,Yes,Two year,Yes,Mailed check,104.27,5892.48,0
CUST-13740,Male,0,No,No,16,Yes,Yes,No,No,No,Yes,Yes,No,No,Month-to-month,Yes,Electronic check,62.26,992.76,0
CUST-13741,Male,0,Yes,Yes,69,Yes,Yes,DSL,No internet service,No,No internet service,Yes,Yes,Yes,Month-to-month,Yes,Bank transfer (automatic),67.7,4690.3,0
CUST-13742,Female,0,Yes,No,59,Yes,Yes,Fiber optic,Yes,No,No,No,Yes,Yes,Month-to-month,Yes,Mailed check,95.06,5520.22,1
CUST-13743,Male,0,No,No,40,Yes,No phone service,Fiber optic,No internet service,Yes,No,No,No,Yes,Month-to-month,Yes,Bank transfer (automatic),96.14,3855.98,0
CUST-13744,Male,0,No,No,13,Yes,Yes,DSL,No,No,No,No,No,No,Two year,No,Credit card (automatic),100.63,1338.04,0
CUST-13745,Female,0,Yes,No,65,Yes,No,DSL,No,No,No,No internet service,No internet service,No internet service,Month-to-month,Yes,Electronic check,84.79,5541.8,0
CUST-13746,Male,0,No,No,40,Yes,No phone service,Fiber optic,No,No internet service,No internet service,Yes,Yes,No,One year,Yes,Electronic check,70.68,2741.49,1
CUST-13747,Female,0,Yes,No,59,Yes,Yes,No,No internet service,Yes,No internet service,No,Yes,No internet service,Month-to-month,No,Mailed check,18.25,1058.04,1
CUST-13748,Female,0,Yes,Yes,2,Yes,No,No,No internet service,No,No,No,No,No internet service,Month-to-month,Yes,Electronic check,77.66,115.52,1
CUST-13749,Female,0,Yes,No,24,No,No,No,Yes,No,Yes,No,No,No internet service,One year,No,Electronic check,23.79,568.78,1
CUST-13750,Female,0,No,No,21,Yes,No,No,No,Yes,No internet service,Yes,No,No,Month-to-month,Yes,Mailed check,26.95,458.41,0
CUST-13751,Female,0,Yes,No,59,Yes,Yes,DSL,Yes,No,Yes,No,Yes,No,Month-to-month,Yes,Mailed check,65.92,3852.37,0
CUST-13752,Female,0,No,No,33,Yes,No,Fiber optic,Yes,No,No,No,Yes,No,Two year,No,Mailed check,81.27,2685.54,0
CUST-13753,Male,1,Yes,Yes,8,Yes,No phone service,DSL,Yes,No,Yes,Yes,Yes,Yes,Two year,Yes,Bank transfer (automatic),43.6,325.5,0
CUST-13754,Male,0,No,Yes,44,Yes,No,Fiber optic,No,Yes,No,Yes,Yes,Yes,Month-to-month,Yes,Credit card (automatic),91.33,4102.9,1
CUST-13755,Male,0,No,No,11,Yes,No,No,Yes,No internet service,No,No,Yes,No internet service,One year,Yes,Credit card (automatic),25.16,258.13,0
CUST-13756,Female,0,Yes,No,32,Yes,No,DSL,No internet service,Yes,No,No,Yes,No,Month-to-month,Yes,Mailed check,82.93,2649.9,0
CUST-13757,Female,1,Yes,Yes,72,No,No,Fiber optic,No,No,No internet service,Yes,No,No internet service,One year,Yes,Bank transfer (automatic),99.86,7104.58,1
CUST-13758,Male,0,Yes,Yes,31,Yes,Yes,Fiber optic,No,No,No internet service,Yes,Yes,Yes,Two year,No,Mailed check,112.09,3424.37,0
CUST-13759,Female,0,Yes,Yes,31,Yes,No phone service,DSL,No,Yes,No,No,No,Yes,One year,No,Bank transfer (automatic),84.18,2651.59,0
CUST-13760,Male,0,No,No,2,Yes,Yes,No,No,Yes,Yes,No,No internet service,Yes,Two year,Yes,Mailed check,63.0,95.9,1
CUST-13761,Female,0,No,Yes,33,Yes,No,Fiber optic,Yes,Yes,No,No,Yes,No,Month-to-month,Yes,Electronic check,60.48,1989.82,0
CUST-13762,Female,1,Yes,No,69,Yes,Yes,Fiber optic,No,No,No,No,Yes,Yes,Month-to-month,No,Mailed check,73.55,5047.56,0
CUST-13763,Female,0,No,No,69,Yes,No,No,Yes,No,No,Yes,Yes,No internet service,Month-to-month,No,Credit card (automatic),46.95,3273.64,0
CUST-13764,Male,0,Yes,No,70,Yes,No,DSL,Yes,No internet service,No internet service,Yes,Yes,No,One year,Yes,Electronic check,92.19,6392.96,1
CUST-13765,Male,0,Yes,No,26,Yes,No,Fiber optic,No,Yes,No,No,Yes,Yes,Month-to-month,No,Bank transfer (automatic),89.03,2284.99,1
CUST-13766,Female,0,Yes,Yes,4,Yes,Yes,Fiber optic,Yes,No internet service,Yes,Yes,No internet service,Yes,Month-to-month,No,Electronic check,84.54,359.25,0
CUST-13767,Female,0,Yes,No,17,Yes,No,Fiber optic,No,No internet service,No,No,Yes,No,One year,Yes,Bank transfer (automatic),101.71,1712.36,1
CUST-13768,Female,0,No,No,15,Yes,Yes,Fiber optic,No,Yes,Yes,No,Yes,No internet service,One year,Yes,Mailed check,51.66,677.71,1
CUST-13769,Male,0,Yes,No,5,Yes,Yes,Fiber optic,No,No,Yes,No,Yes,No internet service,One year,Yes,Bank transfer (automatic),69.55,343.16,1
CUST-13770,Male,0,No,No,51,Yes,No,DSL,No,No internet service,No,No,Yes,No,Month-to-month,Yes,Credit card (automatic),78.56,3921.24,1
CUST-13771,Male,0,Yes,No,38,Yes,No phone service,DSL,Yes,Yes,Yes,Yes,Yes,No,Two year,Yes,Electronic check,75.69,2872.47,0
CUST-13772,Female,0,No,Yes,52,Yes,No phone service,No,Yes,No,No,No,No internet service,No internet service,Month-to-month,No,Bank transfer (automatic),59.44,3132.52,0
CUST-13773,Male,1,Yes,No,14,Yes,No,DSL,No,No,No internet service,Yes,Yes,No,One year,Yes,Electronic check,80.3,1093.36,1
CUST-13774,Male,0,Yes,No,50,Yes,No,No,No,No,Yes,Yes,No,Yes,Month-to-month,No,Credit card (automatic),57.95,2946.97,0
CUST-13775,Male,0,Yes,No,4,Yes,Yes,DSL,No internet service,No internet service,No,Yes,Yes,Yes,Month-to-month,Yes,Mailed check,63.37,285.87,1
CUST-13776,Female,0,Yes,Yes,52,No,Yes,No,Yes,No,No,No,No,Yes,Month-to-month,Yes,Electronic check,76.68,4027.85,0
CUST-13777,Female,0,Yes,Yes,59,Yes,No,No,No internet service,Yes,No,No internet service,No internet service,Yes,Month-to-month,Yes,Bank transfer (automatic),28.86,1617.47,0
CUST-13778,Female,0,Yes,Yes,18,Yes,No,DSL,Yes,No,No internet service,No,Yes,No internet service,Month-to-month,Yes,Bank transfer (automatic),70.22,1248.8,1
CUST-13779,Male,0,No,No,23,Yes,No,Fiber optic,No,Yes,No internet service,No,No,No,Month-to-month,No,Mailed check,90.64,2115.27,1
CUST-13780,Male,0,Yes,No,31,Yes,Yes,No,No internet service,No,Yes,No,No,No,Month-to-month,Yes,Credit card (automatic),62.75,1916.29,1
CUST-13781,Male,0,No,No,42,Yes,Yes,Fiber optic,No internet service,No,No,No,Yes,No internet service,Month-to-month,No,Credit card (automatic),71.36,2906.44,0
CUST-13782,Male,0,No,Yes,38,Yes,Yes,No,No,No,Yes,No,Yes,No,Two year,No,Mailed check,48.32,1884.91,0
CUST-13783,Female,0,No,Yes,7,Yes,No,DSL,Yes,No internet service,Yes,No internet service,Yes,No internet service,Month-to-month,Yes,Bank transfer (automatic),95.83,714.55,1
CUST-13784,Female,0,No,Yes,27,Yes,Yes,No,No,No,No,No internet service,Yes,No,Two year,No,Electronic check,49.9,1413.05,0
CUST-13785,Female,0,Yes,Yes,36,Yes,No,Fiber optic,No,No,Yes,No,Yes,Yes,Month-to-month,No,Electronic check,93.3,3261.94,0
CUST-13786,Male,0,No,No,44,Yes,No,Fiber optic,Yes,No internet service,No,Yes,No,Yes,One year,Yes,Credit card (automatic),82.34,3610.56,1
CUST-13787,Male,0,No,Yes,46,Yes,Yes,Fiber optic,Yes,Yes,No,No,Yes,Yes,Two year,Yes,Electronic check,90.04,4118.14,1
CUST-13788,Female,0,No,No,48,Yes,Yes,DSL,No,No,No,Yes,No,No internet service,One year,Yes,Electronic check,74.42,3519.97,0
CUST-13789,Male,1,Yes,No,32,Yes,No,Fiber optic,No,No,No internet service,No,Yes,No internet service,Month-to-month,No,Bank transfer (automatic),98.21,3149.01,1
CUST-13790,Male,0,No,No,36,No,Yes,DSL,No,No,No internet service,No,Yes,Yes,One year,Yes,Mailed check,50.34,1825.76,0
CUST-13791,Male,0,Yes,No,24,Yes,No,No,Yes,No internet service,No,No,Yes,No,Two year,No,Credit card (automatic),47.25,1117.62,0
CUST-13792,Male,0,No,No,19,Yes,No phone service,Fiber optic,No internet service,No internet service,No,No internet service,No,Yes,Month-to-month,No,Credit card (automatic),92.8,1843.13,0
CUST-13793,Female,0,Yes,No,22,Yes,Yes,Fiber optic,No internet service,No,Yes,No internet service,Yes,No,One year,Yes,Mailed check,106.0,2230.05,1
CUST-13794,Female,0,Yes,Yes,32,Yes,Yes,No,No,No internet service,Yes,Yes,No,Yes,Month-to-month,Yes,Credit card (automatic),63.38,2047.58,1
CUST-13795,Male,0,No,No,7,Yes,No,No,Yes,Yes,Yes,No,No,Yes,Two year,Yes,Bank transfer (automatic),77.92,477.82,0
CUST-13796,Female,0,No,Yes,15,Yes,No,No,Yes,No,No internet service,No internet service,Yes,No internet service,Month-to-month,No,Mailed check,50.46,760.51,0
CUST-13797,Male,0,Yes,No,8,Yes,No phone service,DSL,No,No internet service,No,No internet service,Yes,Yes,One year,Yes,Mailed check,48.95,411.66,1
CUST-13798,Male,0,No,No,29,Yes,Yes,No,No internet service,No,No,No,No internet service,No,Month-to-month,Yes,Credit card (automatic),48.51,1471.12,1
CUST-13799,Male,0,No,No,36,Yes,No,DSL,No,No,No,Yes,Yes,No,Two year,Yes,Electronic check,42.6,1517.3,0
CUST-13800,Female,0,No,Yes,11,Yes,No,Fiber optic,No,No internet service,No,No,No,Yes,Month-to-month,No,Mailed check,57.45,638.37,0
CUST-13801,Female,0,No,Yes,10,Yes,Yes,No,No internet service,Yes,No internet service,No,No,No,Two year,Yes,Mailed check,37.27,258.26,1
CUST-13802,Female,0,Yes,Yes,38,Yes,No,DSL,No,No,Yes,Yes,No,No internet service,Month-to-month,Yes,Mailed check,79.68,3083.55,1
CUST-13803,Male,0,Yes,No,16,Yes,Yes,DSL,No internet service,No,No internet service,No internet service,No,No,Two year,Yes,Bank transfer (automatic),53.55,884.85,0
CUST-13804,Male,1,No,No,63,Yes,Yes,Fiber optic,No,No,No,No,Yes,Yes,Month-to-month,Yes,Electronic check,116.61,7352.79,1
CUST-13805,Female,0,Yes,No,12,Yes,Yes,Fiber optic,No,No internet service,Yes,No internet service,No,No internet service,Two year,Yes,Bank transfer (automatic),94.42,1139.79,0
CUST-13806,Male,0,No,No,35,Yes,Yes,Fiber optic,Yes,No,No,Yes,No internet service,Yes,Month-to-month,No,Credit card (automatic),114.79,3983.52,0
CUST-13807,Male,1,No,Yes,58,Yes,No,No,Yes,Yes,No,No internet service,No,No internet service,Two year,Yes,Mailed check,84.79,4893.31,0
CUST-13808,Female,0,No,No,7,Yes,Yes,No,No internet service,No internet service,Yes,No,Yes,No internet service,Month-to-month,No,Mailed check,69.73,450.31,1
CUST-13809,Female,0,Yes,No,32,Yes,Yes,No,No,Yes,Yes,No,No internet service,No internet service,Month-to-month,Yes,Electronic check,40.38,1246.49,0
CUST-13810,Male,0,No,No,34,Yes,Yes,DSL,No,No,No,No internet service,No,No,Two year,No,Bank transfer (automatic),53.98,1843.43,0
CUST-13811,Male,0,No,No,40,Yes,No,Fiber optic,No,No internet service,No,No internet service,No,No internet service,Month-to-month,Yes,Bank transfer (automatic),71.06,2912.28,0
CUST-13812,Female,0,Yes,No,64,Yes,No phone service,No,Yes,No internet service,No,No,No,No internet service,Month-to-month,Yes,Bank transfer (automatic),52.75,3351.54,0
CUST-13813,Male,0,Yes,Yes,42,Yes,Yes,DSL,No internet service,No,No,No internet service,No,No internet service,Month-to-month,Yes,Credit card (automatic),66.16,2784.58,1
CUST-13814,Male,0,Yes,No,27,Yes,No phone service,Fiber optic,Yes,No internet service,No,No internet service,No,No,Month-to-month,No,Mailed check,69.26,1860.27,1
CUST-13815,Male,0,Yes,No,28,Yes,No,DSL,No,No,No internet service,No,No,Yes,One year,No,Mailed check,86.84,2421.26,0
CUST-13816,Male,0,No,No,45,Yes,No phone service,DSL,No,Yes,No internet service,Yes,No internet service,No internet service,Month-to-month,Yes,Credit card (automatic),85.19,3818.32,1
CUST-13817,Female,0,No,Yes,21,Yes,No,DSL,No,No,Yes,No,No internet service,Yes,One year,No,Bank transfer (automatic),56.55,1265.78,0
CUST-13818,Female,0,Yes,No,49,Yes,No,Fiber optic,No,No,Yes,No,No internet service,No,Two year,Yes,Bank transfer (automatic),78.82,3856.75,0
CUST-13819,Female,1,No,No,27,Yes,No,Fiber optic,No internet service,No internet service,No,No,No internet service,No,Month-to-month,No,Bank transfer (automatic),60.51,1678.34,1
CUST-13820,Male,0,Yes,Yes,4,Yes,No,DSL,No internet service,No,Yes,Yes,Yes,Yes,Two year,No,Electronic check,76.65,303.83,0
CUST-13821,Male,1,Yes,No,39,No,No,Fiber optic,No internet service,Yes,No internet service,No internet service,Yes,Yes,Month-to-month,Yes,Electronic check,80.85,3239.05,1
CUST-13822,Female,0,Yes,No,18,Yes,No,DSL,No,Yes,Yes,No internet service,Yes,Yes,One year,Yes,Electronic check,94.59,1766.95,1
CUST-13823,Male,0,No,No,26,No,No,DSL,No,No,Yes,No,No,Yes,One year,Yes,Bank transfer (automatic),74.59,1979.35,0
CUST-13824,Female,0,No,Yes,23,No,No,No,No internet service,No internet service,No internet service,No internet service,No,No internet service,One year,Yes,Mailed check,34.58,831.26,1
CUST-13825,Female,0,No,No,9,Yes,No,Fiber optic,Yes,No,Yes,Yes,No internet service,No,Month-to-month,No,Credit card (automatic),90.13,842.63,1
CUST-13826,Male,0,No,No,21,Yes,No,No,No internet service,Yes,Yes,No,No,Yes,Month-to-month,Yes,Electronic check,43.82,895.95,1
CUST-13827,Female,1,Yes,No,66,Yes,No,DSL,Yes,Yes,No internet service,No,No,Yes,Month-to-month,Yes,Bank transfer (automatic),59.45,3936.23,0
CUST-13828,Female,0,No,No,23,Yes,No,DSL,No internet service,No,Yes,No,No internet service,Yes,Month-to-month,No,Electronic check,71.63,1764.68,1
CUST-13829,Male,0,Yes,No,53,Yes,Yes,No,No,No,No,No,No internet service,No,Month-to-month,Yes,Mailed check,23.04,1242.85,1
CUST-13830,Female,0,Yes,No,29,Yes,No phone service,DSL,No,No internet service,No,No,Yes,Yes,One year,Yes,Credit card (automatic),77.38,2213.99,1
CUST-13831,Male,0,No,No,4,Yes,Yes,Fiber optic,No internet service,No internet service,Yes,No,No,Yes,Two year,Yes,Mailed check,93.9,302.49,1
CUST-13832,Female,0,Yes,No,61,Yes,Yes,Fiber optic,Yes,No,Yes,Yes,No internet service,No internet service,Month-to-month,Yes,Mailed check,110.77,6732.63,0
CUST-13833,Female,1,Yes,No,66,Yes,Yes,Fiber optic,No,No,Yes,Yes,No,No,Two year,Yes,Bank transfer (automatic),92.71,6060.81,0
CUST-13834,Male,0,Yes,Yes,17,Yes,Yes,No,No,Yes,No,No,Yes,Yes,One year,No,Electronic check,29.6,521.46,0
CUST-13835,Female,0,Yes,No,12,Yes,No,No,No internet service,No,No internet service,No,Yes,No,One year,Yes,Electronic check,18.25,150.63,1
CUST-13836,Male,0,No,Yes,67,No,Yes,DSL,No,No,No,No,No,Yes,Month-to-month,Yes,Bank transfer (automatic),52.39,3434.63,0
CUST-13837,Female,0,Yes,No,7,Yes,Yes,DSL,Yes,Yes,No,No,No,Yes,Two year,Yes,Mailed check,80.91,576.04,0
CUST-13838,Female,1,No,Yes,64,Yes,Yes,Fiber optic,Yes,Yes,No,No internet service,No internet service,Yes,One year,Yes,Credit card (automatic),113.93,7215.1,0
CUST-13839,Female,1,No,No,12,Yes,Yes,DSL,No internet service,No internet service,No,Yes,Yes,No,Month-to-month,No,Credit card (automatic),76.46,927.37,1
CUST-13840,Female,0,No,No,63,Yes,No phone service,Fiber optic,No internet service,No,No,No,No internet service,Yes,Month-to-month,Yes,Bank transfer (automatic),73.1,4685.16,1
CUST-13841,Male,1,Yes,No,68,Yes,No,Fiber optic,No internet service,No,No internet service,No internet service,No internet service,No,Month-to-month,Yes,Credit card (automatic),94.38,6437.97,0
CUST-13842,Female,0,No,No,17,Yes,Yes,No,Yes,No,No,No internet service,No,No,Two year,Yes,Mailed check,18.25,345.35,1
CUST-13843,Male,0,Yes,Yes,16,No,No,No,No,No,No,No,No,Yes,Two year,Yes,Electronic check,50.41,836.33,0
CUST-13844,Female,0,Yes,No,7,Yes,No,DSL,No,Yes,Yes,No,Yes,No,One year,No,Mailed check,86.65,510.3,0
CUST-13845,Male,0,No,No,57,No,No,DSL,No,No internet service,No,Yes,Yes,No,Month-to-month,Yes,Credit card (automatic),58.94,3249.16,1
CUST-13846,Female,0,Yes,No,25,Yes,Yes,No,No internet service,Yes,No,No internet service,Yes,No internet service,Month-to-month,Yes,Bank transfer (automatic),69.36,1756.01,1
CUST-13847,Male,0,No,No,46,Yes,No,DSL,Yes,Yes,No,No internet service,Yes,No,Month-to-month,Yes,Bank transfer (automatic),103.07,4775.15,1
CUST-13848,Female,0,Yes,No,44,No,Yes,DSL,No,No,No internet service,No,Yes,Yes,Two year,No,Electronic check,86.18,3814.87,0
CUST-13849,Male,1,No,Yes,37,Yes,Yes,DSL,No,No,Yes,Yes,No,No internet service,Month-to-month,No,Bank transfer (automatic),82.4,3063.72,1
CUST-13850,Female,1,No,Yes,17,Yes,No phone service,Fiber optic,No,No,No,Yes,Yes,No,One year,No,Bank transfer (automatic),20.4,312.41,0
CUST-13851,Male,0,No,No,26,Yes,Yes,DSL,No,No internet service,No internet service,No,No internet service,Yes,Month-to-month,No,Bank transfer (automatic),80.99,2125.43,1
CUST-13852,Male,0,Yes,No,36,Yes,Yes,DSL,No,Yes,Yes,No,No internet service,Yes,Month-to-month,No,Bank transfer (automatic),94.27,3437.97,1
CUST-13853,Male,0,Yes,No,6,Yes,Yes,DSL,Yes,Yes,No,No,Yes,No,Month-to-month,No,Mailed check,72.5,410.64,1
CUST-13854,Male,0,No,No,29,Yes,No,No,No,Yes,Yes,No,No internet service,Yes,Month-to-month,Yes,Electronic check,66.29,1881.81,1
CUST-13855,Female,0,No,No,51,Yes,Yes,DSL,No,Yes,No,No internet service,No,No internet service,Month-to-month,Yes,Electronic check,77.78,3898.32,1
CUST-13856,Male,0,Yes,No,30,Yes,Yes,No,No,No internet service,No internet service,No internet service,No internet service,Yes,Two year,No,Electronic check,50.87,1460.09,0
CUST-13857,Male,0,Yes,No,28,Yes,Yes,Fiber optic,No internet service,No,No,No,No,Yes,Two year,No,Credit card (automatic),99.64,2768.33,1
CUST-13858,Male,0,No,Yes,61,Yes,Yes,Fiber optic,No,Yes,No,No,Yes,No,One year,No,Mailed check,86.24,5269.03,0
CUST-13859,Male,0,No,No,39,Yes,No,No,No,No,No,No,No,No internet service,Month-to-month,No,Electronic check,34.69,1422.86,1
CUST-13860,Female,0,No,No,53,Yes,Yes,Fiber optic,No internet service,No,Yes,No,No,Yes,One year,No,Credit card (automatic),84.91,4470.52,0
CUST-13861,Female,1,No,Yes,3,Yes,No,DSL,No,No internet service,Yes,No,No internet service,No,Two year,Yes,Bank transfer (automatic),67.93,143.15,1
CUST-13862,Male,0,Yes,No,67,Yes,Yes,Fiber optic,No,No,No,No internet service,No,No,Month-to-month,No,Mailed check,97.61,6552.77,0
CUST-13863,Female,0,Yes,No,56,Yes,No phone service,DSL,No internet service,No,No internet service,Yes,No,No,One year,Yes,Electronic check,57.11,3171.17,0
CUST-13864,Female,0,No,No,60,Yes,No,DSL,No internet service,Yes,No,No internet service,No,Yes,Month-to-month,No,Electronic check,98.23,5954.98,0
CUST-13865,Female,0,No,Yes,50,Yes,Yes,No,Yes,No internet service,No,Yes,No internet service,Yes,Month-to-month,Yes,Mailed check,56.46,2858.8,1
CUST-13866,Female,0,Yes,Yes,39,Yes,Yes,No,Yes,No internet service,Yes,No,No,No internet service,One year,No,Credit card (automatic),73.96,2912.89,0
CUST-13867,Female,0,No,No,38,Yes,No,Fiber optic,No,No,Yes,No internet service,No,No,Two year,Yes,Bank transfer (automatic),84.95,3158.23,0
CUST-13868,Male,0,Yes,Yes,45,No,No,Fiber optic,No,No,Yes,No,Yes,Yes,Two year,Yes,Electronic check,63.5,2826.99,0
CUST-13869,Female,0,Yes,Yes,36,Yes,Yes,Fiber optic,No,No,No internet service,No internet service,No internet service,No,Two year,Yes,Electronic check,65.37,2403.63,1
CUST-13870,Male,0,No,No,53,Yes,Yes,DSL,Yes,No,No,No internet service,No internet service,Yes,Two year,No,Bank transfer (automatic),62.02,3275.51,0
CUST-13871,Male,0,Yes,Yes,24,Yes,No,DSL,No,No,No internet service,No,No,Yes,One year,Yes,Mailed check,53.8,1180.21,1
CUST-13872,Female,0,Yes,No,56,Yes,Yes,Fiber optic,No,No,Yes,Yes,No internet service,No,Month-to-month,Yes,Bank transfer (automatic),58.64,3367.05,0
CUST-13873,Male,0,No,No,24,Yes,Yes,DSL,No,No internet service,No,Yes,No,Yes,Month-to-month,Yes,Credit card (automatic),78.74,1873.9,1
CUST-13874,Female,0,Yes,Yes,34,Yes,Yes,DSL,Yes,No,Yes,No internet service,No,No,Two year,Yes,Bank transfer (automatic),81.75,2795.08,0
CUST-13875,Female,0,Yes,No,4,Yes,No,Fiber optic,Yes,Yes,No internet service,No,No internet service,Yes,Month-to-month,No,Bank transfer (automatic),85.5,362.62,1
CUST-13876,Female,0,No,Yes,65,Yes,Yes,Fiber optic,No,No,Yes,No,No,Yes,Month-to-month,Yes,Credit card (automatic),118.05,7666.94,0
CUST-13877,Male,0,Yes,Yes,50,Yes,Yes,DSL,Yes,No,Yes,Yes,No,Yes,Two year,Yes,Mailed check,74.44,3781.32,0
CUST-13878,Male,0,No,No,18,Yes,Yes,No,No,Yes,Yes,Yes,No internet service,Yes,Month-to-month,Yes,Bank transfer (automatic),43.41,772.94,1
CUST-13879,Male,0,Yes,No,3,Yes,No,Fiber optic,No,No,Yes,No,No internet service,No,Month-to-month,Yes,Credit card (automatic),84.07,235.99,1
CUST-13880,Female,0,Yes,No,62,No,No,Fiber optic,No,Yes,Yes,Yes,No,No,Month-to-month,No,Credit card (automatic),104.99,6632.09,0
CUST-13881,Male,0,No,No,0,Yes,No,DSL,No internet service,No,No internet service,No,Yes,No,Month-to-month,No,Mailed check,47.73,0.0,1
CUST-13882,Female,0,Yes,No,35,Yes,No,Fiber optic,Yes,Yes,No internet service,No internet service,No internet service,No internet service,Two year,Yes,Electronic check,53.33,1874.4,0
CUST-13883,Male,0,No,No,2,Yes,No,Fiber optic,Yes,No,No,No,Yes,Yes,Month-to-month,Yes,Electronic check,94.25,207.47,1
CUST-13884,Male,1,No,No,50,Yes,No,Fiber optic,No internet service,No internet service,No internet service,No,No,No,Two year,No,Credit card (automatic),94.22,4741.69,0
CUST-13885,Male,1,No,No,14,Yes,No phone service,Fiber optic,No,Yes,No,Yes,No,No,Month-to-month,No,Bank transfer (automatic),101.82,1523.02,1
CUST-13886,Male,0,Yes,No,31,Yes,No,DSL,Yes,Yes,No internet service,No,No internet service,Yes,Month-to-month,No,Bank transfer (automatic),74.48,2315.88,1
CUST-13887,Male,0,Yes,Yes,41,Yes,Yes,DSL,No,No,Yes,No,No,No,Two year,Yes,Electronic check,110.19,4462.49,0
CUST-13888,Male,0,No,No,27,Yes,No,No,No,No,No,Yes,No,No,Month-to-month,Yes,Mailed check,66.48,1807.38,0
CUST-13889,Female,0,Yes,No,49,Yes,Yes,DSL,No,No internet service,Yes,No,No,Yes,Month-to-month,No,Electronic check,28.98,1417.65,0
CUST-13890,Female,0,No,Yes,37,Yes,Yes,Fiber optic,No internet service,No,No internet service,No,No,No,One year,Yes,Electronic check,62.56,2373.45,0
CUST-13891,Female,0,No,No,30,Yes,Yes,No,Yes,No internet service,Yes,No internet service,No,Yes,Month-to-month,Yes,Credit card (automatic),18.25,582.66,0
CUST-13892,Male,0,Yes,No,23,Yes,No,DSL,No,Yes,Yes,No,Yes,Yes,Month-to-month,No,Bank transfer (automatic),76.56,1750.66,1
CUST-13893,Male,0,Yes,Yes,29,Yes,No phone service,No,No,Yes,Yes,No internet service,No,No internet service,Two year,Yes,Bank transfer (automatic),53.82,1537.36,0
CUST-13894,Female,0,No,No,23,Yes,No,No,No,No internet service,No,No,Yes,No internet service,One year,No,Bank transfer (automatic),84.18,1956.47,0
CUST-13895,Female,0,No,No,42,Yes,No,Fiber optic,No,Yes,No,Yes,No internet service,No internet service,Month-to-month,Yes,Bank transfer (automatic),75.21,3172.87,1
CUST-13896,Female,1,Yes,No,55,Yes,Yes,Fiber optic,No internet service,No,No,Yes,Yes,No,Month-to-month,No,Credit card (automatic),72.04,3882.79,0
CUST-13897,Male,0,No,No,43,Yes,No phone service,No,No,No,No internet service,No internet service,No internet service,Yes,Month-to-month,Yes,Credit card (automatic),55.06,2297.24,1
CUST-13898,Male,0,No,No,2,Yes,Yes,DSL,No internet service,No internet service,No,Yes,Yes,No,Month-to-month,Yes,Electronic check,54.39,132.35,1
CUST-13899,Female,1,Yes,No,61,Yes,No phone service,Fiber optic,Yes,No,No,No internet service,No,No internet service,Two year,No,Electronic check,84.91,5130.68,0
CUST-13900,Female,0,Yes,No,57,Yes,Yes,Fiber optic,No,No internet service,No,No internet service,No,No internet service,Month-to-month,No,Electronic check,108.47,6113.16,0
CUST-13901,Female,0,No,Yes,59,Yes,Yes,No,No internet service,No,No internet service,No internet service,No,No internet service,Two year,No,Credit card (automatic),65.53,3882.29,0
CUST-13902,Female,0,No,Yes,3,Yes,No,Fiber optic,Yes,Yes,No,No,No,No,One year,Yes,Credit card (automatic),111.29,273.42,1
CUST-13903,Male,0,No,No,60,Yes,Yes,Fiber optic,No internet service,Yes,Yes,Yes,No,No,Month-to-month,Yes,Credit card (automatic),63.89,3819.35,0
CUST-13904,Female,0,Yes,No,34,Yes,Yes,DSL,No,No,No,Yes,Yes,No,Two year,Yes,Electronic check,86.16,2966.34,0
CUST-13905,Female,0,No,No,61,Yes,No,DSL,No internet service,Yes,No,No,No,No,Month-to-month,No,Bank transfer (automatic),75.19,4528.44,1
CUST-13906,Female,0,No,Yes,57,Yes,No,No,Yes,Yes,No internet service,No,No,No,Month-to-month,No,Electronic check,97.37,5575.93,0
CUST-13907,Female,0,No,Yes,64,Yes,Yes,Fiber optic,No,No,No,No,No,No,Month-to-month,No,Electronic check,104.39,6720.84,1
CUST-13908,Male,1,Yes,Yes,8,Yes,No,Fiber optic,No,No,No,No,No,No,Two year,No,Credit card (automatic),90.16,669.87,0
CUST-13909,Female,0,Yes,No,40,Yes,No,Fiber optic,No internet service,No,No,No internet service,No,No internet service,One year,No,Bank transfer (automatic),110.57,4498.17,1
CUST-13910,Male,0,No,Yes,53,Yes,Yes,DSL,Yes,No internet service,No,Yes,Yes,Yes,Month-to-month,Yes,Mailed check,86.65,4553.25,0
CUST-13911,Female,0,Yes,No,43,Yes,No,DSL,No,Yes,Yes,No,No,Yes,One year,Yes,Electronic check,90.23,3894.83,1
CUST-13912,Male,0,Yes,No,59,Yes,No,DSL,No,No internet service,No internet service,No,No,Yes,Month-to-month,No,Electronic check,85.24,4976.21,1
CUST-13913,Female,0,No,No,53,Yes,No,No,No internet service,No,Yes,No internet service,Yes,No,Month-to-month,No,Mailed check,42.5,2211.14,0
CUST-13914,Female,0,Yes,No,2,Yes,Yes,DSL,No internet service,No internet service,Yes,No internet service,Yes,No internet service,Two year,Yes,Mailed check,67.33,206.4,0
CUST-13915,Male,1,No,Yes,14,Yes,No,Fiber optic,No internet service,No,No,No internet service,Yes,No,One year,Yes,Electronic check,104.08,1542.33,1
CUST-13916,Male,0,No,No,46,Yes,No,No,Yes,Yes,Yes,No internet service,No internet service,No,One year,Yes,Electronic check,37.61,1776.63,0
CUST-13917,Female,0,No,No,26,Yes,No,No,No internet service,No,Yes,No internet service,No,No,One year,Yes,Bank transfer (automatic),53.63,1369.42,0
CUST-13918,Male,0,Yes,Yes,26,Yes,No,Fiber optic,No,No internet service,No internet service,No internet service,Yes,Yes,Month-to-month,Yes,Bank transfer (automatic),100.23,2553.35,1
CUST-13919,Female,0,No,No,66,Yes,No,Fiber optic,No,No,No,No,No internet service,No,Two year,No,Mailed check,78.75,5105.47,0
CUST-13920,Female,0,No,No,6,Yes,Yes,No,Yes,No internet service,No internet service,No,No,No,Month-to-month,Yes,Mailed check,59.14,363.83,0
CUST-13921,Female,0,No,Yes,38,Yes,No,No,No internet service,Yes,Yes,No,No,No internet service,Month-to-month,No,Credit card (automatic),50.77,1840.17,0
CUST-13922,Male,0,Yes,No,22,Yes,No,No,No,No internet service,Yes,No internet service,No internet service,No,Month-to-month,Yes,Electronic check,42.58,917.84,0
CUST-13923,Male,0,Yes,Yes,3,Yes,No,Fiber optic,No internet service,No internet service,Yes,No,No,No internet service,Two year,No,Electronic check,105.64,340.55,0
CUST-13924,Female,0,No,Yes,27,Yes,No,Fiber optic,No,No internet service,Yes,No internet service,No,Yes,One year,Yes,Electronic check,65.02,1707.22,0
CUST-13925,Female,0,Yes,Yes,29,Yes,Yes,Fiber optic,No,No,No,Yes,No,Yes,Month-to-month,No,Electronic check,64.9,1876.52,0
CUST-13926,Female,0,No,No,33,Yes,No,No,Yes,No internet service,No internet service,No,Yes,No,Month-to-month,Yes,Electronic check,51.12,1662.22,0
CUST-13927,Male,1,Yes,No,11,Yes,No,Fiber optic,Yes,No,No,Yes,No,No internet service,Month-to-month,Yes,Electronic check,67.77,768.31,1
CUST-13928,Female,0,Yes,No,53,Yes,Yes,DSL,No internet service,No,No,No internet service,Yes,No internet service,Month-to-month,Yes,Electronic check,101.0,5351.1,1
CUST-13929,Female,1,No,No,26,Yes,Yes,Fiber optic,No,No internet service,No,No internet service,Yes,No internet service,Month-to-month,Yes,Electronic check,83.56,2136.92,1
CUST-13930,Female,0,No,No,41,Yes,No,Fiber optic,Yes,Yes,Yes,No,No,No,Month-to-month,Yes,Bank transfer (automatic),62.31,2484.84,1
CUST-13931,Male,0,No,No,39,Yes,No,DSL,No,No internet service,Yes,No,No,No internet service,Month-to-month,Yes,Mailed check,72.03,2905.08,1
CUST-13932,Female,0,Yes,No,41,Yes,No,DSL,No internet service,No,No,Yes,Yes,No,Two year,No,Electronic check,110.82,4510.05,0
CUST-13933,Female,0,No,No,36,Yes,Yes,DSL,No,Yes,Yes,No internet service,No internet service,No,Month-to-month,No,Electronic check,57.55,2025.49,1
CUST-13934,Male,0,No,No,21,Yes,No,Fiber optic,No,No,No,No,Yes,No,Two year,Yes,Mailed check,77.8,1692.05,1
CUST-13935,Female,0,Yes,No,35,Yes,Yes,DSL,No internet service,No,No,Yes,No internet service,No,Two year,Yes,Electronic check,86.31,3012.38,0
CUST-13936,Female,1,Yes,Yes,38,Yes,No,Fiber optic,Yes,Yes,Yes,No internet service,No,No,Month-to-month,Yes,Credit card (automatic),118.29,4541.47,1
CUST-13937,Male,0,Yes,No,1,Yes,No,No,No,No,Yes,Yes,Yes,Yes,Month-to-month,No,Electronic check,30.23,29.17,0
CUST-13938,Female,0,No,Yes,52,Yes,No,DSL,No,No,No,Yes,Yes,No internet service,One year,No,Bank transfer (automatic),60.0,3131.55,0
CUST-13939,Female,0,Yes,No,32,Yes,No phone service,DSL,No,No,No,No,No,No internet service,Two year,No,Electronic check,44.17,1436.75,0
CUST-13940,Female,0,No,No,21,Yes,Yes,DSL,No,Yes,No,No,Yes,No internet service,Month-to-month,Yes,Mailed check,74.77,1567.09,1
CUST-13941,Male,0,Yes,Yes,2,Yes,No,No,Yes,Yes,Yes,No internet service,No,Yes,Month-to-month,No,Electronic check,55.06,58.88,1
CUST-13942,Female,0,No,No,22,Yes,No,DSL,No internet service,Yes,No internet service,No internet service,Yes,Yes,Month-to-month,Yes,Electronic check,93.35,2030.22,1
CUST-13943,Female,0,No,No,29,Yes,No,DSL,No internet service,Yes,No,Yes,Yes,No internet service,Two year,Yes,Electronic check,83.66,2317.23,0
CUST-13944,Male,0,No,No,61,Yes,No,DSL,No internet service,No,No internet service,Yes,No,No internet service,Month-to-month,No,Bank transfer (automatic),77.21,4742.26,0
CUST-13945,Female,0,Yes,No,47,No,No phone service,DSL,No,No,No,No,Yes,Yes,Month-to-month,Yes,Electronic check,80.31,3736.65,1
CUST-13946,Male,0,Yes,No,30,Yes,No,Fiber optic,Yes,No,No,No,Yes,No,Month-to-month,No,Electronic check,102.06,2999.04,0
CUST-13947,Male,0,No,Yes,9,Yes,Yes,Fiber optic,No,No,No,No internet service,No,Yes,One year,No,Electronic check,66.47,629.24,1
CUST-13948,Female,0,Yes,No,20,Yes,Yes,DSL,No,Yes,Yes,Yes,No,No internet service,Month-to-month,Yes,Bank transfer (automatic),80.2,1602.42,1
CUST-13949,Male,1,No,No,66,Yes,No,Fiber optic,No,No internet service,No,Yes,No internet service,No,Two year,Yes,Electronic check,56.89,3810.51,1
CUST-13950,Male,0,Yes,No,9,Yes,Yes,Fiber optic,Yes,No,No,Yes,No,No,Month-to-month,Yes,Bank transfer (automatic),112.95,909.78,0
CUST-13951,Male,1,Yes,No,46,Yes,No,No,Yes,Yes,No,Yes,No internet service,Yes,One year,No,Bank transfer (automatic),86.19,3946.15,0
CUST-13952,Female,0,Yes,No,37,Yes,No phone service,Fiber optic,Yes,No,No internet service,Yes,No,Yes,Two year,Yes,Electronic check,78.44,2872.1,0
CUST-13953,Male,0,No,Yes,15,Yes,No,No,Yes,No,No,No,No internet service,No internet service,Two year,Yes,Bank transfer (automatic),56.43,884.96,0
CUST-13954,Female,0,No,No,63,Yes,Yes,No,No,No,Yes,No internet service,Yes,No,Month-to-month,Yes,Electronic check,66.31,4186.09,0
CUST-13955,Female,0,Yes,No,28,Yes,No,Fiber optic,No internet service,No,Yes,No internet service,No,Yes,One year,No,Electronic check,118.75,3405.45,1
CUST-13956,Female,0,Yes,No,48,Yes,Yes,DSL,No,No,Yes,Yes,No internet service,Yes,Two year,No,Electronic check,72.51,3565.04,0
CUST-13957,Female,0,Yes,Yes,7,Yes,No phone service,Fiber optic,Yes,No,No internet service,Yes,No internet service,No,Two year,Yes,Credit card (automatic),76.05,566.57,0
CUST-13958,Male,0,No,No,70,Yes,No,DSL,Yes,No,Yes,No,No internet service,No internet service,Two year,Yes,Electronic check,84.53,5930.81,0
CUST-13959,Male,1,No,No,1,Yes,No,Fiber optic,No,No,No internet service,No,No,No,Two year,Yes,Credit card (automatic),116.54,46.53,1
CUST-13960,Female,0,Yes,Yes,22,Yes,Yes,Fiber optic,No,No,No,No,No,No,Month-to-month,No,Mailed check,91.69,2046.19,1
CUST-13961,Female,0,No,Yes,66,No,Yes,Fiber optic,No,Yes,No internet service,No,Yes,No internet service,Month-to-month,No,Credit card (automatic),117.15,7837.78,0
CUST-13962,Female,0,No,No,46,Yes,Yes,Fiber optic,Yes,Yes,No,No internet service,Yes,No,Two year,Yes,Credit card (automatic),110.34,5140.55,0
CUST-13963,Male,0,No,Yes,49,Yes,No,Fiber optic,No,No,No internet service,Yes,No,No internet service,Two year,No,Electronic check,104.84,5109.71,1
CUST-13964,Male,0,No,No,22,Yes,No,DSL,No,No,No,Yes,Yes,Yes,Month-to-month,Yes,Mailed check,74.52,1625.11,1
CUST-13965,Female,0,No,No,56,Yes,No,DSL,Yes,No,Yes,Yes,Yes,Yes,Two year,Yes,Electronic check,70.23,4022.22,0
CUST-13966,Female,0,No,No,68,Yes,Yes,Fiber optic,No internet service,No,No,No,Yes,No internet service,Month-to-month,No,Mailed check,118.75,8018.53,1
CUST-13967,Male,0,Yes,No,45,Yes,Yes,DSL,No,Yes,Yes,Yes,No,No internet service,Two year,No,Credit card (automatic),57.65,2607.57,0
CUST-13968,Female,0,Yes,No,15,Yes,No,No,Yes,No,Yes,No,No internet service,Yes,Month-to-month,Yes,Mailed check,60.41,873.09,1
CUST-13969,Female,0,Yes,Yes,66,Yes,No,Fiber optic,No,No,Yes,No,No,No,One year,No,Electronic check,99.0,6510.25,0
CUST-13970,Male,0,Yes,No,0,Yes,No,No,No,No,Yes,Yes,No internet service,No,Two year,Yes,Mailed check,57.01,20.15,1
CUST-13971,Female,0,Yes,Yes,65,Yes,Yes,No,No internet service,No,No,No internet service,No internet service,No internet service,One year,Yes,Bank transfer (automatic),28.4,1875.27,0
CUST-13972,Male,0,No,Yes,0,No,Yes,Fiber optic,No,No,No,No internet service,Yes,No,Month-to-month,No,Electronic check,91.6,0.0,0
CUST-13973,Male,1,No,Yes,4,Yes,No,Fiber optic,No internet service,No,No internet service,No,No internet service,No internet service,Month-to-month,Yes,Mailed check,79.42,361.21,1
CUST-13974,Male,0,Yes,No,3,Yes,No phone service,No,No,No internet service,No,No internet service,Yes,No,One year,No,Credit card (automatic),68.71,242.72,1
CUST-13975,Female,0,Yes,Yes,13,Yes,No,DSL,No,No,No,Yes,Yes,Yes,One year,Yes,Electronic check,80.14,1080.55,0
CUST-13976,Female,0,No,Yes,53,Yes,No,Fiber optic,Yes,No internet service,No,No internet service,No,Yes,Two year,No,Credit card (automatic),118.75,6304.55,0
CUST-13977,Female,0,No,No,28,Yes,No,DSL,Yes,No internet service,No,No,No,No internet service,One year,No,Bank transfer (automatic),103.8,2981.19,1
CUST-13978,Female,0,Yes,Yes,5,Yes,No,Fiber optic,No internet service,Yes,No,Yes,No,No internet service,Month-to-month,Yes,Bank transfer (automatic),82.12,360.68,1
CUST-13979,Male,0,No,No,24,No,No,No,No,No internet service,No internet service,No,Yes,Yes,Month-to-month,Yes,Credit card (automatic),78.8,1899.98,1
CUST-13980,Male,1,Yes,No,72,Yes,Yes,Fiber optic,No internet service,No,Yes,No,No,No,One year,Yes,Bank transfer (automatic),77.74,5579.77,0
CUST-13981,Male,1,Yes,No,38,Yes,Yes,Fiber optic,No,No internet service,Yes,No,No internet service,Yes,One year,Yes,Mailed check,116.76,4454.44,0
CUST-13982,Female,0,No,Yes,53,Yes,No,Fiber optic,No,No internet service,No,No internet service,No internet service,No,Month-to-month,Yes,Credit card (automatic),66.58,3584.58,0
CUST-13983,Female,0,No,Yes,19,No,No,Fiber optic,No internet service,No,Yes,No,Yes,Yes,Two year,Yes,Bank transfer (automatic),118.75,2191.27,1
CUST-13984,Female,0,Yes,No,38,Yes,No,Fiber optic,No,No,Yes,No internet service,No internet service,No internet service,One year,Yes,Electronic check,75.95,2886.58,1
CUST-13985,Male,0,No,No,58,No,Yes,No,No,No,Yes,No internet service,No,No,Two year,No,Electronic check,43.3,2484.02,0
CUST-13986,Male,0,No,Yes,49,Yes,No,DSL,No internet service,No,Yes,No,No internet service,No,One year,No,Mailed check,71.61,3568.74,0
CUST-13987,Male,0,Yes,No,0,Yes,Yes,DSL,No,No,Yes,No,Yes,Yes,Month-to-month,Yes,Bank transfer (automatic),63.14,78.88,1
CUST-13988,Male,0,No,No,44,Yes,Yes,DSL,No,No,Yes,Yes,No internet service,Yes,Two year,No,Electronic check,102.31,4443.98,0
CUST-13989,Male,0,Yes,Yes,57,Yes,No,Fiber optic,Yes,No,No internet service,No,Yes,No,One year,No,Bank transfer (automatic),55.94,3218.39,0
CUST-13990,Female,0,Yes,No,9,Yes,No,No,No internet service,No,No internet service,Yes,No,Yes,One year,No,Mailed check,60.31,709.55,1
CUST-13991,Female,0,Yes,No,28,Yes,Yes,DSL,No internet service,No internet service,Yes,Yes,No internet service,Yes,Month-to-month,Yes,Electronic check,87.1,2449.54,1
CUST-13992,Male,1,Yes,No,47,Yes,No,Fiber optic,No internet service,No,Yes,No,No,No internet service,Two year,No,Bank transfer (automatic),69.1,3246.34,0
CUST-13993,Male,0,Yes,No,0,No,No,No,No,No,No internet service,Yes,No,No,Two year,Yes,Credit card (automatic),41.02,20.84,0
CUST-13994,Female,0,No,No,51,Yes,Yes,DSL,No,No internet service,No,No internet service,No,Yes,Month-to-month,Yes,Electronic check,55.11,2856.43,0
CUST-13995,Male,0,Yes,No,61,Yes,Yes,No,Yes,No internet service,No,No internet service,No,No internet service,Two year,No,Bank transfer (automatic),43.61,2730.23,0
CUST-13996,Male,0,No,No,38,Yes,No,No,No,No,No,Yes,Yes,No,Month-to-month,Yes,Electronic check,68.19,2669.64,0
CUST-13997,Female,0,Yes,No,32,Yes,No phone service,No,No internet service,Yes,Yes,Yes,No,No,Month-to-month,Yes,Electronic check,42.44,1308.58,0
CUST-13998,Female,1,No,No,6,Yes,No,DSL,Yes,No,Yes,No internet service,No,No,Two year,Yes,Electronic check,80.75,543.69,1
CUST-13999,Female,0,No,No,52,Yes,Yes,Fiber optic,Yes,No,No,Yes,Yes,Yes,One year,Yes,Electronic check,87.97,4571.9,0
CUST-14000,Male,0,Yes,Yes,68,Yes,No,DSL,No,Yes,No,No internet service,Yes,Yes,Month-to-month,No,Electronic check,115.16,7822.44,0
CUST-14001,Female,1,No,No,64,Yes,No,DSL,No,No internet service,No internet service,No,Yes,Yes,Month-to-month,No,Bank transfer (automatic),77.62,4954.33,0
CUST-14002,Male,0,No,No,40,Yes,Yes,DSL,No,Yes,Yes,No,No,Yes,One year,Yes,Credit card (automatic),57.86,2351.74,1
CUST-14003,Male,0,No,Yes,2,Yes,No,DSL,No,Yes,Yes,Yes,Yes,No internet service,Month-to-month,Yes,Electronic check,79.81,133.96,1
CUST-14004,Female,1,Yes,No,20,No,No,No,No internet service,No,No internet service,No,Yes,No internet service,Month-to-month,Yes,Electronic check,63.97,1347.48,0
CUST-14005,Female,0,No,No,19,Yes,No,Fiber optic,Yes,No,No internet service,No internet service,No,Yes,Two year,Yes,Electronic check,79.21,1497.48,1
CUST-14006,Male,0,No,No,0,Yes,Yes,DSL,No internet service,No,Yes,No,No internet service,No internet service,Month-to-month,Yes,Mailed check,100.8,40.77,1
CUST-14007,Female,0,Yes,No,8,Yes,Yes,Fiber optic,No,No,Yes,No internet service,Yes,No internet service,Month-to-month,Yes,Mailed check,57.63,489.33,1
CUST-14008,Male,0,No,Yes,41,Yes,Yes,Fiber optic,No,No internet service,No,No,Yes,Yes,One year,Yes,Credit card (automatic),81.48,3290.52,0
CUST-14009,Male,0,Yes,No,7,Yes,Yes,DSL,Yes,Yes,Yes,No internet service,No,No,One year,Yes,Electronic check,75.42,482.98,1
CUST-14010,Male,0,Yes,Yes,2,Yes,Yes,DSL,No,No internet service,No internet service,No internet service,Yes,No,Month-to-month,No,Mailed check,94.58,222.58,1
CUST-14011,Female,1,No,No,69,Yes,No,Fiber optic,No internet service,No,Yes,No,No internet service,Yes,One year,No,Credit card (automatic),118.25,8091.24,1
CUST-14012,Female,0,No,No,44,Yes,No,No,No,No,Yes,No internet service,No internet service,Yes,Month-to-month,Yes,Bank transfer (automatic),77.78,3429.38,1
CUST-14013,Male,0,Yes,No,58,Yes,Yes,DSL,Yes,No internet service,No,No internet service,No,Yes,Two year,Yes,Bank transfer (automatic),78.23,4513.64,0
CUST-14014,Male,0,Yes,Yes,18,No,Yes,No,Yes,No internet service,No,No internet service,Yes,No,One year,No,Bank transfer (automatic),72.66,1287.35,0
CUST-14015,Male,1,Yes,No,26,Yes,Yes,Fiber optic,No internet service,No,No internet service,Yes,Yes,Yes,One year,Yes,Credit card (automatic),103.32,2705.22,0
CUST-14016,Male,0,No,No,44,Yes,No phone service,Fiber optic,No,No,No,No internet service,No internet service,No,One year,Yes,Mailed check,92.61,4140.99,0
CUST-14017,Male,0,Yes,No,50,Yes,Yes,DSL,Yes,Yes,Yes,No,No,No,Month-to-month,No,Mailed check,65.02,3278.16,1
CUST-14018,Male,0,Yes,Yes,26,Yes,No,Fiber optic,No internet service,No,No,No,Yes,No,Month-to-month,Yes,Electronic check,94.7,2394.11,1
CUST-14019,Female,0,Yes,Yes,67,Yes,Yes,Fiber optic,Yes,No,Yes,No internet service,No,Yes,Month-to-month,Yes,Credit card (automatic),115.33,7729.3,0
CUST-14020,Male,1,No,No,51,Yes,Yes,DSL,No internet service,No,Yes,Yes,No,Yes,One year,Yes,Credit card (automatic),76.76,3956.94,0
CUST-14021,Male,1,Yes,No,16,Yes,No,No,Yes,No internet service,Yes,No,Yes,No,Two year,Yes,Bank transfer (automatic),42.42,662.33,0
CUST-14022,Female,0,No,No,7,Yes,No,Fiber optic,Yes,No,Yes,No,Yes,Yes,Month-to-month,Yes,Mailed check,113.15,786.9,1
CUST-14023,Male,0,Yes,No,1,Yes,No,DSL,No,No,No,No,No,Yes,Two year,No,Bank transfer (automatic),66.22,38.82,0
CUST-14024,Male,0,Yes,No,61,Yes,Yes,DSL,No internet service,No,No,Yes,No,Yes,Month-to-month,No,Electronic check,86.17,5312.15,1
CUST-14025,Male,0,Yes,No,60,Yes,Yes,DSL,No,No,Yes,No,No,No internet service,Month-to-month,No,Bank transfer (automatic),82.8,4917.73,1
CUST-14026,Male,0,Yes,Yes,34,Yes,Yes,No,No,No internet service,No,No,No internet service,No,Month-to-month,Yes,Bank transfer (automatic),68.11,2294.87,1
CUST-14027,Male,0,Yes,Yes,52,Yes,No,DSL,No internet service,No internet service,Yes,No,Yes,No,Month-to-month,Yes,Bank transfer (automatic),91.14,4686.42,0
CUST-14028,Female,0,Yes,Yes,64,Yes,No phone service,Fiber optic,No internet service,Yes,No,No,No,No internet service,Two year,No,Electronic check,103.31,6651.3,0
CUST-14029,Male,1,Yes,No,11,Yes,Yes,Fiber optic,No,No internet service,No,Yes,No,No,Month-to-month,Yes,Electronic check,83.54,867.34,0
CUST-14030,Female,0,Yes,No,71,Yes,Yes,DSL,No,No internet service,Yes,Yes,No,No,Two year,Yes,Electronic check,64.71,4557.06,0
CUST-14031,Female,0,Yes,No,35,Yes,Yes,Fiber optic,No,Yes,No internet service,No,No internet service,No internet service,Two year,No,Bank transfer (automatic),96.51,3361.82,0
CUST-14032,Male,0,Yes,No,31,Yes,Yes,Fiber optic,Yes,No,No,No,Yes,Yes,Month-to-month,Yes,Mailed check,94.78,2944.27,1
CUST-14033,Male,0,Yes,No,11,No,Yes,No,No internet service,No,No internet service,Yes,No internet service,Yes,Month-to-month,No,Credit card (automatic),99.52,1075.29,1
CUST-14034,Male,0,Yes,No,49,Yes,Yes,Fiber optic,No,No,No internet service,No,Yes,Yes,Month-to-month,Yes,Credit card (automatic),97.17,4761.28,1
CUST-14035,Male,0,No,No,43,Yes,No phone service,DSL,No internet service,No internet service,Yes,No,Yes,Yes,One year,Yes,Mailed check,76.89,3210.06,1
CUST-14036,Female,0,No,Yes,2,Yes,No,DSL,No internet service,No internet service,No internet service,Yes,No internet service,No,Two year,No,Electronic check,63.77,161.46,0
CUST-14037,Female,0,No,Yes,47,Yes,Yes,Fiber optic,No internet service,Yes,No,Yes,Yes,Yes,Month-to-month,No,Bank transfer (automatic),69.7,3291.95,1
CUST-14038,Male,1,Yes,No,10,Yes,Yes,Fiber optic,No internet service,Yes,No,Yes,No internet service,No,Two year,No,Electronic check,59.93,602.7,0
CUST-14039,Male,1,No,No,20,Yes,No,No,No internet service,Yes,No internet service,No,No,No,Two year,Yes,Mailed check,28.63,447.84,0
CUST-14040,Male,0,No,No,44,Yes,Yes,DSL,No,No internet service,No,No,No,No internet service,One year,Yes,Electronic check,69.3,3050.79,1
CUST-14041,Female,0,Yes,No,57,Yes,No,DSL,No internet service,Yes,No,Yes,Yes,Yes,One year,No,Electronic check,94.42,5347.5,0
CUST-14042,Female,0,Yes,No,9,Yes,No,Fiber optic,No internet service,No,No,No,No,No,Two year,No,Credit card (automatic),98.5,854.23,0
CUST-14043,Male,0,No,No,34,Yes,No,DSL,Yes,No,No internet service,No internet service,No internet service,No,Two year,Yes,Bank transfer (automatic),55.49,1885.38,0
CUST-14044,Male,1,No,Yes,20,Yes,No,Fiber optic,No,Yes,No internet service,No internet service,Yes,Yes,One year,Yes,Credit card (automatic),77.96,1619.01,0
CUST-14045,Male,1,No,No,51,Yes,Yes,DSL,No,Yes,Yes,No,No,No,Month-to-month,Yes,Electronic check,72.87,3808.44,1
CUST-14046,Male,0,No,No,60,Yes,Yes,No,Yes,No internet service,No,No,Yes,Yes,Two year,No,Electronic check,43.19,2651.75,0
CUST-14047,Male,0,No,Yes,46,Yes,No,DSL,No,No,Yes,No internet service,Yes,Yes,Month-to-month,Yes,Electronic check,57.99,2661.08,0
CUST-14048,Male,0,No,No,58,Yes,Yes,Fiber optic,Yes,No,No internet service,Yes,No,No,Month-to-month,No,Mailed check,40.83,2449.01,0
CUST-14049,Male,0,Yes,No,32,No,Yes,Fiber optic,Yes,No,Yes,No,Yes,No internet service,One year,Yes,Credit card (automatic),68.8,2275.59,0
CUST-14050,Male,1,Yes,No,43,Yes,No phone service,DSL,No,Yes,Yes,No,No internet service,Yes,Month-to-month,Yes,Credit card (automatic),54.89,2364.08,1
CUST-14051,Male,0,No,Yes,21,Yes,No,Fiber optic,No,No,No,Yes,No,No,Month-to-month,Yes,Electronic check,112.87,2277.65,1
CUST-14052,Female,0,Yes,No,72,Yes,Yes,Fiber optic,No,Yes,No,No internet service,No,No,Month-to-month,Yes,Electronic check,118.0,8453.45,1
CUST-14053,Female,0,Yes,No,14,Yes,No,No,No,Yes,No,No,No,No,Month-to-month,No,Mailed check,18.25,146.7,0
CUST-14054,Male,0,Yes,Yes,67,Yes,Yes,Fiber optic,Yes,Yes,No,No internet service,No internet service,No,Two year,No,Mailed check,105.11,7018.94,0
CUST-14055,Male,0,Yes,No,54,Yes,No,Fiber optic,Yes,No,No,No,Yes,No internet service,Month-to-month,Yes,Bank transfer (automatic),114.41,6181.71,1
CUST-14056,Female,1,Yes,No,72,Yes,Yes,Fiber optic,Yes,Yes,Yes,Yes,No internet service,No,Two year,No,Bank transfer (automatic),74.65,5289.16,0
CUST-14057,Female,0,No,No,46,Yes,No,Fiber optic,No,Yes,Yes,No internet service,Yes,No internet service,Month-to-month,No,Bank transfer (automatic),57.5,2689.58,0
CUST-14058,Male,0,Yes,No,25,Yes,No,Fiber optic,No,No internet service,No,No,No internet service,Yes,Month-to-month,Yes,Credit card (automatic),118.75,2977.96,1
CUST-14059,Female,0,No,No,20,Yes,Yes,DSL,No,No,No,No internet service,No internet service,Yes,Month-to-month,Yes,Credit card (automatic),71.26,1333.6,1
CUST-14060,Male,0,Yes,No,13,Yes,No phone service,Fiber optic,Yes,No internet service,No,No,No internet service,Yes,Month-to-month,No,Mailed check,115.53,1512.77,1
CUST-14061,Male,0,No,No,70,Yes,Yes,No,No,No internet service,No,Yes,Yes,No,Month-to-month,No,Electronic check,51.71,3530.6,1
CUST-14062,Female,0,No,No,7,Yes,No phone service,Fiber optic,No internet service,No,No,No,Yes,No,Two year,Yes,Credit card (automatic),118.75,935.4,1
CUST-14063,Female,0,No,No,59,Yes,Yes,Fiber optic,No internet service,No,Yes,Yes,No internet service,No,One year,Yes,Electronic check,99.27,5792.77,1
CUST-14064,Female,0,Yes,No,50,No,Yes,Fiber optic,No,No internet service,Yes,No internet service,No,No internet service,Month-to-month,Yes,Mailed check,82.82,4093.61,0
CUST-14065,Male,0,Yes,No,9,Yes,Yes,Fiber optic,Yes,No,No,No,No,Yes,Month-to-month,Yes,Electronic check,80.37,700.91,1
CUST-14066,Female,0,No,No,66,Yes,Yes,Fiber optic,Yes,Yes,Yes,Yes,No,No,Month-to-month,Yes,Electronic check,78.42,5181.21,0
CUST-14067,Male,1,No,No,11,Yes,No,DSL,No,Yes,No internet service,No,Yes,No,Month-to-month,Yes,Mailed check,70.98,760.0,1
CUST-14068,Female,0,Yes,No,11,Yes,No,DSL,No,No internet service,No internet service,No,No,Yes,Month-to-month,No,Electronic check,73.67,731.32,0
CUST-14069,Male,0,No,No,39,No,No,DSL,No,Yes,No,Yes,No,No,One year,No,Bank transfer (automatic),82.37,3216.35,1
CUST-14070,Male,0,No,No,7,No,No,Fiber optic,Yes,No internet service,Yes,Yes,No internet service,No,One year,No,Electronic check,82.13,545.41,1
CUST-14071,Female,0,Yes,No,7,Yes,No,Fiber optic,No internet service,No,Yes,No,No,No internet service,Month-to-month,Yes,Credit card (automatic),118.75,800.8,1
CUST-14072,Female,0,No,No,45,Yes,Yes,No,No,No,No,Yes,No internet service,No,Month-to-month,Yes,Bank transfer (automatic),82.34,3784.84,0
CUST-14073,Female,0,Yes,No,70,Yes,No,DSL,No internet service,No,No internet service,No,Yes,No,One year,Yes,Electronic check,80.77,5633.13,0
CUST-14074,Male,0,Yes,Yes,3,Yes,No phone service,DSL,No internet service,No,Yes,No internet service,No,No internet service,Month-to-month,No,Bank transfer (automatic),112.09,319.02,1
CUST-14075,Male,0,No,Yes,46,Yes,Yes,Fiber optic,No,Yes,Yes,Yes,No internet service,No,Month-to-month,No,Credit card (automatic),118.75,5469.6,0
CUST-14076,Female,0,No,No,43,Yes,Yes,DSL,No,No,No,Yes,No,Yes,Month-to-month,Yes,Electronic check,69.2,3000.1,1
CUST-14077,Female,1,No,No,4,Yes,Yes,Fiber optic,No internet service,No,No,No,No,No,Two year,Yes,Mailed check,99.67,411.81,0
CUST-14078,Male,0,No,Yes,10,Yes,Yes,DSL,Yes,No,No,No,Yes,Yes,Two year,Yes,Credit card (automatic),74.04,621.65,0
CUST-14079,Female,1,No,No,32,No,No,DSL,Yes,No,No,No,Yes,Yes,Month-to-month,Yes,Electronic check,104.1,3315.55,1
CUST-14080,Female,0,Yes,No,50,Yes,Yes,Fiber optic,No,No,No internet service,No internet service,No,No internet service,One year,No,Credit card (automatic),72.94,3626.77,0
CUST-14081,Male,0,Yes,Yes,16,Yes,No,Fiber optic,No,No,No,No internet service,No,Yes,Two year,Yes,Electronic check,61.89,929.61,0
CUST-14082,Female,0,Yes,No,31,Yes,Yes,DSL,No,No internet service,Yes,No,No internet service,No internet service,Month-to-month,Yes,Electronic check,74.85,2255.76,1
CUST-14083,Female,0,No,Yes,35,Yes,Yes,DSL,Yes,Yes,No,Yes,No,No,Month-to-month,Yes,Bank transfer (automatic),58.18,2091.28,1
CUST-14084,Female,0,No,No,51,No,Yes,DSL,No,No internet service,No,Yes,No,No,Two year,Yes,Electronic check,58.73,3001.09,0
CUST-14085,Female,0,No,No,18,Yes,Yes,DSL,No,No,Yes,No,No,No,One year,Yes,Bank transfer (automatic),71.63,1261.79,1
CUST-14086,Male,0,Yes,No,50,Yes,No,No,No internet service,No,No internet service,Yes,No,No,Month-to-month,No,Bank transfer (automatic),41.38,2085.36,0
CUST-14087,Female,0,Yes,No,60,Yes,No phone service,Fiber optic,Yes,No,No,No internet service,No,No internet service,Month-to-month,No,Credit card (automatic),84.4,5124.44,1
CUST-14088,Female,0,No,Yes,42,Yes,No,DSL,No internet service,No,No,No,No,No,Month-to-month,No,Electronic check,71.04,3009.27,1
CUST-14089,Female,0,No,No,52,Yes,Yes,Fiber optic,No internet service,Yes,No internet service,Yes,No,Yes,Month-to-month,Yes,Electronic check,95.77,5047.57,1
CUST-14090,Female,0,Yes,No,12,Yes,No,DSL,No,No,No,No internet service,Yes,No internet service,One year,No,Mailed check,62.17,758.92,1
CUST-14091,Male,0,No,No,66,Yes,No,DSL,No,No,No internet service,No,No internet service,No,Month-to-month,Yes,Bank transfer (automatic),64.05,4261.18,0
CUST-14092,Male,0,No,Yes,21,Yes,No,No,Yes,Yes,No,No internet service,Yes,Yes,One year,Yes,Mailed check,67.75,1411.09,1
CUST-14093,Male,0,No,No,14,Yes,No,DSL,No,Yes,No,No,Yes,No internet service,Month-to-month,Yes,Electronic check,98.85,1443.79,1
CUST-14094,Female,0,Yes,Yes,40,Yes,No,No,No internet service,No internet service,Yes,No,No internet service,No,Month-to-month,Yes,Electronic check,86.04,3526.03,1
CUST-14095,Female,0,No,No,28,Yes,Yes,No,Yes,No internet service,No,Yes,No,Yes,One year,Yes,Mailed check,51.0,1437.53,0
CUST-14096,Female,0,Yes,No,33,Yes,Yes,Fiber optic,No internet service,No,No,No,No internet service,No,Two year,Yes,Electronic check,112.82,3658.68,0
CUST-14097,Male,0,Yes,No,58,Yes,No phone service,Fiber optic,Yes,Yes,No internet service,No,No,No internet service,Month-to-month,Yes,Electronic check,84.08,4882.91,1
CUST-14098,Female,0,No,Yes,39,Yes,Yes,DSL,No internet service,No,No internet service,No internet service,No,No internet service,Month-to-month,Yes,Electronic check,84.52,3291.53,0
CUST-14099,Male,0,Yes,Yes,27,No,Yes,No,No,No internet service,Yes,No internet service,No,Yes,Two year,Yes,Bank transfer (automatic),52.26,1444.59,0
CUST-14100,Male,0,Yes,Yes,58,Yes,Yes,No,No,No,No,No internet service,No,No,Month-to-month,Yes,Bank transfer (automatic),85.06,4915.74,1
CUST-14101,Female,0,Yes,No,27,Yes,Yes,Fiber optic,No internet service,No internet service,Yes,No,No internet service,Yes,Month-to-month,No,Electronic check,77.77,2104.97,1
CUST-14102,Male,0,Yes,No,69,No,No phone service,DSL,No,No,No,No,No,No,Two year,Yes,Mailed check,58.79,4086.26,1
CUST-14103,Male,0,No,No,71,Yes,Yes,DSL,Yes,No,Yes,No,No,Yes,Month-to-month,No,Bank transfer (automatic),76.1,5370.35,0
CUST-14104,Male,0,Yes,Yes,34,Yes,No,DSL,No,Yes,No,No,No internet service,Yes,One year,No,Credit card (automatic),36.55,1258.6,0
CUST-14105,Male,0,No,Yes,56,Yes,No,DSL,Yes,No,No,No,No,No internet service,Month-to-month,Yes,Electronic check,76.54,4298.28,1
CUST-14106,Male,0,No,No,51,Yes,Yes,Fiber optic,No internet service,No internet service,No internet service,Yes,Yes,No,One year,Yes,Credit card (automatic),41.13,1986.56,0
CUST-14107,Female,0,Yes,No,62,Yes,Yes,No,Yes,Yes,No,Yes,Yes,No,Two year,Yes,Mailed check,32.6,2014.13,0
CUST-14108,Female,0,No,No,33,Yes,Yes,Fiber optic,No,Yes,Yes,No,Yes,No,Month-to-month,No,Bank transfer (automatic),89.95,2894.78,1
CUST-14109,Male,0,Yes,Yes,29,Yes,Yes,Fiber optic,No,No internet service,No,Yes,No,Yes,Two year,No,Mailed check,57.09,1724.78,0
CUST-14110,Male,1,Yes,Yes,20,Yes,Yes,Fiber optic,No,No internet service,No,No,No internet service,No,Month-to-month,No,Bank transfer (automatic),95.16,1873.08,0
CUST-14111,Male,0,Yes,No,42,Yes,No,Fiber optic,No,Yes,No,Yes,No,No,Two year,No,Bank transfer (automatic),46.4,1925.73,0
CUST-14112,Male,0,Yes,No,44,Yes,Yes,Fiber optic,No,No,Yes,No,No,Yes,Two year,No,Mailed check,88.58,3937.21,0
CUST-14113,Female,0,Yes,No,32,Yes,No,No,No,Yes,No internet service,No,Yes,Yes,Two year,No,Credit card (automatic),64.76,1952.39,0
CUST-14114,Male,0,Yes,Yes,22,Yes,No phone service,DSL,Yes,Yes,Yes,No,No,No,Month-to-month,Yes,Credit card (automatic),98.38,2105.29,1
CUST-14115,Male,1,No,Yes,32,Yes,Yes,No,No internet service,Yes,Yes,No internet service,No,No internet service,One year,Yes,Electronic check,80.61,2643.41,0
CUST-14116,Male,0,No,No,36,Yes,Yes,DSL,Yes,No,No,No,No,Yes,Month-to-month,Yes,Electronic check,57.41,2063.4,1
CUST-14117,Male,0,No,Yes,9,Yes,Yes,Fiber optic,No internet service,Yes,Yes,No,Yes,No,Month-to-month,No,Electronic check,81.88,662.88,1
CUST-14118,Male,0,No,No,48,Yes,Yes,Fiber optic,No,No internet service,No,No,No,Yes,Month-to-month,Yes,Electronic check,76.15,3616.44,1
CUST-14119,Male,0,No,Yes,61,Yes,Yes,Fiber optic,No internet service,Yes,Yes,No internet service,No,No,Month-to-month,No,Bank transfer (automatic),107.12,6466.86,0
CUST-14120,Female,0,Yes,No,23,Yes,No,Fiber optic,No,Yes,No,No,Yes,No internet service,Month-to-month,Yes,Electronic check,94.16,2131.68,0
CUST-14121,Female,0,No,Yes,28,Yes,Yes,DSL,No internet service,Yes,No,No,No,Yes,One year,Yes,Mailed check,74.79,2074.44,1
CUST-14122,Female,1,Yes,No,6,Yes,Yes,Fiber optic,No,No,No,No,Yes,No,Month-to-month,No,Bank transfer (automatic),88.75,619.63,1
CUST-14123,Male,1,No,Yes,42,Yes,Yes,Fiber optic,No internet service,No internet service,Yes,No,Yes,Yes,Month-to-month,Yes,Electronic check,101.37,4202.51,1
CUST-14124,Female,0,No,Yes,31,Yes,No,Fiber optic,Yes,Yes,No,No internet service,Yes,No internet service,Month-to-month,Yes,Electronic check,72.9,2189.76,1
CUST-14125,Female,1,Yes,No,62,Yes,Yes,No,No internet service,No,No,Yes,No,No,Month-to-month,Yes,Electronic check,65.85,4067.94,1
CUST-14126,Male,0,No,Yes,66,Yes,No,Fiber optic,No,Yes,No,No internet service,Yes,Yes,Month-to-month,Yes,Electronic check,96.6,6376.43,1
CUST-14127,Male,0,No,Yes,56,Yes,No,No,No internet service,Yes,Yes,No,No,No,One year,Yes,Mailed check,70.92,3954.26,0
CUST-14128,Female,1,No,Yes,15,Yes,Yes,DSL,No,Yes,No,No,No,No,Two year,Yes,Electronic check,67.82,1013.78,1
CUST-14129,Male,0,Yes,No,14,Yes,No,DSL,Yes,Yes,No,No,No,Yes,Month-to-month,No,Electronic check,76.03,1144.9,0
CUST-14130,Male,0,No,No,35,Yes,Yes,DSL,No internet service,No internet service,Yes,Yes,No,No,One year,No,Electronic check,96.93,3336.48,0
CUST-14131,Female,0,No,No,45,Yes,No,No,No,No,No,Yes,No,No,Two year,No,Electronic check,26.96,1202.84,0
CUST-14132,Female,0,Yes,No,2,Yes,Yes,No,No,No internet service,No,Yes,Yes,Yes,Month-to-month,Yes,Bank transfer (automatic),74.32,218.9,1
CUST-14133,Female,0,No,No,36,Yes,No,No,No,No internet service,No internet service,No,Yes,No internet service,Month-to-month,Yes,Bank transfer (automatic),44.83,1699.97,0
CUST-14134,Female,0,Yes,Yes,6,Yes,No,Fiber optic,No internet service,No,Yes,No,No,No,Month-to-month,Yes,Electronic check,105.66,650.87,1
CUST-14135,Female,0,No,No,18,Yes,No,DSL,No,No,No,No internet service,Yes,No internet service,One year,Yes,Electronic check,91.27,1552.41,1
CUST-14136,Female,0,Yes,No,26,Yes,No,Fiber optic,No,Yes,No internet service,No,No,No,Month-to-month,Yes,Electronic check,86.45,2287.04,1
CUST-14137,Male,0,Yes,No,2,Yes,Yes,Fiber optic,No internet service,Yes,No,No,No internet service,No internet service,One year,No,Bank transfer (automatic),90.67,223.63,0
CUST-14138,Female,0,Yes,Yes,19,Yes,No,DSL,Yes,Yes,No internet service,No,Yes,Yes,Month-to-month,No,Electronic check,47.96,928.99,1
CUST-14139,Female,0,No,No,45,Yes,Yes,Fiber optic,Yes,Yes,No,No internet service,Yes,Yes,One year,No,Mailed check,54.18,2416.93,0
CUST-14140,Female,0,No,No,72,Yes,Yes,No,No internet service,Yes,No internet service,Yes,No internet service,No,Month-to-month,No,Bank transfer (automatic),52.14,3718.23,0
CUST-14141,Female,0,Yes,No,56,Yes,Yes,DSL,No,No,No,Yes,No,No,One year,No,Mailed check,98.51,5563.22,0
CUST-14142,Male,0,Yes,Yes,22,Yes,No,Fiber optic,Yes,No,Yes,No,No internet service,Yes,Month-to-month,Yes,Electronic check,86.44,1922.74,1
CUST-14143,Male,0,No,No,68,Yes,No,Fiber optic,No,No,No,No internet service,Yes,No,Two year,Yes,Mailed check,48.44,3349.15,0
CUST-14144,Male,1,Yes,No,32,Yes,No,DSL,Yes,No,Yes,No,No,Yes,One year,Yes,Credit card (automatic),65.54,2084.31,0
CUST-14145,Male,0,Yes,No,25,Yes,No,DSL,No internet service,Yes,No,No,No internet service,Yes,One year,Yes,Electronic check,65.06,1650.67,1
CUST-14146,Male,0,No,No,61,Yes,No,Fiber optic,No internet service,Yes,No,Yes,No internet service,Yes,Two year,No,Mailed check,82.92,5006.26,0
CUST-14147,Female,0,Yes,No,29,Yes,No,Fiber optic,No internet service,No,No,No,Yes,No internet service,Month-to-month,Yes,Electronic check,69.56,2095.37,1
CUST-14148,Female,0,No,No,53,Yes,Yes,Fiber optic,No internet service,No internet service,Yes,No internet service,No,Yes,Month-to-month,Yes,Electronic check,75.5,4091.49,1
CUST-14149,Male,0,Yes,Yes,11,Yes,No,DSL,No internet service,No,Yes,No,No,No,Month-to-month,Yes,Bank transfer (automatic),45.08,495.04,1
CUST-14150,Male,0,No,No,24,Yes,Yes,DSL,No,No internet service,Yes,Yes,No,No,Month-to-month,Yes,Mailed check,116.15,2698.18,1
CUST-14151,Female,0,No,No,71,Yes,Yes,Fiber optic,No,No,No,No internet service,Yes,Yes,Month-to-month,Yes,Electronic check,118.75,8492.62,1
CUST-14152,Female,1,Yes,Yes,17,No,No phone service,Fiber optic,No internet service,No internet service,Yes,Yes,No,Yes,Two year,Yes,Electronic check,70.82,1307.89,0
CUST-14153,Female,0,No,No,62,Yes,Yes,Fiber optic,No,No,Yes,No,Yes,Yes,Month-to-month,Yes,Mailed check,90.99,5624.61,0
CUST-14154,Male,0,No,No,34,Yes,No phone service,DSL,No internet service,No internet service,No internet service,Yes,Yes,No internet service,Month-to-month,Yes,Credit card (automatic),63.07,2127.14,1
CUST-14155,Male,0,No,No,69,Yes,No,Fiber optic,No internet service,Yes,No,No internet service,No internet service,Yes,One year,Yes,Credit card (automatic),86.85,5975.85,0
CUST-14156,Female,1,Yes,No,30,Yes,No,Fiber optic,Yes,No internet service,No,No internet service,No,No,Month-to-month,No,Electronic check,97.96,2924.92,1
CUST-14157,Male,1,Yes,No,36,No,No,DSL,No,No,No,Yes,No internet service,Yes,Month-to-month,No,Bank transfer (automatic),78.82,2893.03,1
CUST-14158,Male,0,No,Yes,28,Yes,No,Fiber optic,Yes,No,Yes,No internet service,Yes,No internet service,Two year,Yes,Mailed check,109.65,3095.7,0
CUST-14159,Male,0,Yes,No,15,Yes,Yes,Fiber optic,No internet service,No,No,No internet service,No,No,Two year,No,Bank transfer (automatic),79.79,1143.43,0
CUST-14160,Male,0,Yes,No,61,Yes,Yes,No,No internet service,No,No,No,Yes,No internet service,One year,Yes,Credit card (automatic),50.26,3052.21,0
CUST-14161,Male,0,Yes,No,41,Yes,No,No,No,No internet service,Yes,No,Yes,No internet service,Month-to-month,No,Electronic check,18.25,763.34,0
CUST-14162,Female,0,No,Yes,36,No,Yes,Fiber optic,Yes,No internet service,No,No,No internet service,No internet service,Month-to-month,No,Mailed check,93.2,3323.66,0
CUST-14163,Male,0,Yes,Yes,27,No,No,Fiber optic,No,No,No internet service,Yes,Yes,Yes,Month-to-month,No,Electronic check,48.26,1325.1,1
CUST-14164,Female,1,Yes,No,56,Yes,No phone service,Fiber optic,Yes,Yes,Yes,No,No,No,Month-to-month,Yes,Mailed check,64.7,3629.39,0
CUST-14165,Female,0,No,No,25,Yes,Yes,Fiber optic,No,No,Yes,No,No internet service,No,Month-to-month,Yes,Mailed check,115.43,2941.58,1
CUST-14166,Male,0,Yes,No,17,Yes,No,DSL,No internet service,No,No,Yes,Yes,Yes,Month-to-month,Yes,Electronic check,100.67,1749.1,1
CUST-14167,Male,0,Yes,No,6,Yes,Yes,Fiber optic,No,No,Yes,No,No internet service,Yes,Month-to-month,Yes,Electronic check,69.87,396.73,1
CUST-14168,Female,0,Yes,No,63,Yes,Yes,No,No,Yes,No,Yes,Yes,No,One year,No,Bank transfer (automatic),84.32,5314.36,0
CUST-14169,Female,0,Yes,No,5,Yes,No,DSL,No internet service,No,Yes,No,Yes,No internet service,Month-to-month,Yes,Electronic check,89.49,409.17,1
CUST-14170,Male,0,No,No,61,Yes,No,DSL,No internet service,No,Yes,No,No,No internet service,Month-to-month,No,Bank transfer (automatic),84.61,5264.21,1
CUST-14171,Male,0,Yes,No,27,Yes,No,DSL,Yes,Yes,No,Yes,Yes,No internet service,Month-to-month,No,Bank transfer (automatic),51.78,1432.09,1
CUST-14172,Female,0,No,Yes,0,Yes,Yes,Fiber optic,Yes,Yes,No internet service,Yes,No,Yes,Two year,Yes,Mailed check,118.75,0.0,0
CUST-14173,Male,0,Yes,No,67,Yes,Yes,Fiber optic,Yes,Yes,No,No,No internet service,No,Two year,Yes,Mailed check,104.6,6996.39,0
CUST-14174,Male,0,Yes,No,54,Yes,No,Fiber optic,No,No internet service,No internet service,No internet service,Yes,Yes,One year,Yes,Electronic check,74.13,3921.65,0
CUST-14175,Male,0,Yes,Yes,52,Yes,No,Fiber optic,Yes,No,Yes,No,No,No internet service,One year,No,Mailed check,43.58,2244.94,0
CUST-14176,Male,0,No,No,39,Yes,No,No,No,No,Yes,No internet service,Yes,No,Month-to-month,Yes,Electronic check,26.72,1045.95,1
CUST-14177,Female,1,Yes,Yes,55,Yes,Yes,DSL,No,Yes,No,No internet service,No,No,Month-to-month,Yes,Credit card (automatic),78.15,4341.27,0
CUST-14178,Male,1,Yes,No,9,Yes,No phone service,Fiber optic,Yes,No,Yes,No,No,No internet service,Month-to-month,Yes,Electronic check,85.73,821.73,1
CUST-14179,Male,0,No,Yes,17,Yes,No phone service,No,No,Yes,No,No,No,No,One year,Yes,Electronic check,79.93,1290.28,1
CUST-14180,Female,0,Yes,No,39,Yes,No,Fiber optic,No,No,No internet service,No,Yes,Yes,Two year,No,Electronic check,68.63,2685.37,0
CUST-14181,Male,0,No,No,53,Yes,Yes,DSL,Yes,No,Yes,Yes,No,Yes,Month-to-month,No,Bank transfer (automatic),81.14,4316.61,0
CUST-14182,Male,0,Yes,Yes,42,Yes,No phone service,No,Yes,Yes,No internet service,Yes,No,Yes,Month-to-month,No,Mailed check,70.95,2984.03,0
CUST-14183,Female,0,Yes,No,29,No,No,Fiber optic,Yes,No internet service,No,No,Yes,No,Month-to-month,Yes,Mailed check,63.67,1771.21,1
CUST-14184,Male,0,No,No,49,Yes,No,DSL,No,No internet service,Yes,No,No,No internet service,Month-to-month,Yes,Electronic check,87.23,4233.34,1
CUST-14185,Female,0,Yes,No,4,Yes,No,DSL,No,No,No,Yes,Yes,No internet service,Month-to-month,Yes,Electronic check,74.69,289.45,1
CUST-14186,Male,0,Yes,No,37,Yes,No,No,No,No,No,Yes,Yes,No internet service,Two year,No,Bank transfer (automatic),38.99,1481.32,0
CUST-14187,Male,0,Yes,No,28,Yes,Yes,DSL,Yes,Yes,No,No,Yes,Yes,Month-to-month,Yes,Bank transfer (automatic),31.09,824.0,0
CUST-14188,Male,0,Yes,No,36,Yes,No,Fiber optic,Yes,No,No,No,Yes,Yes,Month-to-month,No,Mailed check,99.1,3539.62,1
CUST-14189,Female,0,No,No,9,Yes,No,Fiber optic,Yes,No,No,No,Yes,Yes,Month-to-month,Yes,Bank transfer (automatic),76.51,675.41,1
CUST-14190,Male,0,Yes,No,65,Yes,No,Fiber optic,No,No internet service,No,No,Yes,No,One year,No,Bank transfer (automatic),82.39,5273.5,0
CUST-14191,Male,0,No,No,62,Yes,No,Fiber optic,No,No,No,No,No,No,Two year,Yes,Electronic check,118.02,7297.73,0
CUST-14192,Female,0,Yes,No,68,Yes,No,Fiber optic,No,No,Yes,No,Yes,No internet service,One year,Yes,Electronic check,89.37,6096.32,0
CUST-14193,Male,0,Yes,No,61,Yes,No,Fiber optic,No,Yes,No internet service,No,No,Yes,Two year,Yes,Bank transfer (automatic),94.86,5737.76,0
CUST-14194,Female,0,Yes,No,48,Yes,Yes,DSL,No,No,Yes,Yes,No,No,One year,Yes,Credit card (automatic),114.03,5448.96,0
CUST-14195,Male,1,No,No,20,Yes,No phone service,DSL,Yes,No,No,No internet service,No,Yes,Two year,No,Credit card (automatic),78.38,1538.08,0
CUST-14196,Female,0,No,Yes,8,Yes,Yes,DSL,No,No internet service,No,No,Yes,Yes,One year,Yes,Bank transfer (automatic),59.07,504.34,0
CUST-14197,Male,1,No,No,44,No,Yes,Fiber optic,No,No,Yes,No,No internet service,No internet service,One year,Yes,Mailed check,115.35,4992.31,1
CUST-14198,Female,0,Yes,No,69,No,No,DSL,No internet service,No,No,No,Yes,No internet service,Two year,Yes,Electronic check,76.4,5243.72,0
CUST-14199,Male,0,Yes,No,26,Yes,Yes,Fiber optic,No,Yes,Yes,No internet service,No,No,One year,No,Credit card (automatic),79.72,2148.58,1
CUST-14200,Female,0,No,No,72,Yes,Yes,DSL,No,No,Yes,No,No internet service,Yes,Month-to-month,No,Bank transfer (automatic),57.05,4163.7,0
CUST-14201,Female,0,Yes,No,11,Yes,No,Fiber optic,No internet service,No,No,No internet service,No,Yes,Two year,No,Electronic check,84.27,979.16,0
CUST-14202,Male,0,No,No,20,Yes,Yes,DSL,No,No internet service,No internet service,Yes,No internet service,No internet service,One year,Yes,Mailed check,93.98,1947.54,0
CUST-14203,Male,1,Yes,No,47,Yes,No,Fiber optic,No internet service,No,Yes,No internet service,No,No,Two year,Yes,Electronic check,78.83,3656.33,0
CUST-14204,Male,0,Yes,No,35,Yes,Yes,No,Yes,Yes,No internet service,No internet service,Yes,No internet service,Month-to-month,Yes,Credit card (automatic),53.35,1930.82,1
CUST-14205,Female,0,Yes,No,55,Yes,Yes,DSL,Yes,No internet service,No,Yes,Yes,No,Two year,No,Mailed check,58.19,3095.72,0
CUST-14206,Female,0,Yes,Yes,25,Yes,Yes,Fiber optic,No,Yes,No,Yes,No internet service,No,Two year,No,Credit card (automatic),118.48,2934.12,1
CUST-14207,Female,0,No,No,56,No,No,Fiber optic,No,No,No internet service,No internet service,No internet service,No,One year,Yes,Bank transfer (automatic),62.45,3528.28,1
CUST-14208,Male,0,No,No,21,No,Yes,DSL,No,No internet service,No,No,No,No internet service,Two year,No,Mailed check,55.39,1172.6,0
CUST-14209,Female,0,No,No,10,Yes,Yes,DSL,No,No,No,Yes,Yes,No internet service,Two year,No,Credit card (automatic),61.8,629.05,0
CUST-14210,Male,0,No,No,41,Yes,Yes,DSL,No,No internet service,No,No,No,No,Two year,No,Electronic check,47.78,1910.35,0
CUST-14211,Female,0,Yes,Yes,37,Yes,Yes,Fiber optic,No,No internet service,No,No internet service,Yes,No internet service,One year,No,Electronic check,100.52,3577.83,0
CUST-14212,Male,0,No,No,41,Yes,No,DSL,Yes,Yes,No internet service,No internet service,No,No internet service,One year,Yes,Bank transfer (automatic),88.63,3652.75,0
CUST-14213,Female,0,Yes,No,1,Yes,No,No,No,No,No,No,No internet service,No,Two year,No,Credit card (automatic),62.91,113.15,0
CUST-14214,Female,0,No,No,30,Yes,Yes,Fiber optic,No,No,No internet service,No,Yes,No internet service,One year,Yes,Electronic check,103.76,3118.06,1
CUST-14215,Female,0,Yes,No,6,Yes,Yes,Fiber optic,Yes,No,No,No,No,Yes,Month-to-month,No,Electronic check,60.25,373.44,1
CUST-14216,Male,0,No,No,58,Yes,No,No,Yes,No internet service,No,Yes,Yes,Yes,Month-to-month,Yes,Mailed check,55.15,3216.71,1
CUST-14217,Male,0,No,No,5,Yes,Yes,DSL,No,No internet service,No,Yes,No,Yes,Two year,Yes,Credit card (automatic),102.55,470.13,0
CUST-14218,Female,0,No,No,68,Yes,No phone service,Fiber optic,No internet service,No,Yes,Yes,No,No,Month-to-month,No,Credit card (automatic),83.2,5649.4,1
CUST-14219,Male,0,No,No,4,Yes,Yes,DSL,Yes,Yes,No,Yes,Yes,No internet service,One year,Yes,Credit card (automatic),96.55,326.32,1
CUST-14220,Male,0,No,Yes,44,Yes,No phone service,Fiber optic,No,Yes,No,No,No,Yes,Two year,Yes,Bank transfer (automatic),86.83,3871.09,0
CUST-14221,Female,0,No,Yes,24,Yes,Yes,DSL,Yes,Yes,No,Yes,No internet service,No,One year,Yes,Mailed check,72.51,1623.82,0
CUST-14222,Female,0,No,No,8,Yes,No,No,No,No,No,No,No internet service,No,Month-to-month,No,Electronic check,25.83,192.64,1
CUST-14223,Female,0,Yes,No,26,Yes,Yes,Fiber optic,No,No,No internet service,No,Yes,No,Two year,Yes,Bank transfer (automatic),80.46,2178.22,0
CUST-14224,Female,0,No,No,2,Yes,No phone service,Fiber optic,No,Yes,No internet service,Yes,No,Yes,Month-to-month,Yes,Credit card (automatic),115.67,254.45,1
CUST-14225,Male,0,Yes,No,50,Yes,Yes,No,No,No,Yes,No,Yes,Yes,Month-to-month,Yes,Mailed check,37.25,1805.1,0
CUST-14226,Male,0,No,Yes,63,No,No,DSL,No internet service,Yes,Yes,Yes,No,Yes,Month-to-month,No,Mailed check,112.91,7134.33,0
CUST-14227,Female,0,No,No,24,Yes,Yes,No,No,No internet service,No internet service,No,No,Yes,Two year,No,Credit card (automatic),46.72,1161.07,0
CUST-14228,Male,0,Yes,No,32,Yes,No,Fiber optic,No,No internet service,Yes,Yes,Yes,Yes,One year,No,Mailed check,116.98,3751.28,0
CUST-14229,Male,1,No,Yes,10,Yes,No,No,No internet service,Yes,No internet service,No,Yes,No,One year,Yes,Bank transfer (automatic),50.21,530.21,1
CUST-14230,Male,0,Yes,No,35,Yes,No,Fiber optic,No,Yes,No,No,Yes,No,Month-to-month,No,Electronic check,43.73,1468.51,1
CUST-14231,Female,0,No,No,69,No,No,No,Yes,No internet service,No,No,No,No,Month-to-month,No,Bank transfer (automatic),35.47,2412.53,1
CUST-14232,Female,0,No,No,39,Yes,No,No,Yes,Yes,No,Yes,No internet service,No,One year,Yes,Mailed check,35.56,1403.26,1
CUST-14233,Male,0,No,No,63,Yes,No,Fiber optic,No internet service,No internet service,No,No internet service,No internet service,Yes,Month-to-month,Yes,Mailed check,76.2,4784.36,1
CUST-14234,Male,0,No,No,56,Yes,Yes,Fiber optic,No internet service,Yes,Yes,No,No internet service,No,Two year,Yes,Electronic check,64.9,3611.74,0
CUST-14235,Male,0,Yes,Yes,9,Yes,Yes,No,Yes,No,Yes,No,No,Yes,Month-to-month,Yes,Bank transfer (automatic),30.26,221.16,0
CUST-14236,Female,0,Yes,No,3,Yes,No,Fiber optic,No,No,No,No,No,No,Month-to-month,Yes,Credit card (automatic),102.2,376.12,1
CUST-14237,Male,0,No,Yes,26,No,Yes,No,Yes,No,No,No internet service,No internet service,No internet service,Month-to-month,No,Electronic check,102.54,2670.68,1
CUST-14238,Female,0,Yes,No,68,No,No,Fiber optic,Yes,No internet service,Yes,No,Yes,No,Month-to-month,Yes,Electronic check,94.08,6446.27,0
CUST-14239,Male,1,Yes,No,12,Yes,Yes,DSL,No internet service,No internet service,Yes,No,No,No,Month-to-month,Yes,Credit card (automatic),68.01,706.59,1
CUST-14240,Male,0,Yes,No,3,Yes,No phone service,No,No,No,No,No,No internet service,Yes,Month-to-month,No,Electronic check,18.25,101.37,1
CUST-14241,Male,0,Yes,No,70,Yes,No,Fiber optic,Yes,No,No,No,No,No,Two year,Yes,Electronic check,118.75,8255.53,0
CUST-14242,Female,0,No,No,14,Yes,No,DSL,No,No,No,No,No,No internet service,Month-to-month,Yes,Electronic check,96.31,1334.48,1
CUST-14243,Male,0,Yes,No,25,Yes,No,DSL,No internet service,No,No internet service,No,No,No,Month-to-month,No,Bank transfer (automatic),65.86,1655.91,1
CUST-14244,Male,0,Yes,No,56,Yes,No,DSL,No internet service,Yes,No,No,No internet service,Yes,Month-to-month,Yes,Electronic check,81.21,4646.35,1
CUST-14245,Male,1,No,Yes,7,Yes,Yes,Fiber optic,No,No,No,No,Yes,No internet service,Month-to-month,Yes,Mailed check,80.56,654.53,1
CUST-14246,Male,1,No,Yes,12,Yes,Yes,No,No internet service,No,No,No,Yes,Yes,Month-to-month,Yes,Electronic check,26.47,314.08,1
CUST-14247,Male,0,Yes,No,53,Yes,No,No,No,Yes,No,Yes,No internet service,Yes,Month-to-month,Yes,Mailed check,42.06,2250.15,1
CUST-14248,Female,0,No,No,0,No,Yes,DSL,No internet service,No,No internet service,No,No internet service,Yes,Month-to-month,Yes,Mailed check,92.16,0.0,1
CUST-14249,Male,0,Yes,Yes,51,Yes,Yes,DSL,No,No internet service,Yes,No,No,No,Month-to-month,Yes,Electronic check,82.3,4199.37,1
CUST-14250,Male,0,No,No,39,Yes,Yes,DSL,No,No internet service,No,No,Yes,No internet service,Two year,Yes,Bank transfer (automatic),70.65,2754.27,1
CUST-14251,Male,0,Yes,Yes,17,Yes,Yes,Fiber optic,No internet service,No,Yes,No,No internet service,Yes,Month-to-month,No,Electronic check,103.03,1767.66,1
CUST-14252,Female,1,Yes,No,44,Yes,Yes,No,No,No internet service,No,No,No internet service,No,One year,Yes,Credit card (automatic),43.55,1888.27,0
CUST-14253,Male,0,Yes,No,23,Yes,Yes,No,No,Yes,No,Yes,Yes,No,Month-to-month,Yes,Credit card (automatic),74.87,1746.6,0
CUST-14254,Male,0,No,Yes,69,No,Yes,DSL,No internet service,Yes,Yes,No,No,No,One year,No,Mailed check,54.02,3745.42,0
CUST-14255,Male,0,Yes,Yes,30,No,No,Fiber optic,No internet service,No,No,Yes,No internet service,Yes,Month-to-month,No,Electronic check,82.8,2430.42,0
CUST-14256,Male,0,Yes,No,54,Yes,Yes,Fiber optic,No,No,No,Yes,No,No,Month-to-month,Yes,Electronic check,105.88,5712.1,0
CUST-14257,Male,1,No,No,19,Yes,Yes,No,No,No internet service,No internet service,No internet service,Yes,No internet service,Month-to-month,Yes,Credit card (automatic),64.38,1196.73,1
CUST-14258,Female,0,Yes,No,60,Yes,No,Fiber optic,No internet service,No internet service,No internet service,No,No internet service,Yes,One year,No,Electronic check,76.52,4692.99,1
CUST-14259,Male,0,No,Yes,21,Yes,No,Fiber optic,No,No,No,No,No,No internet service,Two year,No,Electronic check,72.51,1586.68,1
CUST-14260,Male,1,Yes,No,37,Yes,No,No,No,Yes,Yes,Yes,No,No,Month-to-month,Yes,Credit card (automatic),60.25,2278.58,1
CUST-14261,Male,0,Yes,No,58,No,No phone service,DSL,Yes,Yes,No internet service,Yes,No,No internet service,One year,No,Mailed check,103.66,5987.68,0
CUST-14262,Male,0,Yes,No,67,Yes,No,No,Yes,No,No internet service,No,No,Yes,One year,Yes,Mailed check,68.03,4650.49,0
CUST-14263,Female,0,Yes,No,54,Yes,No,No,No,No,No internet service,Yes,No internet service,No internet service,Two year,No,Credit card (automatic),26.36,1406.08,0
CUST-14264,Female,0,Yes,Yes,48,Yes,Yes,No,No,No internet service,No,Yes,No,Yes,One year,Yes,Mailed check,36.54,1718.32,0
CUST-14265,Female,0,No,No,50,Yes,No,DSL,No,Yes,No internet service,No internet service,No,No,Month-to-month,No,Mailed check,53.28,2777.28,1
CUST-14266,Male,0,No,No,29,Yes,No,No,Yes,No internet service,No,No,No,No,One year,Yes,Electronic check,78.33,2304.98,0
CUST-14267,Female,0,Yes,No,50,Yes,No,DSL,Yes,No,Yes,Yes,No,No,Two year,Yes,Bank transfer (automatic),73.77,3649.38,0
CUST-14268,Male,1,Yes,No,41,Yes,Yes,Fiber optic,No,No,No,No internet service,No,Yes,Two year,Yes,Bank transfer (automatic),83.87,3419.18,0
CUST-14269,Female,0,No,Yes,38,No,No phone service,No,Yes,Yes,Yes,No internet service,Yes,Yes,Two year,No,Electronic check,55.48,2147.32,0
CUST-14270,Female,1,Yes,Yes,22,Yes,Yes,DSL,No internet service,Yes,Yes,Yes,Yes,No internet service,Month-to-month,Yes,Bank transfer (automatic),84.46,1843.09,0
CUST-14271,Female,1,No,Yes,25,Yes,No,Fiber optic,Yes,No,Yes,Yes,No,No,Month-to-month,No,Mailed check,82.14,2048.96,1
CUST-14272,Female,0,No,No,9,Yes,No phone service,Fiber optic,No internet service,No internet service,No,Yes,Yes,No,Month-to-month,Yes,Mailed check,95.64,944.87,1
CUST-14273,Male,0,Yes,Yes,52,Yes,No,No,No,No,No internet service,No,No internet service,Yes,Two year,Yes,Credit card (automatic),52.02,2671.82,0
CUST-14274,Male,0,No,Yes,1,Yes,Yes,DSL,No internet service,No,No internet service,No,No,No internet service,Month-to-month,Yes,Electronic check,107.82,84.59,1
CUST-14275,Female,0,No,Yes,8,Yes,Yes,No,No,No,No internet service,No,No,No,Month-to-month,No,Mailed check,50.7,545.51,1
CUST-14276,Male,0,No,Yes,21,Yes,No,No,No internet service,Yes,Yes,No,No,No internet service,One year,No,Mailed check,58.07,1243.39,0
CUST-14277,Female,0,No,No,10,Yes,No,Fiber optic,No,Yes,No,No,Yes,Yes,Month-to-month,No,Bank transfer (automatic),77.39,799.15,0
CUST-14278,Female,0,Yes,No,54,No,Yes,Fiber optic,No,No internet service,No internet service,Yes,No internet service,Yes,Two year,No,Electronic check,77.65,4270.4,0
CUST-14279,Female,0,No,No,9,No,No,Fiber optic,Yes,No,No,No,Yes,No,One year,Yes,Electronic check,99.22,921.94,1
CUST-14280,Male,0,Yes,No,33,Yes,No phone service,DSL,No,No internet service,Yes,No,No,No,Month-to-month,Yes,Electronic check,56.76,1939.63,1
CUST-14281,Female,0,Yes,No,53,Yes,Yes,Fiber optic,Yes,No,No internet service,No,Yes,No internet service,One year,Yes,Credit card (automatic),96.67,5053.29,0
CUST-14282,Male,0,No,No,43,Yes,Yes,DSL,No internet service,Yes,No,Yes,No internet service,Yes,One year,Yes,Electronic check,70.2,3043.54,1
CUST-14283,Male,0,Yes,Yes,43,Yes,No,DSL,No,No,No,No internet service,No,No,Month-to-month,Yes,Bank transfer (automatic),87.28,3745.03,1
CUST-14284,Male,1,No,Yes,25,Yes,No,DSL,No,No,Yes,No,No internet service,Yes,Two year,Yes,Electronic check,35.88,922.92,0
CUST-14285,Female,1,No,No,32,Yes,No phone service,Fiber optic,Yes,No,No internet service,Yes,No internet service,No,Month-to-month,No,Bank transfer (automatic),118.75,3690.26,1
CUST-14286,Female,0,No,No,55,Yes,No,Fiber optic,Yes,Yes,No internet service,No,Yes,No internet service,Month-to-month,Yes,Electronic check,57.01,3064.14,0
CUST-14287,Female,0,No,No,34,Yes,Yes,Fiber optic,No,Yes,No internet service,No,No,No,One year,No,Bank transfer (automatic),118.75,4035.47,1
CUST-14288,Female,0,No,Yes,51,Yes,No,DSL,No,No,Yes,No,No,Yes,Month-to-month,No,Bank transfer (automatic),76.53,3940.91,0
CUST-14289,Male,0,No,Yes,60,No,No,Fiber optic,No,No,Yes,No,No,No,One year,No,Credit card (automatic),100.28,5951.96,0
CUST-14290,Male,0,No,Yes,17,Yes,Yes,Fiber optic,No internet service,Yes,No internet service,No,No,No,Month-to-month,No,Bank transfer (automatic),89.11,1487.7,0
CUST-14291,Female,0,No,No,8,Yes,Yes,Fiber optic,Yes,No,No internet service,No,Yes,No,Two year,No,Credit card (automatic),91.62,751.09,0
CUST-14292,Male,0,No,No,33,Yes,No,DSL,No,No,No internet service,Yes,No,Yes,Two year,Yes,Credit card (automatic),55.94,1841.44,0
CUST-14293,Male,0,Yes,Yes,27,Yes,Yes,Fiber optic,Yes,No,No,No,No,No,One year,No,Electronic check,102.46,2818.55,1
CUST-14294,Female,0,Yes,Yes,10,Yes,No phone service,Fiber optic,No,Yes,Yes,Yes,Yes,No,Month-to-month,No,Mailed check,98.9,1046.3,1
CUST-14295,Female,1,Yes,Yes,55,Yes,Yes,No,No,No internet service,No,No internet service,No,Yes,Month-to-month,No,Mailed check,58.5,3165.0,0
CUST-14296,Male,0,Yes,Yes,45,Yes,Yes,Fiber optic,No,Yes,Yes,No internet service,Yes,Yes,Two year,No,Mailed check,118.75,5339.76,0
CUST-14297,Female,0,Yes,No,48,Yes,No phone service,DSL,No,Yes,No,Yes,No internet service,No,Month-to-month,No,Bank transfer (automatic),46.99,2229.4,0
CUST-14298,Male,1,No,No,51,No,Yes,DSL,Yes,Yes,Yes,No,Yes,No,Month-to-month,Yes,Mailed check,76.64,3972.25,0
CUST-14299,Male,0,No,No,31,Yes,Yes,DSL,Yes,Yes,No,No internet service,No,Yes,Month-to-month,Yes,Credit card (automatic),45.24,1447.69,1
CUST-14300,Male,0,No,No,37,Yes,Yes,DSL,Yes,No,No,No,Yes,No internet service,Month-to-month,Yes,Mailed check,98.37,3593.08,0
CUST-14301,Female,0,No,No,16,Yes,No phone service,No,No,Yes,No internet service,No,No internet service,No,Month-to-month,Yes,Electronic check,64.64,1103.39,1
CUST-14302,Male,1,No,No,53,Yes,No phone service,Fiber optic,Yes,Yes,Yes,Yes,No,Yes,Month-to-month,No,Credit card (automatic),85.28,4454.16,1
CUST-14303,Male,0,No,No,69,Yes,Yes,DSL,No,Yes,No internet service,No,Yes,No internet service,Month-to-month,No,Bank transfer (automatic),92.78,6378.79,0
CUST-14304,Female,0,No,No,63,Yes,No,No,No,Yes,Yes,Yes,Yes,No,One year,Yes,Electronic check,60.0,3726.07,1
CUST-14305,Female,0,Yes,No,29,Yes,No,DSL,No,No,No internet service,No internet service,No,Yes,Month-to-month,No,Credit card (automatic),45.3,1291.42,0
CUST-14306,Female,0,No,Yes,3,No,Yes,No,No,Yes,No,No,No internet service,No internet service,Month-to-month,Yes,Mailed check,63.14,77.85,1
CUST-14307,Female,0,Yes,Yes,64,Yes,Yes,DSL,No internet service,Yes,Yes,No,No,No,Two year,Yes,Electronic check,57.9,3705.35,0
CUST-14308,Female,0,Yes,No,41,Yes,No,Fiber optic,No internet service,No internet service,No internet service,No internet service,No internet service,No,Two year,Yes,Credit card (automatic),93.16,3733.96,1
CUST-14309,Female,0,Yes,No,56,Yes,Yes,Fiber optic,No,No,Yes,No,No,Yes,Month-to-month,Yes,Bank transfer (automatic),108.81,6069.39,0
CUST-14310,Female,0,No,Yes,21,Yes,No,DSL,No internet service,Yes,No,No internet service,No,No internet service,Month-to-month,No,Electronic check,75.98,1653.34,1
CUST-14311,Female,0,No,No,62,Yes,Yes,DSL,No internet service,No,No internet service,No internet service,Yes,Yes,Two year,Yes,Electronic check,73.7,4577.26,0
CUST-14312,Male,0,Yes,No,61,Yes,No,No,Yes,Yes,No,Yes,Yes,Yes,Month-to-month,Yes,Credit card (automatic),78.43,4895.97,1
CUST-14313,Male,0,No,No,1,Yes,Yes,Fiber optic,No,Yes,No,No internet service,No,No internet service,Month-to-month,No,Electronic check,93.54,147.58,1
CUST-14314,Female,0,Yes,No,41,No,Yes,No,No,Yes,No,No,No,Yes,One year,Yes,Mailed check,44.85,1891.39,0
CUST-14315,Male,0,Yes,Yes,34,Yes,Yes,Fiber optic,No internet service,Yes,Yes,No,No,No internet service,Month-to-month,Yes,Electronic check,58.36,1956.69,1
CUST-14316,Female,1,Yes,No,48,Yes,No phone service,DSL,No internet service,Yes,No,No,No,Yes,One year,No,Credit card (automatic),75.5,3610.03,0
CUST-14317,Male,1,Yes,Yes,18,Yes,Yes,Fiber optic,No,Yes,No internet service,Yes,Yes,Yes,Month-to-month,No,Electronic check,103.98,1898.23,1
CUST-14318,Female,0,No,No,7,Yes,Yes,No,No,No,No,No internet service,No internet service,No,Month-to-month,Yes,Bank transfer (automatic),79.89,534.25,1
CUST-14319,Male,0,Yes,No,20,Yes,Yes,DSL,No,Yes,Yes,No,Yes,Yes,Two year,No,Credit card (automatic),43.73,875.38,0
CUST-14320,Female,0,Yes,Yes,38,Yes,Yes,DSL,No,Yes,Yes,No,Yes,Yes,Two year,Yes,Bank transfer (automatic),83.98,3247.83,0
CUST-14321,Male,0,Yes,No,19,Yes,No,Fiber optic,No,No internet service,No,No,Yes,Yes,One year,Yes,Mailed check,103.78,1979.02,1
CUST-14322,Male,0,No,No,33,Yes,Yes,No,No,No,No internet service,No,No,Yes,Two year,Yes,Mailed check,41.54,1298.49,0
CUST-14323,Male,1,No,No,28,Yes,No,Fiber optic,No internet service,No,No internet service,Yes,No,No internet service,One year,Yes,Credit card (automatic),118.75,3359.66,0
CUST-14324,Female,0,No,No,50,Yes,No,Fiber optic,No,No,No internet service,Yes,No,Yes,Month-to-month,No,Bank transfer (automatic),73.23,3640.4,0
CUST-14325,Male,0,No,Yes,29,Yes,No,DSL,Yes,No,No,No,No,No internet service,One year,Yes,Credit card (automatic),111.64,3211.31,1
CUST-14326,Female,1,No,No,10,No,No,Fiber optic,Yes,No,No,No,No,No,Two year,No,Electronic check,92.78,1049.17,0
CUST-14327,Male,0,Yes,Yes,46,Yes,Yes,Fiber optic,No,No,No,No,Yes,No,One year,Yes,Credit card (automatic),105.41,4856.48,1
CUST-14328,Male,0,Yes,Yes,15,No,No,DSL,No,No internet service,Yes,No,No,No internet service,Two year,No,Electronic check,66.87,1107.99,0
CUST-14329,Female,0,No,No,21,Yes,No,Fiber optic,No,No,No,No,No,Yes,One year,Yes,Mailed check,59.32,1208.29,1
CUST-14330,Male,0,Yes,No,51,Yes,No phone service,Fiber optic,No,Yes,No,No internet service,Yes,No internet service,Month-to-month,Yes,Bank transfer (automatic),87.94,4451.54,0
CUST-14331,Male,1,Yes,No,19,Yes,No phone service,Fiber optic,No internet service,Yes,No internet service,Yes,Yes,No,Month-to-month,No,Credit card (automatic),102.95,1932.36,1
CUST-14332,Female,0,Yes,No,4,No,No,No,No internet service,Yes,No,No,Yes,No internet service,One year,No,Mailed check,39.17,151.78,1
CUST-14333,Female,0,Yes,No,26,Yes,No,No,No,No,No,No,Yes,No,Month-to-month,Yes,Electronic check,44.39,1139.23,1
CUST-14334,Female,0,No,No,28,Yes,Yes,Fiber optic,No,No internet service,No,Yes,Yes,No,Month-to-month,No,Electronic check,91.66,2516.98,1
CUST-14335,Male,1,Yes,Yes,50,Yes,No,No,No,No,No internet service,Yes,No internet service,No,Month-to-month,No,Credit card (automatic),19.63,1028.54,0
CUST-14336,Female,0,Yes,No,51,Yes,No phone service,No,No,No,Yes,No internet service,Yes,Yes,Month-to-month,Yes,Electronic check,44.32,2265.27,0
CUST-14337,Male,0,No,No,0,Yes,Yes,Fiber optic,Yes,No,No,Yes,No internet service,Yes,Month-to-month,Yes,Bank transfer (automatic),94.2,42.32,0
CUST-14338,Female,0,No,No,55,Yes,No,Fiber optic,No,No,No internet service,No,Yes,No,Month-to-month,Yes,Bank transfer (automatic),79.41,4383.67,0
CUST-14339,Female,1,Yes,No,54,Yes,Yes,DSL,No,No,No,Yes,Yes,No,Month-to-month,Yes,Bank transfer (automatic),99.81,5517.84,1
CUST-14340,Male,0,Yes,No,12,Yes,Yes,No,No,No,No internet service,Yes,No,Yes,Two year,Yes,Electronic check,54.53,661.99,0
CUST-14341,Male,0,Yes,No,24,Yes,Yes,DSL,No,No,No internet service,No,Yes,No internet service,Two year,No,Bank transfer (automatic),32.35,825.69,0
CUST-14342,Male,1,Yes,No,55,Yes,Yes,DSL,Yes,No,No,No,No internet service,Yes,Month-to-month,Yes,Credit card (automatic),64.77,3627.47,0
CUST-14343,Male,0,Yes,No,42,Yes,No,Fiber optic,Yes,No,Yes,No,No,No internet service,Month-to-month,Yes,Credit card (automatic),76.12,3139.13,1
CUST-14344,Male,0,Yes,No,24,Yes,Yes,DSL,No internet service,No,No,Yes,No internet service,No,Month-to-month,No,Mailed check,57.87,1336.6,1
CUST-14345,Female,0,No,No,55,Yes,No,DSL,No,No,No,No,Yes,No internet service,One year,Yes,Electronic check,105.74,5766.14,0
CUST-14346,Male,0,No,No,46,Yes,No,Fiber optic,Yes,No internet service,No,No internet service,Yes,No,Month-to-month,Yes,Bank transfer (automatic),102.49,4696.31,1
CUST-14347,Male,0,No,Yes,37,Yes,No,DSL,No,No,No,No,No internet service,No,Month-to-month,No,Bank transfer (automatic),67.38,2478.4,0
CUST-14348,Female,0,No,No,0,Yes,Yes,No,Yes,No,No,No internet service,Yes,Yes,One year,No,Electronic check,40.59,12.26,0
CUST-14349,Male,0,No,No,47,Yes,Yes,No,No,No internet service,Yes,Yes,No,No internet service,Month-to-month,No,Bank transfer (automatic),43.64,2131.27,0
CUST-14350,Female,0,No,Yes,13,Yes,No,Fiber optic,No,No internet service,No,No,No,Yes,Month-to-month,No,Credit card (automatic),78.31,938.59,1
CUST-14351,Female,0,No,Yes,67,Yes,No,DSL,No internet service,No,No internet service,No,Yes,No,One year,Yes,Mailed check,61.05,4013.46,0
CUST-14352,Female,1,No,No,13,Yes,No,Fiber optic,Yes,No internet service,No,No internet service,No,Yes,Month-to-month,Yes,Mailed check,100.11,1272.92,1
CUST-14353,Male,0,No,Yes,2,Yes,No,DSL,No,No internet service,Yes,No,No internet service,Yes,Two year,Yes,Bank transfer (automatic),33.72,19.08,0
CUST-14354,Male,0,No,No,27,Yes,No phone service,Fiber optic,No,Yes,No,Yes,No,No internet service,Month-to-month,Yes,Bank transfer (automatic),100.38,2635.25,1
CUST-14355,Female,0,No,Yes,25,Yes,Yes,DSL,Yes,No,Yes,No,Yes,No,Month-to-month,Yes,Bank transfer (automatic),44.5,1095.95,0
CUST-14356,Female,0,Yes,Yes,25,Yes,Yes,Fiber optic,Yes,No,Yes,No internet service,No internet service,Yes,Two year,Yes,Mailed check,100.23,2517.63,0
CUST-14357,Male,0,Yes,Yes,67,Yes,No phone service,DSL,Yes,No,Yes,No internet service,No internet service,Yes,Two year,Yes,Bank transfer (automatic),96.32,6449.97,0
CUST-14358,Female,0,Yes,No,20,Yes,No,No,Yes,No internet service,No,No internet service,No,No internet service,One year,No,Credit card (automatic),29.17,555.72,0
CUST-14359,Female,0,Yes,No,61,Yes,Yes,DSL,No,Yes,Yes,No,No,No,One year,Yes,Credit card (automatic),60.38,3684.22,0
CUST-14360,Male,0,Yes,No,11,Yes,No,Fiber optic,No internet service,No,Yes,Yes,No,No,Month-to-month,Yes,Mailed check,109.5,1118.43,1
CUST-14361,Female,0,Yes,No,45,Yes,Yes,DSL,No,No,Yes,Yes,No,No internet service,Month-to-month,Yes,Bank transfer (automatic),68.73,3128.43,0
CUST-14362,Male,1,Yes,No,9,Yes,No,Fiber optic,No,No,No internet service,No,Yes,No,Month-to-month,Yes,Mailed check,74.37,669.64,1
CUST-14363,Female,0,No,Yes,16,Yes,No,No,No,No,Yes,Yes,Yes,No internet service,Month-to-month,Yes,Credit card (automatic),35.52,586.63,0
CUST-14364,Female,0,Yes,Yes,10,Yes,No,DSL,Yes,No,No,No,Yes,Yes,Two year,No,Credit card (automatic),118.75,1191.39,1
CUST-14365,Female,0,Yes,No,24,Yes,No phone service,DSL,No,Yes,Yes,No,Yes,No,Month-to-month,Yes,Bank transfer (automatic),65.07,1481.8,1
CUST-14366,Male,0,Yes,Yes,33,Yes,No,DSL,No internet service,Yes,No internet service,Yes,Yes,No,One year,Yes,Mailed check,85.13,2787.7,0
CUST-14367,Male,0,Yes,No,62,Yes,Yes,Fiber optic,Yes,Yes,Yes,Yes,Yes,Yes,Two year,Yes,Mailed check,103.02,6456.1,1
CUST-14368,Female,1,No,No,55,Yes,No,Fiber optic,Yes,Yes,No,No internet service,Yes,No,Month-to-month,No,Credit card (automatic),118.75,6561.69,1
CUST-14369,Female,1,No,No,50,Yes,No,No,Yes,No,Yes,No,No,No,One year,Yes,Electronic check,88.64,4422.12,1
CUST-14370,Female,0,Yes,No,35,Yes,No,No,No,No internet service,No,No,Yes,Yes,Month-to-month,Yes,Mailed check,18.25,680.2,0
CUST-14371,Male,1,No,No,20,Yes,Yes,DSL,No internet service,Yes,Yes,No internet service,No internet service,No,Month-to-month,Yes,Electronic check,104.03,2132.13,1
CUST-14372,Male,0,Yes,No,21,Yes,Yes,No,No,No,Yes,No internet service,No,No internet service,One year,Yes,Bank transfer (automatic),52.81,1179.06,0
CUST-14373,Female,0,No,No,9,Yes,No phone service,No,No,Yes,No,No,No internet service,No,Month-to-month,Yes,Mailed check,29.45,305.53,1
CUST-14374,Male,0,No,No,48,Yes,No,Fiber optic,No,No,No internet service,No,Yes,No,Month-to-month,Yes,Bank transfer (automatic),109.58,5334.19,1
CUST-14375,Female,0,No,No,56,Yes,No,Fiber optic,No internet service,Yes,No internet service,Yes,Yes,No internet service,Month-to-month,Yes,Electronic check,71.96,4033.17,1
CUST-14376,Male,0,Yes,No,39,Yes,No,Fiber optic,No,Yes,No internet service,No internet service,No internet service,Yes,Month-to-month,Yes,Credit card (automatic),115.89,4567.06,1
CUST-14377,Male,1,No,No,42,Yes,Yes,Fiber optic,No,No internet service,No,Yes,No,No,Month-to-month,Yes,Bank transfer (automatic),82.38,3410.16,0
CUST-14378,Male,0,No,No,27,Yes,Yes,Fiber optic,Yes,No,No,Yes,Yes,No internet service,One year,Yes,Electronic check,111.54,3051.66,0
CUST-14379,Female,0,No,No,70,Yes,Yes,DSL,Yes,Yes,No internet service,Yes,No internet service,No internet service,Two year,Yes,Credit card (automatic),89.84,6299.55,0
CUST-14380,Female,0,Yes,Yes,64,Yes,Yes,Fiber optic,No internet service,Yes,Yes,Yes,No,Yes,Month-to-month,Yes,Bank transfer (automatic),65.84,4245.05,1
CUST-14381,Male,0,Yes,No,29,Yes,No,Fiber optic,No,No internet service,Yes,No,No internet service,Yes,Month-to-month,Yes,Mailed check,61.81,1855.82,1
CUST-14382,Male,1,Yes,No,55,Yes,Yes,DSL,Yes,No,Yes,No,No,Yes,Two year,No,Electronic check,78.37,4265.73,0
CUST-14383,Female,0,Yes,No,25,Yes,Yes,No,No internet service,No internet service,No internet service,Yes,No,No,Month-to-month,Yes,Electronic check,40.28,1080.19,1
CUST-14384,Male,0,No,Yes,9,Yes,No,DSL,No internet service,No,No internet service,No,Yes,Yes,One year,No,Electronic check,88.25,828.77,0
CUST-14385,Female,0,Yes,No,21,Yes,No,DSL,Yes,No,Yes,No internet service,Yes,No,Month-to-month,Yes,Mailed check,70.33,1492.16,1
CUST-14386,Male,0,Yes,No,60,Yes,Yes,Fiber optic,No,No,No internet service,Yes,Yes,Yes,Month-to-month,No,Mailed check,72.64,4298.69,0
CUST-14387,Male,0,No,No,35,Yes,Yes,Fiber optic,No internet service,No,No,No,Yes,No,Month-to-month,No,Credit card (automatic),96.93,3362.89,1
CUST-14388,Male,0,No,No,63,Yes,No,DSL,Yes,No internet service,No,Yes,No internet service,No internet service,One year,No,Bank transfer (automatic),33.52,2159.32,0
CUST-14389,Female,0,No,No,23,Yes,No,Fiber optic,No,Yes,Yes,No,Yes,Yes,Month-to-month,Yes,Electronic check,63.44,1459.76,1
CUST-14390,Male,0,No,No,33,No,No,Fiber optic,No,No,No,Yes,No internet service,Yes,Two year,No,Credit card (automatic),69.27,2345.13,0
CUST-14391,Female,0,No,Yes,5,Yes,Yes,DSL,No,Yes,Yes,No internet service,No internet service,Yes,Month-to-month,Yes,Electronic check,27.07,177.35,1
CUST-14392,Male,0,No,No,57,Yes,No,DSL,No,No internet service,Yes,Yes,No,No internet service,Month-to-month,Yes,Bank transfer (automatic),82.26,4652.16,1
CUST-14393,Male,0,Yes,No,22,Yes,No,Fiber optic,No,No,No,Yes,No,No,Month-to-month,No,Electronic check,72.91,1603.07,1
CUST-14394,Female,1,Yes,No,6,Yes,No,Fiber optic,No,Yes,Yes,No,No internet service,Yes,Month-to-month,Yes,Electronic check,94.71,563.89,1
CUST-14395,Female,1,No,No,15,Yes,No phone service,DSL,No internet service,No,No,No,No,Yes,Month-to-month,Yes,Credit card (automatic),89.93,1394.45,1
CUST-14396,Male,0,Yes,No,48,Yes,No,Fiber optic,Yes,No,Yes,No,No internet service,No internet service,Month-to-month,Yes,Bank transfer (automatic),115.35,5541.53,0
CUST-14397,Male,0,Yes,Yes,59,No,Yes,Fiber optic,Yes,No internet service,No internet service,Yes,No,No,Month-to-month,Yes,Mailed check,105.96,6249.84,1
CUST-14398,Male,1,No,No,69,Yes,No,No,No,No,No,No,Yes,No,Two year,Yes,Electronic check,18.25,1282.65,0
CUST-14399,Female,0,Yes,No,17,Yes,No,Fiber optic,No,Yes,No,No internet service,No,Yes,Month-to-month,No,Bank transfer (automatic),71.95,1210.96,1
CUST-14400,Male,0,Yes,No,43,Yes,Yes,DSL,No,No,Yes,No,Yes,No internet service,Two year,No,Credit card (automatic),40.24,1772.05,0
CUST-14401,Male,0,Yes,No,33,Yes,Yes,Fiber optic,Yes,Yes,Yes,Yes,No,No internet service,One year,No,Credit card (automatic),71.65,2374.16,0
CUST-14402,Male,0,Yes,No,52,Yes,Yes,DSL,No internet service,No,Yes,No internet service,Yes,Yes,Two year,No,Electronic check,104.31,5487.68,0
CUST-14403,Female,0,No,No,49,Yes,No phone service,Fiber optic,No,No,No,No,No,No,One year,Yes,Electronic check,95.96,4742.67,0
CUST-14404,Male,0,Yes,No,5,Yes,No,DSL,No,No,Yes,No,No internet service,Yes,Two year,Yes,Electronic check,94.9,485.85,1
CUST-14405,Female,0,No,No,10,Yes,No,No,Yes,No,No,Yes,Yes,No,Month-to-month,Yes,Electronic check,23.28,307.43,1
CUST-14406,Male,1,Yes,No,43,Yes,No,Fiber optic,Yes,Yes,No,No,No,No internet service,Month-to-month,No,Electronic check,85.88,3665.35,1
CUST-14407,Male,0,No,Yes,38,No,No,No,No,No internet service,No internet service,No,No,Yes,One year,Yes,Electronic check,61.95,2363.9,0
CUST-14408,Male,0,Yes,No,64,No,No,Fiber optic,No,No internet service,No,No,Yes,Yes,Month-to-month,Yes,Bank transfer (automatic),69.85,4478.23,1
CUST-14409,Male,0,Yes,No,61,Yes,Yes,Fiber optic,No internet service,No,No,No,Yes,No,Month-to-month,No,Bank transfer (automatic),85.52,5238.89,0
CUST-14410,Male,0,No,No,4,Yes,Yes,DSL,No,No,No internet service,No,Yes,Yes,Month-to-month,Yes,Electronic check,93.91,349.76,1
CUST-14411,Female,0,Yes,Yes,42,Yes,No,DSL,No,No,No,Yes,Yes,Yes,One year,No,Credit card (automatic),95.02,3999.12,0
CUST-14412,Male,0,No,No,29,Yes,No,No,No internet service,No,Yes,No internet service,Yes,Yes,One year,No,Bank transfer (automatic),60.57,1729.1,0
CUST-14413,Female,0,Yes,No,35,Yes,No,No,Yes,Yes,Yes,Yes,No,Yes,Month-to-month,Yes,Mailed check,49.21,1653.07,0
CUST-14414,Male,0,Yes,Yes,4,Yes,No phone service,DSL,No,No,Yes,No internet service,No internet service,Yes,Month-to-month,Yes,Electronic check,77.2,302.81,1
CUST-14415,Male,0,Yes,No,61,Yes,No,Fiber optic,No,Yes,No,No,No,No internet service,One year,No,Bank transfer (automatic),67.66,4142.39,0
CUST-14416,Male,0,No,No,12,Yes,Yes,DSL,Yes,No internet service,Yes,No,Yes,No internet service,Two year,Yes,Bank transfer (automatic),112.58,1300.93,0
CUST-14417,Male,1,Yes,Yes,69,Yes,Yes,Fiber optic,No,No internet service,No,No,Yes,No,Month-to-month,No,Electronic check,64.26,4417.63,0
CUST-14418,Female,0,Yes,No,67,Yes,No,No,No internet service,Yes,Yes,No,Yes,Yes,Month-to-month,No,Electronic check,75.91,5114.37,1
CUST-14419,Male,0,No,No,59,Yes,No,DSL,No,No,No,No internet service,No,Yes,One year,Yes,Electronic check,36.49,2187.54,1
CUST-14420,Female,0,Yes,No,8,Yes,No,DSL,No,Yes,No,No internet service,No,No,Month-to-month,Yes,Bank transfer (automatic),69.54,595.5,1
CUST-14421,Female,0,No,No,29,Yes,Yes,Fiber optic,No,Yes,Yes,No,Yes,No,Month-to-month,No,Credit card (automatic),97.54,2779.27,0
CUST-14422,Female,0,No,No,1,Yes,No,DSL,No,Yes,Yes,No,No,Yes,Month-to-month,Yes,Mailed check,60.4,174.01,1
CUST-14423,Male,0,No,No,44,Yes,No,DSL,No,No,No internet service,No,Yes,No internet service,One year,No,Credit card (automatic),44.92,1901.15,0
CUST-14424,Male,0,Yes,No,63,Yes,Yes,Fiber optic,Yes,No internet service,No,No,No,No,Two year,No,Bank transfer (automatic),73.49,4621.45,0
CUST-14425,Female,0,Yes,Yes,38,Yes,No,Fiber optic,Yes,Yes,No internet service,No internet service,Yes,Yes,Month-to-month,No,Credit card (automatic),84.98,3114.68,0
CUST-14426,Male,1,No,No,1,Yes,Yes,No,No,No internet service,Yes,No,No internet service,No internet service,Month-to-month,Yes,Bank transfer (automatic),53.32,4.26,1
CUST-14427,Male,0,No,No,22,No,No,No,No,No,No,No internet service,No,No,Two year,Yes,Credit card (automatic),47.55,1002.55,0
CUST-14428,Female,0,Yes,No,12,Yes,No,Fiber optic,No,Yes,Yes,No,Yes,No internet service,Two year,No,Credit card (automatic),92.48,1173.31,1
CUST-14429,Female,1,No,No,31,Yes,Yes,Fiber optic,Yes,No,No,No internet service,Yes,No internet service,Month-to-month,Yes,Electronic check,96.65,3080.71,1
CUST-14430,Female,0,No,No,27,Yes,No,Fiber optic,Yes,No,No,No internet service,Yes,Yes,Month-to-month,Yes,Mailed check,103.39,2803.59,1
CUST-14431,Male,0,Yes,No,60,Yes,No,Fiber optic,No,No,Yes,No,No,No,One year,Yes,Electronic check,80.75,4821.44,1
CUST-14432,Female,0,Yes,No,16,Yes,Yes,DSL,No,No,No,No,No,Yes,One year,No,Credit card (automatic),81.78,1180.02,1
CUST-14433,Male,0,No,Yes,21,No,No,DSL,No,Yes,Yes,No,No,Yes,One year,Yes,Mailed check,51.47,1040.74,1
CUST-14434,Female,0,No,No,17,Yes,No,Fiber optic,No,No,Yes,No,Yes,Yes,Month-to-month,Yes,Credit card (automatic),57.79,891.17,1
CUST-14435,Female,0,No,No,64,Yes,No,No,No,No,No,Yes,Yes,No,One year,Yes,Credit card (automatic),40.67,2569.79,0
CUST-14436,Female,0,Yes,No,21,No,Yes,Fiber optic,Yes,No internet service,Yes,No,No,No internet service,Two year,No,Mailed check,118.75,2477.76,0
CUST-14437,Female,0,Yes,No,72,Yes,No,No,Yes,No,No,Yes,No internet service,Yes,Month-to-month,No,Bank transfer (automatic),49.73,3591.19,0
CUST-14438,Male,0,Yes,Yes,48,No,Yes,DSL,Yes,Yes,No,Yes,No,No,One year,No,Electronic check,91.8,4397.04,0
CUST-14439,Male,1,Yes,Yes,22,Yes,Yes,DSL,No,No internet service,No,No,No internet service,No internet service,Month-to-month,Yes,Mailed check,98.73,2149.15,1
CUST-14440,Male,1,No,Yes,43,Yes,No,No,Yes,Yes,Yes,No,No internet service,No,Two year,No,Bank transfer (automatic),43.77,1856.98,0
CUST-14441,Male,0,Yes,Yes,8,Yes,No phone service,DSL,No,Yes,Yes,No,Yes,Yes,Month-to-month,Yes,Electronic check,104.71,830.73,1
CUST-14442,Female,0,Yes,No,65,Yes,Yes,Fiber optic,Yes,No,No,No,No internet service,No,Two year,Yes,Electronic check,99.9,6548.06,0
CUST-14443,Male,0,No,No,69,No,No,DSL,No,Yes,No internet service,No internet service,No,Yes,Month-to-month,No,Credit card (automatic),96.83,6715.43,0
CUST-14444,Female,0,Yes,Yes,21,Yes,No,No,No,No,No internet service,No,Yes,No,One year,Yes,Bank transfer (automatic),53.94,1099.46,1
CUST-14445,Male,0,Yes,No,12,Yes,No,DSL,No internet service,No,No,No internet service,No,No,Month-to-month,Yes,Mailed check,80.05,944.04,1
CUST-14446,Male,0,No,Yes,31,Yes,No,No,No internet service,No internet service,No,Yes,No,Yes,One year,No,Credit card (automatic),78.51,2531.73,0
CUST-14447,Male,0,Yes,Yes,56,Yes,Yes,DSL,No internet service,No,No,Yes,Yes,Yes,Month-to-month,No,Mailed check,65.25,3624.08,0
CUST-14448,Female,0,No,No,45,Yes,No,DSL,No,No,No internet service,Yes,Yes,Yes,One year,Yes,Bank transfer (automatic),81.65,3706.69,0
CUST-14449,Female,0,Yes,No,2,Yes,Yes,No,No internet service,No internet service,No,No internet service,No,No internet service,Month-to-month,No,Electronic check,51.93,153.18,1
CUST-14450,Female,0,Yes,No,0,Yes,Yes,Fiber optic,Yes,No,No,No,Yes,Yes,Two year,No,Mailed check,92.79,1.22,1
CUST-14451,Male,0,No,Yes,17,Yes,No,DSL,No,Yes,Yes,No,No internet service,No internet service,Month-to-month,No,Electronic check,89.03,1481.1,1
CUST-14452,Male,0,Yes,No,55,Yes,Yes,Fiber optic,No,No,No internet service,No internet service,No internet service,No internet service,Month-to-month,No,Bank transfer (automatic),96.79,5229.5,1
CUST-14453,Female,0,No,Yes,18,Yes,Yes,DSL,No,No internet service,No,No,No,No,Month-to-month,No,Bank transfer (automatic),73.84,1359.42,0
CUST-14454,Female,1,Yes,No,65,Yes,Yes,DSL,Yes,No,No,No internet service,No,No internet service,Month-to-month,No,Electronic check,108.97,7094.29,1
CUST-14455,Male,0,No,No,21,Yes,Yes,DSL,No,No,Yes,Yes,No internet service,No,Month-to-month,Yes,Bank transfer (automatic),83.08,1708.51,1
CUST-14456,Female,0,Yes,No,65,Yes,Yes,Fiber optic,No internet service,No,Yes,No internet service,Yes,Yes,Month-to-month,No,Electronic check,77.6,5070.9,0
CUST-14457,Male,0,No,No,67,Yes,Yes,DSL,No,Yes,No,No,No internet service,Yes,One year,No,Bank transfer (automatic),75.55,5069.12,0
CUST-14458,Male,0,No,No,53,No,Yes,No,Yes,No,No internet service,Yes,No,No internet service,One year,Yes,Electronic check,50.47,2636.31,0
CUST-14459,Female,0,No,No,12,Yes,No,Fiber optic,Yes,No,No,Yes,No internet service,No internet service,Month-to-month,Yes,Credit card (automatic),79.31,880.48,1
CUST-14460,Male,0,Yes,Yes,5,Yes,No,DSL,Yes,No,No,No,Yes,No internet service,Month-to-month,No,Electronic check,66.4,310.54,1
CUST-14461,Male,0,No,No,12,Yes,No phone service,Fiber optic,No,No,Yes,No,No,No,Month-to-month,Yes,Electronic check,88.04,1128.03,1
CUST-14462,Female,0,No,No,46,Yes,No phone service,Fiber optic,No,No,Yes,Yes,No internet service,Yes,Two year,Yes,Electronic check,100.36,4650.23,0
CUST-14463,Female,1,Yes,Yes,50,Yes,No,Fiber optic,Yes,No,No,No,No,Yes,Month-to-month,No,Mailed check,67.66,3402.07,0
CUST-14464,Male,1,No,Yes,71,Yes,No,Fiber optic,No internet service,No internet service,No internet service,No,Yes,No internet service,One year,Yes,Mailed check,101.66,7239.41,0
CUST-14465,Male,0,Yes,No,69,Yes,Yes,Fiber optic,No,No,No,Yes,Yes,Yes,Two year,No,Electronic check,86.14,5901.37,0
CUST-14466,Female,0,Yes,Yes,22,Yes,Yes,DSL,No internet service,No internet service,Yes,No internet service,No,No,Month-to-month,Yes,Bank transfer (automatic),53.52,1153.46,0
CUST-14467,Female,0,No,No,28,Yes,No phone service,Fiber optic,No internet service,Yes,No,No internet service,Yes,No internet service,One year,Yes,Electronic check,100.61,2820.28,1
CUST-14468,Female,0,Yes,No,56,Yes,No phone service,DSL,No,Yes,No,Yes,No internet service,No internet service,Month-to-month,Yes,Credit card (automatic),81.47,4559.1,0
CUST-14469,Female,0,Yes,No,56,Yes,No,No,No internet service,No internet service,No,No internet service,No,No,Two year,No,Mailed check,61.72,3403.43,0
CUST-14470,Male,0,No,No,22,Yes,No,Fiber optic,No internet service,No,No,No,No,Yes,Month-to-month,Yes,Mailed check,112.42,2417.51,1
CUST-14471,Female,0,No,No,2,Yes,Yes,Fiber optic,Yes,No internet service,No internet service,Yes,Yes,No,One year,Yes,Bank transfer (automatic),118.75,233.47,1
CUST-14472,Male,0,Yes,No,7,No,Yes,Fiber optic,No,No,No,No internet service,Yes,No,Two year,No,Credit card (automatic),91.94,618.92,1
CUST-14473,Male,0,Yes,Yes,60,Yes,No,DSL,No internet service,Yes,Yes,Yes,No internet service,Yes,Month-to-month,No,Credit card (automatic),69.88,4178.78,0
CUST-14474,Female,0,Yes,Yes,25,Yes,Yes,DSL,No,No,Yes,No,No,Yes,One year,No,Electronic check,72.91,1813.1,1
CUST-14475,Male,0,No,No,52,Yes,No,DSL,No,Yes,No,No,No,Yes,Month-to-month,Yes,Bank transfer (automatic),68.27,3620.27,0
CUST-14476,Female,0,Yes,No,58,No,No,Fiber optic,No internet service,No,No internet service,No internet service,No internet service,Yes,One year,Yes,Electronic check,79.41,4583.22,1
CUST-14477,Male,0,No,No,65,Yes,No,Fiber optic,No,No,No,Yes,Yes,Yes,Month-to-month,No,Bank transfer (automatic),90.71,5920.3,0
CUST-14478,Female,0,No,Yes,35,Yes,No,DSL,No,No,No internet service,No,Yes,No internet service,Month-to-month,Yes,Mailed check,44.82,1515.74,0
CUST-14479,Female,1,No,No,46,Yes,Yes,Fiber optic,Yes,No,Yes,No internet service,No,No,Two year,Yes,Electronic check,107.13,4997.07,0
CUST-14480,Male,0,Yes,No,14,Yes,No,Fiber optic,No internet service,No,Yes,No internet service,No,No internet service,Month-to-month,No,Credit card (automatic),97.5,1452.93,1
CUST-14481,Male,1,Yes,Yes,68,Yes,No,Fiber optic,No internet service,No internet service,Yes,Yes,Yes,No,One year,No,Credit card (automatic),118.75,8055.45,0
CUST-14482,Female,0,Yes,No,64,Yes,No,DSL,No internet service,Yes,No,Yes,No,No,One year,No,Electronic check,58.19,3661.21,0
CUST-14483,Male,0,Yes,No,28,Yes,No phone service,No,No internet service,Yes,No,Yes,No,No,Month-to-month,Yes,Electronic check,79.14,2129.47,1
CUST-14484,Male,0,Yes,No,26,Yes,Yes,Fiber optic,Yes,Yes,No internet service,Yes,Yes,No,Month-to-month,No,Electronic check,109.37,2852.73,0
CUST-14485,Male,0,No,No,53,Yes,Yes,Fiber optic,No,No,No,No internet service,No,Yes,Month-to-month,Yes,Credit card (automatic),71.41,3769.99,1
CUST-14486,Female,0,Yes,No,30,Yes,Yes,Fiber optic,No,Yes,No,Yes,Yes,No,Month-to-month,Yes,Electronic check,68.54,2126.51,1
CUST-14487,Male,0,Yes,No,52,Yes,No,No,Yes,No,No,No internet service,No,No,Two year,Yes,Bank transfer (automatic),57.12,2985.12,0
CUST-14488,Female,0,No,Yes,6,Yes,Yes,Fiber optic,No internet service,Yes,No,No,No,No,One year,No,Electronic check,102.06,578.38,0
CUST-14489,Male,0,No,No,19,Yes,Yes,DSL,Yes,Yes,Yes,Yes,Yes,No,Month-to-month,Yes,Bank transfer (automatic),91.18,1777.99,1
CUST-14490,Male,1,Yes,No,56,Yes,Yes,DSL,No,No,No,No,No,No internet service,One year,Yes,Credit card (automatic),62.85,3414.94,0
CUST-14491,Male,1,No,No,67,Yes,No,DSL,No internet service,No internet service,No,No,No,No,One year,Yes,Electronic check,118.75,7954.9,1
CUST-14492,Female,0,No,Yes,1,Yes,No,Fiber optic,No internet service,Yes,No,Yes,Yes,Yes,Month-to-month,No,Bank transfer (automatic),67.99,72.1,1
CUST-14493,Male,0,Yes,No,56,Yes,Yes,Fiber optic,Yes,Yes,No internet service,No internet service,Yes,Yes,Month-to-month,Yes,Bank transfer (automatic),113.78,6396.66,0
CUST-14494,Male,1,No,No,5,Yes,No,DSL,Yes,Yes,No,Yes,Yes,No internet service,One year,No,Electronic check,40.68,176.44,0
CUST-14495,Female,0,Yes,No,63,Yes,No,DSL,No,No internet service,No internet service,No internet service,No internet service,No internet service,Month-to-month,Yes,Credit card (automatic),59.77,3757.77,0
CUST-14496,Male,0,Yes,Yes,18,Yes,Yes,Fiber optic,No,No,No internet service,Yes,Yes,No internet service,Month-to-month,No,Bank transfer (automatic),108.13,1920.32,1
CUST-14497,Male,0,Yes,No,26,Yes,Yes,Fiber optic,No internet service,No internet service,No,No,No,No,Month-to-month,No,Electronic check,118.75,3112.87,1
CUST-14498,Male,0,Yes,Yes,52,Yes,Yes,Fiber optic,No,Yes,Yes,No,No,No internet service,One year,Yes,Electronic check,112.85,5905.22,1
CUST-14499,Male,0,No,No,61,Yes,Yes,Fiber optic,Yes,Yes,No,No,No,No,One year,Yes,Credit card (automatic),87.19,5276.09,1
CUST-14500,Female,0,No,No,30,Yes,No,DSL,No,No,No,No,No,Yes,One year,Yes,Electronic check,52.37,1607.39,1
CUST-14501,Female,0,Yes,Yes,22,Yes,No phone service,Fiber optic,No,No,Yes,Yes,Yes,Yes,Two year,Yes,Credit card (automatic),115.9,2489.78,0
CUST-14502,Female,0,No,No,71,Yes,Yes,Fiber optic,No internet service,No internet service,No internet service,Yes,Yes,No internet service,Month-to-month,Yes,Electronic check,86.91,6157.77,0
CUST-14503,Female,0,Yes,No,70,Yes,Yes,Fiber optic,Yes,Yes,Yes,No,Yes,No internet service,Month-to-month,No,Credit card (automatic),118.75,8357.11,0
CUST-14504,Male,0,Yes,No,38,Yes,No,Fiber optic,No,No internet service,No,No,No,Yes,Two year,Yes,Electronic check,113.38,4285.03,0
CUST-14505,Male,0,No,No,1,Yes,No,No,No,No,Yes,No internet service,No,Yes,Month-to-month,No,Credit card (automatic),61.04,36.85,0
CUST-14506,Male,1,Yes,No,70,Yes,No,DSL,No,No,No,Yes,Yes,No internet service,Month-to-month,Yes,Credit card (automatic),59.27,4158.39,0
CUST-14507,Female,1,No,No,45,Yes,No,DSL,No,No internet service,No,No,Yes,No,Month-to-month,No,Electronic check,60.48,2569.14,1
CUST-14508,Male,0,Yes,Yes,40,No,Yes,DSL,No,No,No,No,No,No,Month-to-month,Yes,Credit card (automatic),87.57,3467.37,0
CUST-14509,Female,0,No,No,8,Yes,Yes,No,No,No,Yes,No,Yes,Yes,Month-to-month,Yes,Bank transfer (automatic),53.73,410.33,1
CUST-14510,Male,0,Yes,No,72,Yes,No phone service,Fiber optic,Yes,No,No,Yes,No,No,Month-to-month,No,Bank transfer (automatic),118.75,8538.8,1
CUST-14511,Female,0,Yes,No,52,Yes,No,DSL,Yes,Yes,No,No,No,No,Month-to-month,Yes,Electronic check,88.0,4586.57,0
CUST-14512,Male,0,No,No,15,Yes,Yes,DSL,Yes,Yes,Yes,No,No,Yes,Two year,No,Credit card (automatic),86.32,1292.76,0
CUST-14513,Female,0,No,No,26,Yes,No phone service,DSL,Yes,No internet service,Yes,No,No internet service,Yes,Month-to-month,No,Credit card (automatic),106.86,2839.34,1
CUST-14514,Female,0,Yes,Yes,25,Yes,Yes,Fiber optic,No,No internet service,No internet service,No,No internet service,No internet service,Month-to-month,Yes,Electronic check,78.13,2040.72,1
CUST-14515,Female,0,No,Yes,63,Yes,Yes,Fiber optic,Yes,No internet service,Yes,No,Yes,Yes,Month-to-month,Yes,Credit card (automatic),101.36,6380.1,0
CUST-14516,Male,1,Yes,Yes,34,No,No phone service,Fiber optic,Yes,No,Yes,No internet service,Yes,No,One year,No,Electronic check,73.86,2478.37,0
CUST-14517,Male,0,Yes,Yes,63,Yes,No,Fiber optic,No internet service,No,Yes,No,No,No,Two year,No,Electronic check,108.91,6924.01,0
CUST-14518,Female,0,Yes,No,50,No,No,No,No,Yes,No,No internet service,No,Yes,Two year,Yes,Mailed check,82.65,4119.27,0
CUST-14519,Male,0,No,No,26,Yes,Yes,Fiber optic,No internet service,No,No,No,No,No internet service,Month-to-month,Yes,Credit card (automatic),94.85,2434.33,1
CUST-14520,Female,0,No,Yes,29,No,Yes,No,No,No,Yes,No,No internet service,No,Month-to-month,Yes,Bank transfer (automatic),18.25,569.67,1
CUST-14521,Female,0,No,No,59,Yes,No phone service,Fiber optic,Yes,No,Yes,No internet service,Yes,No,One year,No,Credit card (automatic),111.31,6568.27,0
CUST-14522,Female,0,No,Yes,36,Yes,Yes,Fiber optic,No,No,Yes,No internet service,No,No,Two year,Yes,Mailed check,118.75,4317.46,0
CUST-14523,Female,0,Yes,No,49,Yes,No,Fiber optic,No,Yes,No,Yes,Yes,No internet service,Month-to-month,Yes,Bank transfer (automatic),76.23,3699.68,0
CUST-14524,Female,0,Yes,No,8,Yes,No,No,Yes,No,No internet service,No,No internet service,No internet service,Two year,Yes,Bank transfer (automatic),37.73,287.78,0
CUST-14525,Male,0,Yes,No,31,Yes,Yes,Fiber optic,Yes,No,No internet service,Yes,No,No,Two year,Yes,Electronic check,110.7,3473.97,0
CUST-14526,Male,0,No,Yes,42,Yes,No,Fiber optic,Yes,No internet service,No,Yes,Yes,No,Month-to-month,No,Electronic check,72.64,2940.42,1
CUST-14527,Male,0,Yes,No,25,Yes,No phone service,Fiber optic,Yes,No,No,No internet service,No,No internet service,One year,Yes,Electronic check,68.82,1697.07,0
CUST-14528,Male,0,No,No,61,Yes,No,No,Yes,No,Yes,No internet service,Yes,Yes,Two year,Yes,Mailed check,33.12,2071.02,0
CUST-14529,Female,0,No,No,15,Yes,Yes,DSL,Yes,No,No,No,No,No internet service,Month-to-month,Yes,Bank transfer (automatic),67.17,994.98,0
CUST-14530,Male,0,No,Yes,62,Yes,No,Fiber optic,No,Yes,No internet service,No,Yes,Yes,Two year,No,Electronic check,106.07,6630.21,0
CUST-14531,Male,0,Yes,No,4,Yes,Yes,DSL,No,Yes,No internet service,No,Yes,No,Month-to-month,Yes,Electronic check,79.31,280.28,1
CUST-14532,Female,0,Yes,No,31,Yes,Yes,No,No,No internet service,No internet service,No internet service,Yes,Yes,Two year,No,Bank transfer (automatic),70.24,2189.7,0
CUST-14533,Female,0,No,No,37,Yes,No phone service,No,Yes,Yes,No,No internet service,Yes,No,Month-to-month,No,Electronic check,62.61,2301.95,1
CUST-14534,Male,0,No,No,18,Yes,No phone service,Fiber optic,No,No,Yes,No internet service,No,Yes,One year,Yes,Bank transfer (automatic),118.17,2045.3,1
CUST-14535,Female,1,Yes,No,39,Yes,Yes,Fiber optic,No,No,No internet service,No,No,Yes,Month-to-month,Yes,Mailed check,112.15,4357.19,1
CUST-14536,Male,0,No,No,65,Yes,No,Fiber optic,No,No internet service,Yes,Yes,No,No,Month-to-month,Yes,Electronic check,69.0,4461.71,0
CUST-14537,Female,0,No,Yes,32,No,No phone service,Fiber optic,No,No,Yes,Yes,Yes,No internet service,Month-to-month,Yes,Bank transfer (automatic),84.24,2663.46,1
CUST-14538,Female,0,Yes,Yes,39,Yes,No,DSL,No,No,No internet service,Yes,No,Yes,Month-to-month,Yes,Credit card (automatic),101.74,3923.7,0
CUST-14539,Female,0,No,No,69,Yes,Yes,No,No,No,No,No,No,Yes,Two year,No,Mailed check,59.28,4160.57,0
CUST-14540,Female,1,Yes,Yes,67,Yes,Yes,Fiber optic,Yes,Yes,Yes,Yes,No,Yes,Two year,No,Mailed check,80.65,5369.79,0
CUST-14541,Female,0,No,No,0,Yes,No,DSL,No,No,No,No,Yes,No,One year,Yes,Electronic check,68.67,16.37,1
CUST-14542,Female,0,Yes,No,53,No,No phone service,Fiber optic,No,Yes,No,No internet service,No,Yes,Two year,Yes,Credit card (automatic),108.53,5745.79,0
CUST-14543,Female,1,Yes,No,62,No,Yes,DSL,No,No,Yes,No internet service,Yes,Yes,Month-to-month,No,Credit card (automatic),68.77,4305.45,0
CUST-14544,Male,0,Yes,Yes,68,Yes,Yes,Fiber optic,No internet service,Yes,No,Yes,Yes,No,One year,Yes,Credit card (automatic),113.81,7825.98,0
CUST-14545,Female,0,No,No,58,Yes,No,Fiber optic,No internet service,No internet service,Yes,Yes,No internet service,Yes,Month-to-month,Yes,Bank transfer (automatic),86.93,5119.06,0
CUST-14546,Female,0,No,No,6,Yes,No,Fiber optic,No,Yes,No,No internet service,Yes,No,Two year,Yes,Bank transfer (automatic),118.75,685.99,1
CUST-14547,Female,0,Yes,No,55,Yes,No phone service,DSL,No,Yes,Yes,No internet service,No,Yes,One year,No,Credit card (automatic),99.33,5490.93,0
CUST-14548,Female,0,Yes,No,61,Yes,No,Fiber optic,Yes,No,No,No internet service,No,No,Two year,No,Credit card (automatic),79.5,4908.76,0
CUST-14549,Female,0,Yes,Yes,38,No,No,Fiber optic,No,Yes,Yes,No internet service,Yes,Yes,Two year,Yes,Credit card (automatic),106.32,4025.61,1
CUST-14550,Male,1,Yes,No,1,Yes,No phone service,Fiber optic,No,Yes,No,Yes,No,No,Month-to-month,Yes,Electronic check,63.31,113.89,1
CUST-14551,Male,0,No,Yes,13,Yes,No,Fiber optic,No,No internet service,No internet service,No internet service,Yes,Yes,One year,No,Bank transfer (automatic),91.85,1195.57,1
CUST-14552,Male,0,Yes,No,20,Yes,No,Fiber optic,No,Yes,Yes,Yes,No internet service,No,Two year,No,Mailed check,90.22,1740.35,0
CUST-14553,Female,0,No,Yes,62,Yes,Yes,Fiber optic,No,No,No,Yes,Yes,Yes,Month-to-month,Yes,Credit card (automatic),56.48,3601.3,1
CUST-14554,Female,0,No,Yes,9,Yes,No,DSL,Yes,No,Yes,No,No,Yes,Two year,No,Electronic check,40.07,274.2,0
CUST-14555,Male,1,Yes,Yes,54,Yes,Yes,DSL,No,Yes,No,No internet service,No internet service,No,Month-to-month,Yes,Mailed check,99.23,5289.74,1
CUST-14556,Male,0,No,Yes,13,Yes,No,Fiber optic,No internet service,Yes,No,No,Yes,No,Month-to-month,No,Credit card (automatic),89.46,1139.42,1
CUST-14557,Female,0,No,No,60,Yes,Yes,No,No,No,No internet service,Yes,No,Yes,One year,Yes,Bank transfer (automatic),53.26,3241.71,0
CUST-14558,Female,1,No,No,0,Yes,Yes,DSL,Yes,No internet service,No internet service,No internet service,No,No,Month-to-month,Yes,Electronic check,69.25,29.34,1
CUST-14559,Female,1,No,Yes,17,Yes,No phone service,Fiber optic,No,No,No internet service,Yes,No internet service,Yes,Two year,Yes,Credit card (automatic),115.34,2055.56,0
CUST-14560,Male,1,Yes,Yes,7,Yes,No,Fiber optic,No,Yes,Yes,No,Yes,Yes,One year,Yes,Electronic check,60.07,470.9,1
CUST-14561,Male,0,Yes,No,40,Yes,No,Fiber optic,No,Yes,No,No,Yes,No,Month-to-month,Yes,Credit card (automatic),106.94,4285.99,1
CUST-14562,Male,0,No,Yes,57,Yes,No,DSL,Yes,No,No internet service,Yes,No internet service,No internet service,Two year,No,Electronic check,114.59,6592.15,0
CUST-14563,Male,0,Yes,No,30,Yes,Yes,Fiber optic,No,No,No internet service,No,No,No,One year,Yes,Mailed check,73.96,2204.73,1
CUST-14564,Female,0,No,Yes,38,Yes,Yes,Fiber optic,Yes,No,No,Yes,No,Yes,Month-to-month,Yes,Electronic check,70.67,2691.64,1
CUST-14565,Male,1,No,No,46,Yes,No,DSL,No,No,Yes,No,No,No,Two year,Yes,Credit card (automatic),82.77,3782.92,0
CUST-14566,Female,0,Yes,No,33,Yes,No,No,No,No internet service,No,No,No,No,Month-to-month,Yes,Bank transfer (automatic),63.04,2134.02,1
CUST-14567,Female,0,Yes,Yes,54,Yes,Yes,No,No internet service,No internet service,No,No,No internet service,Yes,Month-to-month,No,Electronic check,24.38,1298.46,1
CUST-14568,Male,1,Yes,No,20,Yes,Yes,DSL,No internet service,No,No,No,No,No,Two year,Yes,Credit card (automatic),67.88,1291.25,0
CUST-14569,Male,1,No,No,12,Yes,Yes,DSL,No,No internet service,Yes,No,No,Yes,Month-to-month,Yes,Credit card (automatic),105.39,1198.0,1
CUST-14570,Female,0,Yes,No,13,Yes,No,Fiber optic,No internet service,No,Yes,No,No internet service,No,Month-to-month,No,Credit card (automatic),118.75,1487.82,1
CUST-14571,Male,1,Yes,No,12,Yes,Yes,No,Yes,Yes,No internet service,No,No,No internet service,Two year,No,Electronic check,46.76,584.93,0
CUST-14572,Male,0,No,No,2,Yes,Yes,No,No,No,No,No internet service,No,Yes,Month-to-month,Yes,Credit card (automatic),52.66,96.91,0
CUST-14573,Female,0,No,No,3,Yes,Yes,No,No,No,No internet service,No,Yes,No,Month-to-month,Yes,Credit card (automatic),56.41,170.2,1
CUST-14574,Female,0,No,No,3,Yes,No,Fiber optic,No,No internet service,No internet service,No,Yes,Yes,Month-to-month,Yes,Credit card (automatic),34.35,122.37,1
CUST-14575,Female,1,No,Yes,11,Yes,No,No,No internet service,No internet service,No internet service,Yes,No internet service,Yes,Two year,No,Credit card (automatic),34.96,409.75,0
CUST-14576,Male,1,Yes,No,46,Yes,Yes,Fiber optic,Yes,No,No,No,No internet service,No,Month-to-month,No,Credit card (automatic),89.01,4078.03,0
CUST-14577,Male,0,No,No,17,Yes,Yes,DSL,Yes,No,No,Yes,No,No,One year,No,Credit card (automatic),118.75,2013.41,0
CUST-14578,Male,0,No,Yes,42,Yes,Yes,Fiber optic,No internet service,Yes,No,No,No,No,One year,Yes,Electronic check,98.5,4113.68,1
CUST-14579,Male,0,Yes,Yes,5,Yes,No,Fiber optic,Yes,No,Yes,No,Yes,No,Month-to-month,Yes,Credit card (automatic),118.75,611.57,1
CUST-14580,Male,0,Yes,Yes,58,No,Yes,No,Yes,No,No,No internet service,Yes,Yes,Two year,Yes,Bank transfer (automatic),46.22,2675.17,0
CUST-14581,Female,1,Yes,No,25,Yes,No phone service,Fiber optic,No internet service,No,No,Yes,Yes,Yes,Month-to-month,Yes,Electronic check,99.0,2430.5,1
CUST-14582,Male,0,No,Yes,32,Yes,Yes,No,No internet service,Yes,Yes,No internet service,Yes,No internet service,Two year,Yes,Mailed check,30.8,989.62,0
CUST-14583,Female,0,No,Yes,49,Yes,No,Fiber optic,No,No,No,Yes,Yes,No internet service,Two year,No,Electronic check,60.39,2992.56,0
CUST-14584,Female,0,No,Yes,72,Yes,Yes,DSL,Yes,Yes,No,No,Yes,Yes,One year,Yes,Bank transfer (automatic),52.33,3855.68,0
CUST-14585,Female,0,No,No,57,Yes,No,Fiber optic,No,No,No internet service,No,No,No internet service,Month-to-month,Yes,Electronic check,81.04,4560.27,1
CUST-14586,Male,0,Yes,Yes,29,Yes,No,Fiber optic,Yes,Yes,No internet service,No internet service,No,No internet service,Month-to-month,Yes,Electronic check,87.92,2484.99,0
CUST-14587,Male,1,No,Yes,25,Yes,Yes,DSL,Yes,No internet service,No,No,No,No,Two year,Yes,Bank transfer (automatic),62.02,1478.63,0
CUST-14588,Female,0,No,No,24,Yes,Yes,Fiber optic,Yes,No internet service,No internet service,Yes,Yes,No,Month-to-month,Yes,Bank transfer (automatic),42.62,990.77,1
CUST-14589,Male,0,No,No,6,Yes,Yes,No,No internet service,No,Yes,Yes,No,Yes,Month-to-month,Yes,Mailed check,62.93,367.75,1
CUST-14590,Female,0,Yes,Yes,24,Yes,No,No,No,Yes,No,No,Yes,No internet service,Month-to-month,No,Bank transfer (automatic),31.81,740.58,0
CUST-14591,Male,1,No,No,55,Yes,No phone service,Fiber optic,Yes,No,Yes,No internet service,No,Yes,Two year,Yes,Bank transfer (automatic),89.01,4823.2,0
CUST-14592,Male,0,No,No,20,Yes,No,Fiber optic,No,Yes,No,No,Yes,Yes,Month-to-month,No,Mailed check,73.48,1541.11,1
CUST-14593,Female,0,Yes,Yes,28,Yes,No,No,Yes,Yes,No,No,No internet service,No,Month-to-month,Yes,Bank transfer (automatic),68.21,1816.42,1
CUST-14594,Female,0,No,No,5,Yes,Yes,DSL,No internet service,No,No internet service,No internet service,Yes,No internet service,Two year,Yes,Electronic check,37.98,278.32,0
CUST-14595,Male,1,Yes,No,18,Yes,No,Fiber optic,Yes,Yes,No,No,Yes,No internet service,Two year,Yes,Credit card (automatic),106.05,1937.1,1
CUST-14596,Female,0,Yes,No,5,Yes,No,Fiber optic,Yes,No internet service,No,Yes,Yes,No internet service,Month-to-month,No,Electronic check,78.74,465.03,1
CUST-14597,Male,0,No,Yes,34,Yes,Yes,No,No,No internet service,Yes,Yes,Yes,Yes,One year,Yes,Mailed check,40.97,1343.36,0
CUST-14598,Female,0,Yes,No,21,Yes,Yes,DSL,Yes,No internet service,No,No,Yes,No,Month-to-month,Yes,Credit card (automatic),73.28,1520.94,1
CUST-14599,Female,0,No,No,70,Yes,Yes,No,Yes,Yes,Yes,No internet service,No internet service,No internet service,Two year,Yes,Mailed check,46.01,3210.35,0
CUST-14600,Female,1,No,No,43,Yes,Yes,Fiber optic,No internet service,No,No,No,Yes,No internet service,Two year,Yes,Electronic check,115.31,4935.65,1
CUST-14601,Female,1,Yes,No,27,Yes,No phone service,DSL,No internet service,Yes,Yes,Yes,No,No,Month-to-month,Yes,Credit card (automatic),85.35,2316.53,1
CUST-14602,Male,0,Yes,No,39,Yes,Yes,Fiber optic,No internet service,No,Yes,No,Yes,No,One year,No,Electronic check,114.01,4459.19,1
CUST-14603,Female,0,Yes,No,70,Yes,Yes,DSL,No,No,No,Yes,No,No internet service,Month-to-month,Yes,Credit card (automatic),82.29,5715.56,0
CUST-14604,Male,1,Yes,Yes,13,Yes,Yes,Fiber optic,Yes,No,No,No internet service,No,No,Month-to-month,Yes,Electronic check,84.59,1194.37,1
CUST-14605,Male,1,No,No,18,Yes,Yes,Fiber optic,No internet service,Yes,No internet service,Yes,Yes,Yes,Month-to-month,Yes,Electronic check,84.92,1472.89,0
CUST-14606,Male,0,Yes,No,39,Yes,Yes,Fiber optic,No,Yes,No internet service,No internet service,Yes,No,Two year,No,Electronic check,55.31,2181.66,0
CUST-14607,Male,0,No,No,7,Yes,Yes,Fiber optic,No,Yes,No,No,No,No internet service,Month-to-month,No,Electronic check,118.75,843.75,1
CUST-14608,Female,0,Yes,Yes,37,Yes,Yes,No,No,Yes,No,No,No,Yes,Two year,Yes,Mailed check,44.63,1665.02,0
CUST-14609,Male,1,Yes,Yes,11,Yes,Yes,Fiber optic,No,Yes,Yes,No,No,No,One year,Yes,Credit card (automatic),51.65,443.89,1
CUST-14610,Male,0,No,Yes,63,Yes,No,No,No,No internet service,No,No internet service,No,No internet service,Month-to-month,No,Credit card (automatic),26.65,1669.8,0
CUST-14611,Male,0,No,No,56,Yes,No,No,No internet service,Yes,No internet service,No,No internet service,No,One year,Yes,Mailed check,18.25,1013.04,0
CUST-14612,Female,0,No,No,3,Yes,No,Fiber optic,No internet service,Yes,No internet service,No,No,No,Month-to-month,No,Electronic check,72.74,237.08,1
CUST-14613,Female,0,No,No,39,Yes,Yes,DSL,No internet service,No internet service,No,Yes,Yes,No,Month-to-month,Yes,Mailed check,83.3,3182.01,1
CUST-14614,Female,0,No,No,15,No,Yes,No,No internet service,No internet service,No internet service,Yes,No internet service,No,Month-to-month,Yes,Bank transfer (automatic),18.25,289.9,1
CUST-14615,Male,0,Yes,Yes,42,Yes,No phone service,No,No,No,No,No,Yes,No,Two year,No,Credit card (automatic),73.55,3129.94,0
CUST-14616,Male,0,Yes,No,39,Yes,Yes,No,No,No internet service,Yes,No,No internet service,Yes,Two year,No,Electronic check,34.57,1381.48,0
CUST-14617,Female,0,No,No,70,Yes,No,DSL,No,Yes,No,No,No,No internet service,One year,Yes,Electronic check,67.83,4750.08,0
CUST-14618,Female,0,Yes,Yes,12,Yes,Yes,No,No,No,No,No internet service,No,Yes,Two year,No,Credit card (automatic),45.66,607.54,0
CUST-14619,Female,1,No,No,36,Yes,Yes,DSL,Yes,No internet service,Yes,Yes,No internet service,No,Month-to-month,Yes,Electronic check,50.17,1851.06,0
CUST-14620,Female,0,No,No,70,No,No,Fiber optic,No,No,No,Yes,No,No,Month-to-month,Yes,Bank transfer (automatic),101.47,7068.19,0
CUST-14621,Female,0,No,No,8,Yes,No,Fiber optic,No,Yes,No internet service,No,Yes,Yes,One year,No,Electronic check,58.97,481.77,1
CUST-14622,Female,0,No,No,18,Yes,Yes,Fiber optic,No,No,No,No,No,Yes,Month-to-month,Yes,Mailed check,117.95,2172.98,1
CUST-14623,Male,0,No,Yes,52,Yes,No,DSL,No,No,Yes,Yes,Yes,Yes,Month-to-month,Yes,Mailed check,50.92,2730.0,0
CUST-14624,Male,0,Yes,Yes,7,Yes,Yes,Fiber optic,No internet service,No internet service,Yes,No,No,Yes,One year,Yes,Bank transfer (automatic),86.39,574.07,1
CUST-14625,Male,0,No,Yes,15,Yes,No,DSL,Yes,No,Yes,No,Yes,No internet service,Month-to-month,No,Bank transfer (automatic),58.43,833.49,1
CUST-14626,Male,1,No,No,69,Yes,No,Fiber optic,No internet service,Yes,Yes,Yes,Yes,No internet service,Month-to-month,Yes,Mailed check,109.0,7470.02,0
CUST-14627,Male,1,Yes,No,42,No,No,DSL,Yes,No,Yes,No,No,No internet service,Two year,Yes,Credit card (automatic),49.41,2011.42,0
CUST-14628,Female,0,No,No,4,Yes,Yes,Fiber optic,No,Yes,No,Yes,No,No internet service,Month-to-month,Yes,Credit card (automatic),115.22,462.18,1
CUST-14629,Male,0,Yes,No,62,Yes,Yes,Fiber optic,No internet service,Yes,No,No internet service,Yes,Yes,One year,No,Electronic check,118.75,7330.38,0
CUST-14630,Male,0,Yes,No,38,Yes,No,No,No internet service,Yes,No,No,Yes,No,Two year,Yes,Mailed check,19.38,765.99,0
CUST-14631,Male,0,No,No,34,Yes,Yes,Fiber optic,No,No,No,Yes,No,No,Two year,No,Mailed check,49.35,1648.38,0
CUST-14632,Male,1,No,No,72,Yes,No phone service,Fiber optic,No internet service,No,Yes,No,No,Yes,Two year,No,Mailed check,81.72,5828.36,0
CUST-14633,Male,0,Yes,Yes,22,Yes,No,No,No internet service,No,No internet service,No,Yes,No,Month-to-month,Yes,Electronic check,50.12,1151.17,0
CUST-14634,Male,0,No,No,27,Yes,Yes,No,Yes,Yes,No internet service,No,Yes,Yes,Month-to-month,No,Bank transfer (automatic),42.72,1151.77,1
CUST-14635,Female,0,Yes,No,42,Yes,No,Fiber optic,No,No,Yes,No,No,No internet service,One year,Yes,Electronic check,81.63,3471.34,0
CUST-14636,Female,0,Yes,No,17,No,Yes,Fiber optic,No,No,Yes,No internet service,No internet service,No internet service,Month-to-month,Yes,Electronic check,101.03,1692.79,1
CUST-14637,Male,1,Yes,No,9,Yes,Yes,DSL,Yes,No,No internet service,No internet service,Yes,No internet service,One year,No,Bank transfer (automatic),79.4,801.93,0
CUST-14638,Female,0,No,No,10,Yes,No phone service,Fiber optic,No,No internet service,No,Yes,No internet service,Yes,Month-to-month,Yes,Credit card (automatic),55.34,571.98,1
CUST-14639,Female,0,Yes,No,22,Yes,No,No,No,No internet service,No internet service,No,No internet service,Yes,Month-to-month,No,Electronic check,32.78,666.13,1
CUST-14640,Female,0,Yes,Yes,5,Yes,No,No,No,Yes,Yes,No,No,Yes,Month-to-month,Yes,Credit card (automatic),73.95,288.24,0
CUST-14641,Male,1,No,No,36,Yes,No,DSL,No,No internet service,No internet service,Yes,No internet service,No internet service,Month-to-month,No,Bank transfer (automatic),75.63,2738.11,1
CUST-14642,Female,0,Yes,Yes,72,Yes,Yes,DSL,Yes,No internet service,No,No internet service,No,No,One year,Yes,Electronic check,71.66,5181.52,0
CUST-14643,Male,0,Yes,Yes,18,No,No,No,No,No,No,No internet service,No,No,Month-to-month,Yes,Bank transfer (automatic),22.15,434.75,0
CUST-14644,Male,0,Yes,Yes,2,Yes,No phone service,No,No internet service,No internet service,Yes,No,No,Yes,Month-to-month,No,Mailed check,62.49,35.97,1
CUST-14645,Male,0,No,No,2,Yes,No,Fiber optic,No,No,No,Yes,Yes,No,Month-to-month,No,Bank transfer (automatic),87.5,87.42,1
CUST-14646,Female,0,No,No,12,Yes,No,DSL,No,No internet service,No,Yes,No,No,One year,Yes,Mailed check,72.48,779.72,1
CUST-14647,Male,0,No,No,42,Yes,Yes,Fiber optic,No,No,Yes,Yes,No internet service,No internet service,Two year,No,Mailed check,107.41,4464.95,1
CUST-14648,Male,0,Yes,No,34,Yes,No,Fiber optic,Yes,No internet service,No internet service,No,No,No,Month-to-month,No,Electronic check,66.79,2301.46,0
CUST-14649,Male,0,Yes,Yes,29,Yes,Yes,Fiber optic,Yes,Yes,Yes,Yes,Yes,Yes,One year,Yes,Mailed check,111.33,3229.69,1
CUST-14650,Male,0,No,No,55,Yes,No phone service,DSL,No,No,Yes,No,Yes,No,One year,Yes,Electronic check,78.92,4255.58,0
CUST-14651,Female,0,Yes,Yes,28,Yes,Yes,DSL,Yes,Yes,Yes,No internet service,Yes,No,Month-to-month,Yes,Electronic check,96.02,2612.92,1
CUST-14652,Male,0,Yes,No,44,Yes,Yes,Fiber optic,Yes,No internet service,No,Yes,Yes,No internet service,Month-to-month,Yes,Electronic check,82.19,3633.47,0
CUST-14653,Male,0,Yes,No,72,Yes,Yes,DSL,No,Yes,Yes,No internet service,No internet service,No,One year,Yes,Credit card (automatic),98.54,7152.22,0
CUST-14654,Male,0,Yes,No,12,Yes,No,Fiber optic,No internet service,No,No internet service,No,Yes,No internet service,Month-to-month,Yes,Electronic check,31.41,402.76,0
CUST-14655,Male,0,Yes,No,8,Yes,Yes,DSL,Yes,No internet service,No,No,No internet service,No,Two year,Yes,Electronic check,45.33,440.71,0
CUST-14656,Male,0,No,No,15,Yes,Yes,Fiber optic,No,No,No internet service,Yes,No,Yes,One year,Yes,Credit card (automatic),69.4,1061.33,1
CUST-14657,Female,0,No,Yes,11,Yes,No phone service,No,No,No,Yes,Yes,No,No internet service,Month-to-month,No,Mailed check,32.72,437.02,1
CUST-14658,Male,0,No,No,60,No,Yes,Fiber optic,No internet service,No,No,No,No,No internet service,One year,Yes,Credit card (automatic),109.88,6714.04,0
CUST-14659,Male,0,Yes,Yes,63,Yes,No,DSL,Yes,No,No internet service,No,Yes,Yes,Month-to-month,Yes,Electronic check,33.96,2129.8,0
CUST-14660,Female,0,No,No,40,Yes,Yes,Fiber optic,No internet service,No internet service,No internet service,No,No,No,One year,Yes,Mailed check,105.75,4266.07,0
CUST-14661,Female,1,No,No,9,Yes,No,DSL,No internet service,No internet service,No,Yes,No,No,Two year,No,Electronic check,72.51,545.07,0
CUST-14662,Male,0,No,No,62,Yes,No,Fiber optic,Yes,No,No internet service,No,Yes,No,Month-to-month,Yes,Mailed check,65.33,4087.2,1
CUST-14663,Male,1,Yes,No,66,Yes,No,DSL,Yes,No,Yes,No,No internet service,No internet service,Month-to-month,No,Bank transfer (automatic),107.96,7072.13,1
CUST-14664,Male,0,No,Yes,29,Yes,Yes,No,No,No,Yes,No,Yes,No internet service,Month-to-month,No,Bank transfer (automatic),20.83,635.2,0
CUST-14665,Female,0,Yes,No,49,Yes,No,DSL,Yes,No internet service,No,Yes,No,Yes,Month-to-month,Yes,Mailed check,90.87,4430.69,0
CUST-14666,Male,0,No,No,44,Yes,Yes,No,Yes,No,Yes,No,Yes,No,Month-to-month,No,Electronic check,74.22,3288.34,0
CUST-14667,Male,0,No,No,38,Yes,No,Fiber optic,No internet service,No,No internet service,No internet service,Yes,Yes,Month-to-month,No,Credit card (automatic),50.45,1858.25,1
CUST-14668,Female,0,No,No,25,Yes,Yes,Fiber optic,No,No,Yes,No internet service,No,No,Month-to-month,No,Electronic check,67.02,1657.89,1
CUST-14669,Male,0,No,Yes,20,Yes,No,No,No,Yes,Yes,No internet service,Yes,No internet service,Two year,Yes,Mailed check,74.91,1536.16,0
CUST-14670,Male,1,No,Yes,20,Yes,No,Fiber optic,No,No internet service,No,Yes,No,Yes,Month-to-month,No,Electronic check,91.39,1845.86,1
CUST-14671,Female,0,No,No,26,Yes,No,Fiber optic,No,Yes,No,No,Yes,Yes,Month-to-month,No,Mailed check,101.28,2536.59,1
CUST-14672,Male,1,Yes,No,55,Yes,Yes,No,No,Yes,Yes,No,No,No internet service,Month-to-month,Yes,Electronic check,49.44,2712.16,0
CUST-14673,Female,0,Yes,Yes,60,Yes,No,DSL,No internet service,No,No internet service,No,Yes,No,One year,Yes,Electronic check,88.57,5282.97,0
CUST-14674,Female,0,No,No,8,Yes,Yes,DSL,No internet service,No,No internet service,No,Yes,Yes,Two year,Yes,Credit card (automatic),48.86,341.21,0
CUST-14675,Male,0,No,Yes,4,No,No,No,No,No,No,No,No,No,Month-to-month,No,Electronic check,62.92,216.2,1
CUST-14676,Female,0,No,No,34,No,No phone service,DSL,No,Yes,Yes,No internet service,No,No,Two year,No,Electronic check,69.74,2409.8,0
CUST-14677,Female,1,Yes,No,56,Yes,No,No,No,Yes,Yes,No,Yes,No,Two year,Yes,Electronic check,43.86,2534.48,0
CUST-14678,Female,1,No,No,40,Yes,Yes,DSL,No,Yes,Yes,No,No,Yes,Month-to-month,Yes,Credit card (automatic),45.87,1865.72,1
CUST-14679,Male,1,Yes,Yes,60,Yes,No,Fiber optic,No,No,Yes,No,No,Yes,Month-to-month,No,Mailed check,57.01,3389.16,0
CUST-14680,Male,1,Yes,Yes,52,Yes,Yes,Fiber optic,No,No internet service,No,No,No,No,Two year,Yes,Credit card (automatic),85.25,4435.26,0
CUST-14681,Male,0,Yes,No,51,Yes,No,Fiber optic,No,No internet service,No,Yes,No,Yes,Two year,No,Mailed check,112.65,5747.2,0
CUST-14682,Female,0,Yes,No,39,Yes,Yes,No,Yes,No,Yes,Yes,Yes,Yes,One year,Yes,Bank transfer (automatic),52.09,2077.53,0
CUST-14683,Male,1,No,Yes,3,Yes,No,DSL,Yes,No,No internet service,No,Yes,No internet service,Month-to-month,Yes,Mailed check,53.61,162.17,1
CUST-14684,Female,0,Yes,No,13,Yes,No,Fiber optic,Yes,No,No,No internet service,No internet service,No internet service,Month-to-month,Yes,Bank transfer (automatic),84.59,1130.41,0
CUST-14685,Female,0,Yes,Yes,54,Yes,Yes,DSL,Yes,No internet service,No,No internet service,Yes,No internet service,Month-to-month,Yes,Mailed check,67.55,3651.04,0
CUST-14686,Female,0,No,No,22,Yes,No,DSL,No,No,No,No internet service,No,No,Month-to-month,Yes,Electronic check,56.62,1272.33,1
CUST-14687,Male,0,Yes,No,52,Yes,Yes,DSL,No,Yes,No internet service,No,No internet service,Yes,One year,Yes,Electronic check,81.46,4280.83,0
CUST-14688,Male,0,Yes,Yes,24,Yes,Yes,Fiber optic,No,Yes,No,No,No internet service,No internet service,Month-to-month,Yes,Mailed check,68.75,1595.87,0
CUST-14689,Female,0,Yes,No,0,Yes,No,Fiber optic,No,No,Yes,No internet service,Yes,Yes,One year,No,Electronic check,74.44,0.0,1
CUST-14690,Male,0,Yes,No,49,Yes,No,DSL,No,No,No,Yes,Yes,No,One year,Yes,Electronic check,51.25,2498.72,1
CUST-14691,Male,0,No,No,65,Yes,No,No,No internet service,No internet service,No,No,Yes,No internet service,Two year,Yes,Credit card (automatic),32.98,2182.5,0
CUST-14692,Female,0,Yes,No,32,Yes,Yes,Fiber optic,No,Yes,Yes,No,Yes,No internet service,Two year,No,Electronic check,118.75,3799.09,1
CUST-14693,Female,0,Yes,No,9,Yes,Yes,No,No,No internet service,No internet service,No internet service,No,No,Two year,No,Electronic check,34.06,269.53,0
CUST-14694,Female,0,Yes,No,30,No,No,DSL,No,No internet service,Yes,No,No,No internet service,Month-to-month,No,Bank transfer (automatic),63.6,1886.47,0
CUST-14695,Female,0,Yes,Yes,70,Yes,No,Fiber optic,Yes,No,No,No internet service,No,Yes,Two year,No,Bank transfer (automatic),104.2,7300.85,0
CUST-14696,Male,0,Yes,No,23,Yes,No,DSL,No,Yes,No internet service,Yes,No internet service,Yes,Two year,No,Electronic check,94.02,2192.48,0
CUST-14697,Male,0,Yes,Yes,5,Yes,No,Fiber optic,No,Yes,Yes,No,Yes,No,One year,Yes,Mailed check,78.12,355.69,1
CUST-14698,Male,0,Yes,Yes,56,Yes,No,No,Yes,No,No,No,Yes,No internet service,Month-to-month,No,Electronic check,73.36,4080.18,0
CUST-14699,Male,0,Yes,No,17,Yes,Yes,Fiber optic,Yes,Yes,Yes,Yes,No,Yes,Month-to-month,Yes,Electronic check,68.6,1136.31,1
CUST-14700,Female,0,No,Yes,2,Yes,No phone service,Fiber optic,No,No internet service,No internet service,No internet service,No,Yes,Month-to-month,No,Electronic check,101.88,175.87,1
CUST-14701,Male,0,Yes,No,50,Yes,No phone service,Fiber optic,No,No,No internet service,No,No,No internet service,Month-to-month,Yes,Credit card (automatic),86.82,4319.74,0
CUST-14702,Female,0,Yes,No,24,Yes,Yes,Fiber optic,No internet service,No internet service,No internet service,No,Yes,No internet service,Month-to-month,No,Electronic check,96.96,2346.22,1
CUST-14703,Female,0,No,Yes,10,Yes,Yes,DSL,No,No,Yes,Yes,No internet service,No,One year,Yes,Electronic check,85.4,900.59,0
CUST-14704,Female,0,Yes,No,3,Yes,No,Fiber optic,Yes,Yes,No,No internet service,Yes,No internet service,Month-to-month,Yes,Mailed check,86.99,231.93,1
CUST-14705,Male,0,No,No,13,Yes,No,No,No,No,No,No internet service,No,No,Month-to-month,No,Credit card (automatic),58.82,678.12,1
CUST-14706,Male,0,Yes,No,10,Yes,Yes,DSL,No,No,No,No internet service,Yes,Yes,Month-to-month,No,Mailed check,89.03,904.64,1
CUST-14707,Female,0,Yes,No,0,Yes,Yes,Fiber optic,No,Yes,No internet service,No,No,No,Two year,Yes,Mailed check,55.95,0.0,0
CUST-14708,Female,0,No,No,27,Yes,No,No,No,Yes,No internet service,No,No internet service,Yes,Month-to-month,No,Credit card (automatic),30.86,899.91,0
CUST-14709,Male,0,Yes,No,60,Yes,No,Fiber optic,Yes,No,No,No,No,No,Month-to-month,No,Mailed check,106.66,6395.26,0
CUST-14710,Male,0,Yes,No,28,Yes,No,Fiber optic,No internet service,No,Yes,Yes,No,Yes,Month-to-month,Yes,Bank transfer (automatic),49.97,1408.94,0
CUST-14711,Female,0,No,Yes,2,Yes,No phone service,DSL,No,Yes,Yes,No internet service,No,No,One year,No,Electronic check,50.76,152.82,1
CUST-14712,Female,0,No,No,64,Yes,No,DSL,Yes,No,Yes,Yes,No,No,Month-to-month,No,Electronic check,104.3,6661.68,0
CUST-14713,Male,0,Yes,Yes,46,Yes,No,Fiber optic,Yes,No internet service,Yes,No,No,No internet service,Two year,Yes,Mailed check,81.01,3745.04,0
CUST-14714,Male,0,No,Yes,70,Yes,Yes,Fiber optic,No internet service,No,No,No internet service,Yes,Yes,Month-to-month,No,Electronic check,92.46,6491.24,0
CUST-14715,Female,0,Yes,Yes,42,Yes,No,DSL,No,Yes,Yes,No,No internet service,No,Month-to-month,Yes,Electronic check,81.66,3514.35,1
CUST-14716,Female,0,No,No,34,Yes,No phone service,Fiber optic,Yes,No,Yes,No,No,No internet service,Month-to-month,Yes,Mailed check,97.57,3419.91,1
CUST-14717,Female,0,Yes,No,37,Yes,No,Fiber optic,No,No,Yes,Yes,No internet service,No,Two year,Yes,Electronic check,78.32,2895.08,0
CUST-14718,Male,0,No,No,0,Yes,No,DSL,No internet service,No internet service,Yes,No internet service,No,Yes,Month-to-month,Yes,Mailed check,66.49,74.7,1
CUST-14719,Male,0,Yes,No,27,Yes,Yes,Fiber optic,No,No,No,No,No,No,Month-to-month,No,Credit card (automatic),118.75,3101.15,1
CUST-14720,Female,0,No,No,32,Yes,Yes,Fiber optic,No,Yes,Yes,No,No,No internet service,Two year,Yes,Electronic check,62.09,1973.86,0
CUST-14721,Female,1,Yes,No,21,Yes,No,Fiber optic,No,Yes,No,Yes,No internet service,Yes,Two year,Yes,Mailed check,74.72,1600.76,0
CUST-14722,Female,0,No,No,61,Yes,Yes,Fiber optic,Yes,Yes,Yes,No,No internet service,No internet service,Two year,No,Mailed check,65.33,3913.81,0
CUST-14723,Male,0,No,No,69,No,Yes,Fiber optic,No internet service,No,Yes,No,No,Yes,Month-to-month,Yes,Electronic check,84.6,5944.9,0
CUST-14724,Male,1,No,Yes,34,Yes,No,Fiber optic,Yes,Yes,No,No,Yes,No internet service,One year,No,Mailed check,70.04,2455.33,0
CUST-14725,Male,0,No,No,57,Yes,Yes,Fiber optic,Yes,No internet service,No,No,No,No,One year,No,Electronic check,113.92,6475.44,1
CUST-14726,Male,0,Yes,No,16,Yes,Yes,Fiber optic,Yes,No,Yes,No internet service,Yes,Yes,Two year,No,Mailed check,118.75,2007.58,0
CUST-14727,Female,0,No,No,67,Yes,Yes,Fiber optic,Yes,No,No internet service,No,Yes,No,Month-to-month,No,Mailed check,87.79,5921.3,0
CUST-14728,Male,0,Yes,Yes,51,Yes,Yes,DSL,No,Yes,Yes,Yes,Yes,No,Month-to-month,No,Credit card (automatic),53.13,2721.48,0
CUST-14729,Female,0,No,No,53,Yes,Yes,Fiber optic,No internet service,Yes,No internet service,No internet service,Yes,No,Month-to-month,Yes,Electronic check,118.75,6316.02,1
CUST-14730,Female,0,No,No,43,Yes,Yes,DSL,Yes,No,No internet service,No,No,Yes,One year,No,Bank transfer (automatic),58.31,2469.13,0
CUST-14731,Female,0,Yes,Yes,60,Yes,No,DSL,Yes,No,No internet service,No,No,Yes,One year,Yes,Electronic check,77.9,4682.24,0
CUST-14732,Female,0,Yes,No,38,Yes,No,DSL,No,No,No internet service,No,Yes,Yes,Two year,Yes,Mailed check,80.83,3030.8,1
CUST-14733,Male,0,No,No,70,Yes,No,No,No internet service,No,No internet service,Yes,No,No,One year,No,Mailed check,28.82,2017.22,0
CUST-14734,Female,0,No,No,48,Yes,No,Fiber optic,No internet service,No internet service,Yes,No,No internet service,Yes,Two year,Yes,Electronic check,80.04,3847.1,0
CUST-14735,Male,0,No,No,33,Yes,No,No,No internet service,No,Yes,No internet service,No,No,Two year,Yes,Credit card (automatic),85.5,2832.32,0
CUST-14736,Male,0,No,No,15,Yes,No,Fiber optic,Yes,Yes,No,No,Yes,No,Month-to-month,Yes,Mailed check,93.92,1408.11,1
CUST-14737,Male,0,Yes,No,66,Yes,No,No,No,Yes,No,No internet service,No,Yes,Month-to-month,Yes,Credit card (automatic),58.28,3964.34,0
CUST-14738,Male,0,No,No,4,Yes,No,Fiber optic,No,No internet service,No,No,No,No internet service,Two year,Yes,Mailed check,104.74,338.33,1
CUST-14739,Female,0,No,Yes,3,Yes,Yes,Fiber optic,Yes,Yes,Yes,Yes,Yes,No,One year,Yes,Credit card (automatic),97.01,200.89,1
CUST-14740,Male,0,No,No,2,Yes,No phone service,DSL,No,Yes,Yes,Yes,No,No,Month-to-month,No,Credit card (automatic),93.63,143.4,1
CUST-14741,Male,0,No,No,7,Yes,No,Fiber optic,No,No internet service,No,Yes,No internet service,No,Month-to-month,No,Electronic check,99.32,694.33,1
CUST-14742,Male,0,No,Yes,18,Yes,No,Fiber optic,No,Yes,No,No internet service,No,No,Month-to-month,Yes,Electronic check,85.81,1524.67,1
CUST-14743,Male,1,No,Yes,35,Yes,No,DSL,Yes,No,No,No internet service,No internet service,Yes,Month-to-month,Yes,Credit card (automatic),118.75,4085.53,0
CUST-14744,Female,0,No,Yes,20,Yes,No,DSL,No,Yes,Yes,Yes,No,No,Two year,No,Electronic check,61.74,1330.21,0
CUST-14745,Male,0,No,No,33,Yes,No,Fiber optic,No,No,No internet service,No,Yes,Yes,Month-to-month,Yes,Mailed check,80.88,2695.86,1
CUST-14746,Female,0,No,No,32,No,No,DSL,Yes,Yes,No internet service,No internet service,No internet service,No,Month-to-month,Yes,Electronic check,101.35,3226.5,1
CUST-14747,Male,0,Yes,No,31,Yes,No,Fiber optic,Yes,No internet service,Yes,No,No internet service,No,Two year,Yes,Credit card (automatic),104.44,3191.47,0
CUST-14748,Female,0,Yes,Yes,4,Yes,No,Fiber optic,No,Yes,No,No internet service,Yes,No,Two year,Yes,Electronic check,80.52,308.61,0
CUST-14749,Male,0,No,No,39,Yes,Yes,No,Yes,Yes,Yes,Yes,Yes,No,Month-to-month,Yes,Bank transfer (automatic),39.01,1496.09,1
CUST-14750,Male,1,No,Yes,21,Yes,No phone service,Fiber optic,Yes,No internet service,No,Yes,No,Yes,Month-to-month,No,Mailed check,88.77,1883.38,0
CUST-14751,Male,0,No,No,39,Yes,No,Fiber optic,Yes,No,No,No,No internet service,No,Month-to-month,Yes,Bank transfer (automatic),95.11,3644.32,1
CUST-14752,Female,1,No,Yes,4,Yes,Yes,Fiber optic,Yes,No,No,No,No internet service,No internet service,Month-to-month,Yes,Bank transfer (automatic),88.91,316.46,1
CUST-14753,Female,1,Yes,No,63,Yes,Yes,Fiber optic,Yes,No,No,No internet service,No,No,Month-to-month,Yes,Electronic check,78.52,4989.6,1
CUST-14754,Male,0,Yes,No,52,Yes,No phone service,DSL,No,No,No,No internet service,No,Yes,One year,Yes,Electronic check,87.48,4518.78,1
CUST-14755,Female,1,No,No,25,Yes,Yes,Fiber optic,No internet service,No internet service,No,No,Yes,No internet service,Month-to-month,Yes,Electronic check,90.24,2287.52,1
CUST-14756,Female,0,No,Yes,26,Yes,Yes,DSL,Yes,No,Yes,No,No,No internet service,Month-to-month,Yes,Credit card (automatic),91.62,2378.51,0
CUST-14757,Male,0,Yes,Yes,23,Yes,Yes,Fiber optic,No,No,No,No internet service,No internet service,Yes,Month-to-month,No,Mailed check,92.01,2102.98,1
CUST-14758,Male,0,Yes,No,72,Yes,Yes,DSL,Yes,Yes,No,No,Yes,Yes,Month-to-month,Yes,Bank transfer (automatic),43.81,3118.64,0
CUST-14759,Female,0,Yes,No,51,Yes,No,Fiber optic,Yes,No,No internet service,No,Yes,No internet service,Month-to-month,Yes,Mailed check,98.93,5048.69,1
CUST-14760,Female,0,Yes,No,33,Yes,No,No,No internet service,No internet service,No,Yes,No,No,Month-to-month,No,Electronic check,68.72,2257.34,0
CUST-14761,Female,1,No,No,47,Yes,No,Fiber optic,No internet service,Yes,No internet service,No,No internet service,Yes,One year,No,Mailed check,97.16,4445.99,0
CUST-14762,Male,0,Yes,No,4,Yes,Yes,DSL,Yes,No,No,Yes,No internet service,No,One year,No,Mailed check,42.6,226.24,0
CUST-14763,Male,0,Yes,No,60,Yes,No,Fiber optic,No,Yes,Yes,No,No,Yes,Month-to-month,Yes,Credit card (automatic),95.11,5723.04,1
CUST-14764,Male,0,No,No,43,Yes,Yes,Fiber optic,No,No,Yes,No,No,No,One year,No,Credit card (automatic),80.01,3368.53,1
CUST-14765,Male,0,No,No,22,Yes,No,No,No internet service,No,No internet service,No,No,Yes,Two year,Yes,Bank transfer (automatic),50.63,1104.42,0
CUST-14766,Female,0,No,No,50,Yes,Yes,No,No,No,No,Yes,Yes,Yes,One year,Yes,Electronic check,59.37,2951.37,1
CUST-14767,Male,0,Yes,No,0,Yes,No phone service,DSL,No,No internet service,No internet service,No,No,Yes,One year,No,Bank transfer (automatic),69.61,0.0,1
CUST-14768,Male,1,Yes,No,35,Yes,No,No,No internet service,No,No,No,No,No internet service,Two year,No,Mailed check,62.15,2207.41,0
CUST-14769,Male,0,Yes,Yes,68,Yes,No,DSL,No,No internet service,Yes,Yes,Yes,Yes,Month-to-month,Yes,Credit card (automatic),84.13,5791.57,1
CUST-14770,Male,0,No,Yes,55,Yes,No,DSL,No internet service,No,No,Yes,No internet service,No,Two year,Yes,Mailed check,81.62,4466.08,0
CUST-14771,Female,0,Yes,Yes,3,No,No,DSL,No,Yes,Yes,No,No,Yes,One year,No,Electronic check,67.37,180.96,1
CUST-14772,Male,0,No,No,43,No,No,DSL,No internet service,No,No,No,No internet service,Yes,One year,Yes,Bank transfer (automatic),94.5,4016.41,0
CUST-14773,Female,1,No,No,49,Yes,No,Fiber optic,No internet service,No,No,No,No,Yes,Two year,No,Mailed check,118.75,5707.45,1
CUST-14774,Male,0,No,Yes,38,Yes,No phone service,DSL,No,No,No,No,Yes,Yes,Month-to-month,Yes,Mailed check,74.39,2847.69,0
CUST-14775,Male,0,Yes,Yes,23,Yes,No phone service,DSL,No,No,No,No internet service,Yes,No,Month-to-month,No,Bank transfer (automatic),65.09,1592.11,1
CUST-14776,Male,0,Yes,No,49,Yes,No,DSL,No internet service,No,Yes,No,No internet service,No,One year,Yes,Mailed check,66.69,3259.76,0
CUST-14777,Female,1,No,Yes,30,Yes,No,No,No,Yes,No,No internet service,No,Yes,One year,Yes,Mailed check,65.67,1960.98,1
CUST-14778,Male,0,Yes,Yes,69,Yes,Yes,Fiber optic,No,No,Yes,No internet service,No,No internet service,Two year,Yes,Credit card (automatic),91.85,6334.03,0
CUST-14779,Male,0,No,Yes,61,Yes,Yes,Fiber optic,Yes,No,No,No,No,No,Month-to-month,No,Mailed check,85.1,5165.73,1
CUST-14780,Female,0,Yes,No,66,Yes,No,No,No,No internet service,Yes,Yes,No internet service,No internet service,Month-to-month,Yes,Mailed check,35.1,2259.21,0
CUST-14781,Female,0,No,No,30,Yes,No phone service,Fiber optic,Yes,No,Yes,Yes,No internet service,No,Month-to-month,Yes,Credit card (automatic),97.73,3059.71,1
CUST-14782,Male,0,No,Yes,49,Yes,No,DSL,Yes,Yes,No internet service,No,No,Yes,Month-to-month,Yes,Bank transfer (automatic),87.17,4294.48,1
CUST-14783,Female,0,Yes,Yes,10,Yes,No,No,No,No,Yes,No,Yes,Yes,One year,Yes,Electronic check,48.43,513.81,1
CUST-14784,Female,0,No,Yes,54,Yes,Yes,Fiber optic,No,No,No,Yes,Yes,Yes,One year,Yes,Mailed check,95.38,5263.33,0
CUST-14785,Male,1,No,No,55,Yes,No,Fiber optic,Yes,No,No,Yes,No,No,Month-to-month,No,Electronic check,99.84,5501.34,1
CUST-14786,Female,0,No,No,56,Yes,No,No,No,No internet service,No,No,Yes,No,Month-to-month,No,Bank transfer (automatic),68.32,3783.78,1
CUST-14787,Male,1,Yes,No,1,Yes,No,DSL,Yes,No,No,Yes,No internet service,Yes,One year,Yes,Mailed check,57.36,2.92,1
CUST-14788,Male,0,Yes,No,33,Yes,Yes,DSL,No,No,No,No internet service,No internet service,No internet service,Two year,No,Bank transfer (automatic),60.61,2096.15,0
CUST-14789,Female,0,No,No,20,Yes,No,No,No,No,No internet service,Yes,No,No internet service,Month-to-month,Yes,Mailed check,41.84,876.6,0
CUST-14790,Male,0,Yes,Yes,66,Yes,Yes,Fiber optic,No internet service,No,Yes,Yes,Yes,Yes,One year,Yes,Mailed check,90.46,5965.58,0
CUST-14791,Female,0,No,No,39,Yes,No,Fiber optic,No,No,Yes,No internet service,Yes,Yes,Month-to-month,No,Credit card (automatic),80.6,3115.86,1
CUST-14792,Female,0,Yes,No,44,Yes,No phone service,No,No,Yes,No,No internet service,No,No internet service,Month-to-month,No,Credit card (automatic),44.25,1932.63,1
CUST-14793,Male,0,No,Yes,31,Yes,No,No,No,Yes,No,No internet service,No,No internet service,One year,No,Credit card (automatic),64.26,2011.83,0
CUST-14794,Male,0,Yes,No,8,Yes,Yes,No,No,Yes,Yes,No internet service,No,No,Two year,Yes,Bank transfer (automatic),20.92,258.93,0
CUST-14795,Male,0,No,Yes,45,Yes,No,DSL,No,No internet service,No,No,No internet service,No internet service,Month-to-month,Yes,Bank transfer (automatic),59.04,2653.58,0
CUST-14796,Female,0,Yes,No,44,Yes,No,No,No internet service,No internet service,No,Yes,Yes,No internet service,Month-to-month,No,Electronic check,36.19,1549.34,0
CUST-14797,Male,1,Yes,Yes,27,Yes,No,Fiber optic,No,No internet service,No internet service,No internet service,No internet service,No internet service,Month-to-month,No,Electronic check,114.84,3036.58,0
CUST-14798,Male,0,Yes,No,45,Yes,Yes,Fiber optic,No internet service,Yes,Yes,No,No internet service,No,One year,Yes,Electronic check,91.4,4144.36,1
CUST-14799,Female,0,No,Yes,28,No,No,DSL,No internet service,No internet service,Yes,Yes,No internet service,No,Month-to-month,Yes,Mailed check,79.36,2276.14,0
CUST-14800,Female,0,Yes,No,48,Yes,No,Fiber optic,No internet service,No internet service,Yes,No,No,No,Month-to-month,No,Electronic check,73.11,3601.0,1
CUST-14801,Female,0,No,No,25,Yes,Yes,DSL,No,Yes,No internet service,Yes,No,No,One year,Yes,Mailed check,64.99,1759.36,0
CUST-14802,Male,0,Yes,No,56,Yes,No,No,Yes,No,Yes,Yes,No,Yes,One year,No,Mailed check,18.25,946.76,0
CUST-14803,Female,0,No,No,64,Yes,No,Fiber optic,No,No internet service,Yes,No,No,No,Month-to-month,Yes,Bank transfer (automatic),90.88,5818.05,1
CUST-14804,Female,0,No,Yes,35,Yes,No,Fiber optic,No internet service,No,No,Yes,Yes,No,One year,Yes,Credit card (automatic),76.28,2650.4,1
CUST-14805,Female,0,Yes,No,1,No,No phone service,DSL,No internet service,No internet service,Yes,Yes,No,No,Two year,Yes,Credit card (automatic),42.36,32.85,0
CUST-14806,Male,0,Yes,Yes,49,Yes,No,Fiber optic,No internet service,No,No,No,No internet service,No internet service,Month-to-month,No,Bank transfer (automatic),95.72,4648.89,1
CUST-14807,Female,0,Yes,No,68,Yes,No,Fiber optic,No,No,Yes,No,Yes,No internet service,Two year,No,Credit card (automatic),71.0,4844.83,0
CUST-14808,Male,1,No,Yes,51,Yes,No,No,No internet service,Yes,No,No internet service,Yes,Yes,Month-to-month,No,Electronic check,51.57,2567.15,0
CUST-14809,Female,0,No,No,26,Yes,Yes,Fiber optic,No,Yes,Yes,Yes,Yes,No,Month-to-month,Yes,Mailed check,95.31,2502.44,1
CUST-14810,Male,0,Yes,No,41,Yes,Yes,DSL,No,No,No,No,No,No,Month-to-month,Yes,Credit card (automatic),118.75,4927.13,1
CUST-14811,Male,0,No,No,26,Yes,No,Fiber optic,No,Yes,Yes,No internet service,No,Yes,Month-to-month,No,Credit card (automatic),81.77,2100.43,1
CUST-14812,Female,0,No,No,56,Yes,Yes,DSL,No,No,Yes,Yes,Yes,No,One year,Yes,Credit card (automatic),78.41,4447.77,0
CUST-14813,Female,0,No,Yes,52,Yes,Yes,Fiber optic,No,No internet service,No internet service,No internet service,No,No,Month-to-month,No,Credit card (automatic),88.62,4615.25,0
CUST-14814,Female,0,No,No,45,Yes,No,Fiber optic,No,Yes,No internet service,No internet service,Yes,No internet service,Month-to-month,No,Electronic check,74.31,3391.11,0
CUST-14815,Male,0,No,Yes,28,Yes,Yes,DSL,No,No,No,Yes,No,No,Two year,Yes,Bank transfer (automatic),78.64,2217.69,1
CUST-14816,Female,0,No,Yes,12,Yes,Yes,DSL,No,No internet service,No,No,No internet service,No internet service,Month-to-month,Yes,Electronic check,89.99,1033.5,1
CUST-14817,Male,0,No,No,45,Yes,No,Fiber optic,Yes,No internet service,No,Yes,Yes,Yes,Month-to-month,Yes,Credit card (automatic),100.47,4520.01,0
CUST-14818,Female,1,Yes,No,24,Yes,Yes,Fiber optic,No,No internet service,No,No internet service,No,No,One year,No,Electronic check,103.41,2459.88,0
CUST-14819,Female,0,No,No,65,No,No,DSL,Yes,No,No,No internet service,No,No,Month-to-month,No,Bank transfer (automatic),58.69,3857.09,0
CUST-14820,Female,0,No,No,4,Yes,Yes,Fiber optic,Yes,Yes,No,No,No,No,Month-to-month,Yes,Credit card (automatic),91.07,352.47,1
CUST-14821,Female,0,No,Yes,61,Yes,No,Fiber optic,Yes,No internet service,No internet service,No internet service,No,Yes,Month-to-month,No,Electronic check,57.74,3575.16,1
CUST-14822,Female,0,Yes,Yes,56,No,No,DSL,Yes,No internet service,No,Yes,No,Yes,Two year,Yes,Electronic check,40.06,2269.26,0
CUST-14823,Female,0,No,No,37,No,No,DSL,No internet service,No,No,No,No,Yes,Month-to-month,Yes,Bank transfer (automatic),108.57,4027.09,1
CUST-14824,Male,1,Yes,Yes,72,No,Yes,DSL,No,Yes,Yes,Yes,No,No internet service,Month-to-month,Yes,Bank transfer (automatic),76.84,5544.89,0
CUST-14825,Male,0,No,No,52,Yes,No,Fiber optic,No,No,No internet service,Yes,Yes,No internet service,One year,Yes,Mailed check,102.19,5363.33,1
CUST-14826,Male,0,Yes,No,3,Yes,Yes,DSL,No,No,No,No,No,Yes,Month-to-month,Yes,Mailed check,87.26,295.14,1
CUST-14827,Female,0,No,Yes,28,No,No,No,No,No internet service,No,No,No internet service,No internet service,Month-to-month,No,Electronic check,49.0,1419.77,1
CUST-14828,Female,0,Yes,No,61,Yes,Yes,Fiber optic,No internet service,Yes,No,Yes,Yes,No,Month-to-month,No,Bank transfer (automatic),116.26,7040.12,0
CUST-14829,Male,0,Yes,No,56,Yes,Yes,Fiber optic,No,Yes,No,No,No internet service,No,One year,No,Credit card (automatic),86.82,4834.95,0
CUST-14830,Male,1,Yes,No,11,No,Yes,No,Yes,No,No,No internet service,Yes,No internet service,Two year,Yes,Electronic check,18.25,201.04,1
CUST-14831,Male,0,Yes,No,12,Yes,Yes,DSL,No internet service,No internet service,No,No internet service,No,No internet service,One year,No,Mailed check,78.1,923.95,0
CUST-14832,Male,0,Yes,No,67,Yes,Yes,Fiber optic,No,No internet service,Yes,No,No,Yes,Two year,Yes,Bank transfer (automatic),108.33,7211.19,0
CUST-14833,Male,0,No,No,3,Yes,Yes,Fiber optic,No internet service,Yes,No internet service,No,Yes,Yes,Two year,Yes,Electronic check,61.38,246.81,1
CUST-14834,Female,0,No,No,69,Yes,No,DSL,No internet service,No,Yes,No internet service,No,No internet service,Month-to-month,No,Credit card (automatic),68.95,4700.71,0
CUST-14835,Female,0,No,No,39,Yes,No,No,No,No,No internet service,No,Yes,No,One year,Yes,Electronic check,71.8,2849.04,1
CUST-14836,Male,0,No,No,58,Yes,No,DSL,No internet service,Yes,No internet service,No,Yes,Yes,Two year,Yes,Credit card (automatic),92.35,5445.39,0
CUST-14837,Male,0,Yes,No,15,Yes,Yes,No,Yes,No internet service,No internet service,Yes,No,Yes,One year,Yes,Electronic check,46.97,679.35,1
CUST-14838,Female,0,No,No,25,Yes,Yes,No,No,No,Yes,No internet service,Yes,No,Month-to-month,Yes,Electronic check,34.17,743.57,1
CUST-14839,Female,0,No,No,53,Yes,No phone service,Fiber optic,No,No internet service,Yes,No,No,No,Two year,No,Mailed check,89.44,4716.21,1
CUST-14840,Female,1,Yes,Yes,11,No,Yes,Fiber optic,No internet service,No,No,No,No,Yes,Month-to-month,No,Electronic check,94.42,1000.22,1
CUST-14841,Male,0,No,No,7,Yes,No,No,No,No internet service,Yes,No internet service,No,No,Month-to-month,Yes,Credit card (automatic),64.39,380.34,1
CUST-14842,Male,0,No,No,44,Yes,No,DSL,Yes,Yes,No internet service,No,Yes,Yes,One year,No,Bank transfer (automatic),71.68,3174.81,0
CUST-14843,Male,0,No,No,0,Yes,Yes,Fiber optic,Yes,No,No,No internet service,Yes,No,Month-to-month,No,Electronic check,118.75,22.03,1
CUST-14844,Female,0,No,No,68,Yes,No,DSL,No,No,No internet service,No,No internet service,Yes,Month-to-month,Yes,Electronic check,79.19,5408.37,0
CUST-14845,Female,0,Yes,No,49,No,No,DSL,No,Yes,No internet service,No internet service,No internet service,No internet service,Month-to-month,No,Mailed check,67.49,3260.63,1
CUST-14846,Female,0,No,No,52,Yes,No,DSL,No,No,No internet service,No internet service,No internet service,Yes,Month-to-month,Yes,Credit card (automatic),63.45,3353.35,1
CUST-14847,Male,0,Yes,No,36,No,No,DSL,No,No,Yes,No,No,Yes,Month-to-month,Yes,Credit card (automatic),57.4,2033.66,1
CUST-14848,Male,0,No,No,45,Yes,Yes,DSL,No,No,No internet service,No internet service,No,No,Month-to-month,Yes,Mailed check,94.97,4221.09,0
CUST-14849,Female,0,Yes,No,69,Yes,No,Fiber optic,Yes,No internet service,Yes,No,No,Yes,Month-to-month,Yes,Electronic check,85.52,5846.24,1
CUST-14850,Female,0,No,No,0,Yes,Yes,Fiber optic,Yes,Yes,No,No,No,No,Two year,No,Bank transfer (automatic),32.4,0.0,0
CUST-14851,Female,0,No,No,18,No,Yes,No,No internet service,Yes,No,No,Yes,Yes,Month-to-month,No,Electronic check,41.73,756.62,1
CUST-14852,Male,0,Yes,No,50,Yes,No,Fiber optic,No,Yes,Yes,No internet service,Yes,Yes,One year,Yes,Bank transfer (automatic),114.12,5653.29,1
CUST-14853,Male,0,Yes,No,8,Yes,Yes,No,No,No internet service,No,No,Yes,No,Two year,Yes,Electronic check,40.29,281.64,0
CUST-14854,Male,0,Yes,Yes,17,Yes,No,No,No,Yes,No,No internet service,No,No internet service,Month-to-month,Yes,Credit card (automatic),22.54,462.53,1
CUST-14855,Female,0,No,Yes,1,Yes,No phone service,No,Yes,Yes,No,No,Yes,Yes,Two year,Yes,Electronic check,39.98,7.82,1
CUST-14856,Female,0,No,No,4,Yes,Yes,DSL,Yes,Yes,No,No,Yes,Yes,One year,Yes,Mailed check,86.26,389.08,0
CUST-14857,Female,0,Yes,No,32,Yes,Yes,DSL,No internet service,No,Yes,No,Yes,No,Two year,No,Bank transfer (automatic),69.57,2230.48,0
CUST-14858,Male,1,No,No,48,Yes,No,Fiber optic,Yes,No,No,No internet service,No internet service,No internet service,Month-to-month,Yes,Electronic check,70.74,3443.21,1
CUST-14859,Female,0,No,Yes,7,Yes,Yes,DSL,Yes,No,No,No,No,No,One year,Yes,Credit card (automatic),86.09,613.15,1
CUST-14860,Male,0,Yes,Yes,71,Yes,Yes,No,No,No,Yes,No internet service,No,No,Month-to-month,No,Mailed check,72.45,5144.36,0
CUST-14861,Female,0,No,No,56,Yes,No phone service,Fiber optic,No internet service,No,No,No internet service,Yes,Yes,Two year,Yes,Mailed check,118.62,6626.57,0
CUST-14862,Female,0,Yes,No,48,Yes,Yes,No,No,Yes,No,No,No,Yes,Month-to-month,No,Credit card (automatic),53.46,2526.5,0
CUST-14863,Female,0,Yes,No,5,No,Yes,Fiber optic,No,No,No internet service,Yes,No,Yes,Month-to-month,No,Credit card (automatic),85.86,442.07,1
CUST-14864,Female,0,Yes,No,37,Yes,No,No,No internet service,Yes,No internet service,No,Yes,Yes,Month-to-month,Yes,Credit card (automatic),58.08,2121.45,0
CUST-14865,Female,0,Yes,No,67,Yes,Yes,DSL,No internet service,Yes,No,No,Yes,No,Month-to-month,No,Credit card (automatic),99.53,6571.02,0
CUST-14866,Male,0,No,No,17,No,No,Fiber optic,No,No,No,Yes,No,No,Month-to-month,No,Bank transfer (automatic),110.18,1890.4,1
CUST-14867,Male,0,No,Yes,39,Yes,No,No,No,Yes,No,Yes,No internet service,No,Month-to-month,Yes,Electronic check,47.96,1865.03,0
CUST-14868,Female,0,Yes,No,41,Yes,Yes,Fiber optic,No,No,No,No internet service,Yes,No,Month-to-month,No,Electronic check,70.43,2906.5,1
CUST-14869,Female,0,No,No,50,Yes,Yes,Fiber optic,No internet service,No,No,No,No,Yes,Month-to-month,Yes,Bank transfer (automatic),94.34,4716.97,1
CUST-14870,Male,0,Yes,No,67,Yes,No,Fiber optic,No,No internet service,Yes,No internet service,No,No,Month-to-month,Yes,Bank transfer (automatic),89.22,6017.1,1
CUST-14871,Female,0,Yes,No,9,Yes,No,No,No internet service,No,Yes,No,No,No,Month-to-month,No,Bank transfer (automatic),58.58,549.75,0
CUST-14872,Male,0,No,No,4,Yes,No,Fiber optic,No,No,No,No internet service,Yes,Yes,One year,No,Electronic check,67.63,264.14,1
CUST-14873,Female,0,No,Yes,6,Yes,Yes,No,Yes,No,Yes,No,No internet service,No internet service,Month-to-month,No,Electronic check,36.35,238.09,0
CUST-14874,Male,0,No,Yes,19,Yes,No,Fiber optic,No,No internet service,No internet service,No,No,No internet service,One year,No,Bank transfer (automatic),107.09,2100.72,1
CUST-14875,Female,0,Yes,No,25,Yes,Yes,Fiber optic,No internet service,Yes,Yes,No,No,No internet service,Month-to-month,No,Mailed check,93.25,2288.63,0
CUST-14876,Male,0,Yes,No,64,Yes,No,Fiber optic,Yes,No,No,No,No,No,Month-to-month,Yes,Bank transfer (automatic),65.98,4123.22,1
CUST-14877,Male,0,Yes,No,37,Yes,No,Fiber optic,No,No,Yes,No,Yes,No internet service,Month-to-month,No,Electronic check,115.69,4328.12,1
CUST-14878,Female,1,No,Yes,54,Yes,Yes,Fiber optic,No,Yes,No,Yes,No,Yes,Month-to-month,No,Mailed check,83.64,4547.19,0
CUST-14879,Female,1,Yes,No,42,Yes,No,DSL,No,Yes,Yes,No,Yes,No internet service,Month-to-month,Yes,Electronic check,82.13,3588.69,0
CUST-14880,Male,0,No,Yes,69,Yes,No,Fiber optic,No,No internet service,No,No internet service,Yes,No internet service,Month-to-month,Yes,Electronic check,79.81,5512.06,0
CUST-14881,Female,0,Yes,No,24,Yes,No,Fiber optic,No,No,No internet service,No internet service,Yes,Yes,Month-to-month,Yes,Electronic check,94.99,2266.8,1
CUST-14882,Male,0,Yes,Yes,48,Yes,No,DSL,No internet service,No,No,No internet service,No internet service,No,Month-to-month,No,Electronic check,100.73,4857.5,1
CUST-14883,Male,0,Yes,No,19,Yes,Yes,Fiber optic,No,No,Yes,No internet service,No internet service,Yes,Month-to-month,Yes,Mailed check,115.83,2244.17,1
CUST-14884,Male,0,No,No,17,Yes,No,Fiber optic,No,Yes,No,No internet service,Yes,No,Month-to-month,No,Electronic check,118.75,2049.44,1
CUST-14885,Male,0,No,Yes,71,Yes,No,Fiber optic,Yes,Yes,No,No internet service,No,No internet service,Month-to-month,Yes,Mailed check,80.01,5669.09,1
CUST-14886,Female,0,No,No,1,Yes,Yes,No,No,No,No,No,No,Yes,Two year,No,Electronic check,62.47,126.67,1
CUST-14887,Female,0,No,No,19,Yes,No,Fiber optic,Yes,No,No internet service,Yes,No,No,Month-to-month,Yes,Mailed check,56.13,1017.65,1
CUST-14888,Male,0,No,Yes,28,Yes,No phone service,No,Yes,No,No internet service,No,Yes,Yes,Two year,No,Electronic check,56.08,1536.78,0
CUST-14889,Male,0,Yes,Yes,10,Yes,No,Fiber optic,No,No,No internet service,Yes,No internet service,No,Two year,Yes,Mailed check,118.75,1266.69,0
CUST-14890,Female,0,No,No,56,Yes,Yes,Fiber optic,No,No,No,Yes,No,Yes,Month-to-month,Yes,Electronic check,65.37,3695.75,0
CUST-14891,Female,1,No,No,26,Yes,No,Fiber optic,Yes,No,No internet service,No,No,No internet service,Month-to-month,Yes,Bank transfer (automatic),72.92,1875.01,1
CUST-14892,Male,0,No,No,33,Yes,Yes,DSL,No internet service,No,No,No internet service,No internet service,Yes,Month-to-month,Yes,Electronic check,71.71,2373.52,1
CUST-14893,Male,0,Yes,No,22,Yes,Yes,No,No,No,Yes,Yes,No internet service,Yes,Month-to-month,Yes,Electronic check,44.73,1087.66,0
CUST-14894,Male,0,Yes,No,65,Yes,Yes,Fiber optic,No internet service,Yes,No,No,Yes,No internet service,Two year,Yes,Credit card (automatic),106.11,6886.52,0
CUST-14895,Male,0,No,No,30,Yes,No,DSL,No internet service,Yes,No,No,No,No,Two year,Yes,Bank transfer (automatic),89.78,2658.62,0
CUST-14896,Female,0,Yes,No,57,Yes,No,Fiber optic,No,No,No,No internet service,No,No,Month-to-month,Yes,Bank transfer (automatic),48.98,2795.39,1
CUST-14897,Female,0,Yes,No,45,Yes,No,DSL,No,No,No internet service,No,No,No,One year,Yes,Electronic check,53.77,2464.58,0
CUST-14898,Female,1,Yes,Yes,69,Yes,Yes,DSL,No internet service,No,No internet service,No,No internet service,No internet service,Two year,Yes,Bank transfer (automatic),71.6,4959.78,0
CUST-14899,Female,0,No,Yes,44,Yes,Yes,DSL,No,No,No,No,No,No internet service,Month-to-month,Yes,Mailed check,63.25,2836.16,1
CUST-14900,Male,0,Yes,No,71,Yes,No,No,No,No,No,No,No,Yes,Month-to-month,Yes,Credit card (automatic),56.98,4004.02,0
CUST-14901,Female,0,No,No,50,Yes,No,DSL,No,No,Yes,No,No,No,Month-to-month,No,Bank transfer (automatic),82.92,4087.27,1
CUST-14902,Female,1,No,No,4,Yes,Yes,Fiber optic,Yes,Yes,Yes,No,No,No,Month-to-month,No,Electronic check,44.83,234.78,1
CUST-14903,Female,0,No,Yes,11,Yes,Yes,Fiber optic,No internet service,Yes,Yes,No,Yes,No,Month-to-month,Yes,Electronic check,83.53,862.0,1
CUST-14904,Male,1,Yes,No,57,Yes,Yes,No,Yes,No,Yes,No,Yes,Yes,Month-to-month,Yes,Electronic check,32.76,1810.15,1
CUST-14905,Female,0,No,No,3,Yes,No,No,Yes,No,No internet service,No,No,Yes,Month-to-month,Yes,Bank transfer (automatic),52.16,120.04,1
CUST-14906,Male,0,Yes,No,13,Yes,No,No,No,Yes,No,Yes,Yes,No,Two year,Yes,Mailed check,63.22,776.05,0
CUST-14907,Female,0,Yes,Yes,57,Yes,No,Fiber optic,No internet service,Yes,No,Yes,Yes,No internet service,Month-to-month,Yes,Credit card (automatic),85.66,4851.08,0
CUST-14908,Female,0,Yes,No,25,Yes,No,Fiber optic,No internet service,No internet service,Yes,Yes,No,Yes,Month-to-month,No,Bank transfer (automatic),64.28,1521.14,1
CUST-14909,Female,0,Yes,No,15,Yes,Yes,No,No,No internet service,No,No internet service,Yes,Yes,One year,Yes,Electronic check,76.32,1214.91,0
CUST-14910,Female,1,No,Yes,14,Yes,Yes,DSL,No,No internet service,No,No internet service,No,Yes,One year,Yes,Credit card (automatic),59.21,752.41,1
CUST-14911,Female,0,Yes,No,23,Yes,Yes,DSL,No,Yes,Yes,Yes,No,No,Month-to-month,Yes,Bank transfer (automatic),64.45,1596.53,0
CUST-14912,Male,0,No,Yes,61,Yes,No,No,Yes,No internet service,Yes,No,Yes,No internet service,Month-to-month,No,Electronic check,18.25,1154.89,1
CUST-14913,Female,1,Yes,No,33,Yes,No,DSL,Yes,No,No,No,Yes,Yes,Month-to-month,No,Credit card (automatic),85.63,2963.05,1
CUST-14914,Female,1,No,Yes,69,Yes,Yes,Fiber optic,No internet service,Yes,Yes,No,No,No,Month-to-month,Yes,Bank transfer (automatic),90.31,6196.04,0
CUST-14915,Male,1,No,No,52,Yes,Yes,DSL,No internet service,Yes,No,No,No,No,Two year,Yes,Mailed check,84.83,4391.18,0
CUST-14916,Male,1,Yes,Yes,19,Yes,Yes,DSL,Yes,Yes,No internet service,No,No,No internet service,Two year,Yes,Electronic check,58.84,1187.5,0
CUST-14917,Male,0,No,No,11,Yes,Yes,No,No,No internet service,Yes,No,No,Yes,Month-to-month,Yes,Credit card (automatic),62.99,644.39,1
CUST-14918,Female,1,Yes,Yes,68,Yes,No,DSL,No internet service,No,Yes,Yes,No,No internet service,Month-to-month,Yes,Electronic check,103.31,7067.76,0
CUST-14919,Female,0,No,No,65,Yes,Yes,Fiber optic,No,Yes,No,Yes,No,No internet service,Month-to-month,Yes,Mailed check,44.22,2871.18,1
CUST-14920,Female,0,No,Yes,8,Yes,Yes,DSL,No,Yes,Yes,No,Yes,No internet service,Two year,No,Credit card (automatic),83.89,720.4,0
CUST-14921,Female,0,No,No,23,Yes,No,Fiber optic,Yes,No internet service,No,Yes,Yes,No,Two year,No,Bank transfer (automatic),60.73,1467.42,0
CUST-14922,Female,0,Yes,No,54,Yes,Yes,Fiber optic,No,No,Yes,No internet service,Yes,Yes,One year,No,Mailed check,99.03,5322.8,0
CUST-14923,Female,0,No,No,71,Yes,Yes,Fiber optic,No,No internet service,Yes,No,No,No,Two year,Yes,Mailed check,111.42,7873.45,0
CUST-14924,Male,1,No,Yes,65,Yes,No,Fiber optic,No,Yes,No,Yes,No,Yes,Month-to-month,No,Bank transfer (automatic),69.31,4441.59,0
CUST-14925,Male,0,No,No,20,Yes,Yes,Fiber optic,No,No internet service,No internet service,No,Yes,Yes,Two year,Yes,Bank transfer (automatic),73.79,1403.85,0
CUST-14926,Male,0,Yes,No,65,Yes,No,DSL,No,Yes,No,No,No,No internet service,Two year,Yes,Electronic check,77.72,5026.39,0
CUST-14927,Female,0,Yes,No,52,Yes,No,Fiber optic,No,Yes,Yes,No,No internet service,No internet service,One year,No,Credit card (automatic),89.69,4665.49,1
CUST-14928,Male,0,No,No,33,Yes,Yes,No,No,No internet service,No,No,Yes,Yes,Month-to-month,No,Electronic check,22.64,720.63,1
CUST-14929,Male,0,No,No,27,Yes,No,No,Yes,Yes,Yes,No,No,No,Two year,No,Electronic check,38.64,1058.33,0
CUST-14930,Male,0,No,No,59,Yes,Yes,DSL,No,No,Yes,No,No,Yes,Month-to-month,No,Electronic check,59.57,3553.03,0
CUST-14931,Female,0,No,No,61,Yes,No,No,No,No,No,No internet service,No,Yes,Month-to-month,Yes,Bank transfer (automatic),45.43,2745.29,1
CUST-14932,Female,0,No,Yes,66,Yes,Yes,No,Yes,No,No internet service,Yes,Yes,No internet service,Month-to-month,Yes,Electronic check,85.09,5595.31,0
CUST-14933,Female,0,Yes,Yes,33,Yes,No,No,No internet service,Yes,No internet service,No,No internet service,No internet service,Month-to-month,Yes,Credit card (automatic),53.15,1815.85,0
CUST-14934,Male,0,No,No,19,No,Yes,No,No,No,No,No internet service,Yes,No,One year,Yes,Bank transfer (automatic),28.5,561.94,0
CUST-14935,Female,0,Yes,No,63,Yes,No,No,No,Yes,No internet service,No,No,No internet service,Month-to-month,No,Credit card (automatic),55.44,3485.27,1
CUST-14936,Female,0,No,No,22,Yes,No phone service,DSL,No internet service,No internet service,No,No internet service,No,Yes,One year,Yes,Electronic check,69.85,1505.28,1
CUST-14937,Female,0,Yes,Yes,55,Yes,Yes,Fiber optic,Yes,No internet service,No internet service,No,No,No,Month-to-month,Yes,Electronic check,118.75,6577.09,1
CUST-14938,Male,0,No,No,37,Yes,No,No,Yes,No internet service,No internet service,No,No,Yes,Month-to-month,No,Bank transfer (automatic),41.08,1508.17,1
CUST-14939,Male,0,No,No,42,Yes,No,Fiber optic,Yes,No internet service,No,No,No,Yes,Month-to-month,No,Credit card (automatic),83.94,3430.56,0
CUST-14940,Female,0,No,No,15,Yes,No,Fiber optic,No internet service,No,Yes,No internet service,No,No,Month-to-month,No,Electronic check,112.24,1583.21,1
CUST-14941,Male,0,Yes,No,18,Yes,Yes,Fiber optic,No,Yes,No,No internet service,No,Yes,Two year,Yes,Bank transfer (automatic),73.05,1276.24,1
CUST-14942,Female,0,No,Yes,47,Yes,No,DSL,No,Yes,No internet service,Yes,No,Yes,Month-to-month,Yes,Credit card (automatic),51.17,2355.47,0
CUST-14943,Female,0,Yes,No,18,Yes,No,No,Yes,No internet service,No,No internet service,No,Yes,Month-to-month,No,Electronic check,55.43,1001.37,1
CUST-14944,Male,0,Yes,Yes,48,Yes,No phone service,Fiber optic,Yes,No,No,Yes,No internet service,No,One year,No,Mailed check,93.39,4390.52,1
CUST-14945,Female,0,No,No,72,Yes,No,Fiber optic,No,Yes,No,Yes,No internet service,Yes,Month-to-month,Yes,Mailed check,63.42,4569.32,0
CUST-14946,Male,1,No,No,6,Yes,No,DSL,No,Yes,No,No,Yes,Yes,One year,No,Bank transfer (automatic),35.2,163.1,0
CUST-14947,Female,0,Yes,Yes,67,Yes,Yes,No,No,No internet service,No internet service,No,No internet service,Yes,Month-to-month,No,Mailed check,56.42,3832.69,1
CUST-14948,Male,0,No,No,12,Yes,Yes,DSL,Yes,Yes,No,No,No internet service,Yes,Month-to-month,No,Electronic check,81.3,938.19,1
CUST-14949,Male,1,Yes,No,10,Yes,No,No,No internet service,No,Yes,No internet service,No,No,One year,Yes,Mailed check,60.82,652.92,0
CUST-14950,Male,0,No,No,60,Yes,No,DSL,No internet service,No,Yes,No,No,Yes,Month-to-month,Yes,Electronic check,95.15,5705.68,1
CUST-14951,Male,0,No,No,14,Yes,No,No,No,No,No internet service,Yes,No,No,Month-to-month,Yes,Mailed check,52.0,703.89,1
CUST-14952,Female,1,No,No,47,Yes,No,Fiber optic,No,Yes,Yes,No,No,Yes,Month-to-month,Yes,Electronic check,86.91,4020.97,0
CUST-14953,Male,0,No,No,7,Yes,Yes,No,No internet service,No,No internet service,No,Yes,Yes,Month-to-month,Yes,Bank transfer (automatic),64.35,410.2,1
CUST-14954,Male,0,No,No,6,Yes,Yes,Fiber optic,No,Yes,Yes,Yes,No internet service,Yes,Two year,Yes,Electronic check,92.04,620.82,0
CUST-14955,Male,0,No,No,14,Yes,No,DSL,Yes,Yes,Yes,No internet service,No,Yes,Two year,No,Bank transfer (automatic),45.08,626.15,1
CUST-14956,Male,0,Yes,Yes,38,Yes,Yes,DSL,No,No,Yes,Yes,Yes,Yes,One year,No,Credit card (automatic),79.67,2984.22,0
CUST-14957,Male,0,Yes,Yes,21,Yes,Yes,Fiber optic,Yes,No internet service,Yes,No,No,No,One year,Yes,Bank transfer (automatic),103.03,2178.97,1
CUST-14958,Female,0,No,Yes,16,Yes,Yes,Fiber optic,Yes,No,No internet service,No internet service,No,Yes,Two year,Yes,Electronic check,71.79,1124.4,0
CUST-14959,Female,1,Yes,No,61,Yes,Yes,Fiber optic,No internet service,Yes,Yes,No internet service,No,No,Month-to-month,No,Mailed check,118.75,7208.03,0
CUST-14960,Male,0,No,No,12,Yes,Yes,DSL,No internet service,Yes,No,No,Yes,Yes,Month-to-month,No,Credit card (automatic),68.67,802.57,1
CUST-14961,Female,0,Yes,Yes,6,Yes,No phone service,No,No,No,No internet service,Yes,No,Yes,Month-to-month,Yes,Bank transfer (automatic),71.48,476.55,1
CUST-14962,Female,0,No,No,8,Yes,No,Fiber optic,No internet service,Yes,No internet service,Yes,No internet service,Yes,Two year,Yes,Electronic check,70.34,560.7,0
CUST-14963,Male,0,No,No,64,Yes,Yes,Fiber optic,No internet service,Yes,No internet service,No,Yes,Yes,One year,No,Electronic check,106.53,6852.31,1
CUST-14964,Female,0,No,Yes,34,Yes,No,Fiber optic,No,Yes,Yes,No internet service,No,No,One year,Yes,Electronic check,117.5,3972.8,1
CUST-14965,Male,0,No,No,70,Yes,No,Fiber optic,No internet service,Yes,No,Yes,Yes,No,Month-to-month,No,Mailed check,73.99,5148.15,1
CUST-14966,Male,0,Yes,No,58,Yes,No phone service,Fiber optic,No internet service,No,No,No internet service,No,Yes,One year,Yes,Electronic check,95.82,5630.57,0
CUST-14967,Male,1,No,Yes,20,Yes,No,DSL,Yes,Yes,No internet service,No internet service,No,Yes,Month-to-month,Yes,Bank transfer (automatic),70.25,1351.35,0
CUST-14968,Male,0,Yes,No,57,Yes,Yes,No,No internet service,Yes,No,No internet service,No internet service,Yes,Month-to-month,No,Credit card (automatic),29.49,1664.58,0
CUST-14969,Female,0,No,Yes,33,Yes,Yes,Fiber optic,No internet service,Yes,No,Yes,No,Yes,Month-to-month,No,Electronic check,92.25,3099.82,1
CUST-14970,Female,0,No,No,40,Yes,No phone service,Fiber optic,Yes,No,No,Yes,No internet service,No,Month-to-month,No,Bank transfer (automatic),83.53,3317.76,0
CUST-14971,Male,0,Yes,No,38,No,No phone service,Fiber optic,No,No,No,No,No internet service,No internet service,Month-to-month,No,Electronic check,84.74,3312.51,1
CUST-14972,Female,0,Yes,No,55,Yes,No,Fiber optic,Yes,Yes,No internet service,No,No internet service,No,Month-to-month,No,Electronic check,66.63,3619.98,0
CUST-14973,Female,0,Yes,No,15,Yes,No,Fiber optic,No,No,Yes,No internet service,No,Yes,Month-to-month,Yes,Mailed check,107.12,1638.46,1
CUST-14974,Female,0,Yes,Yes,4,Yes,No,Fiber optic,No,Yes,Yes,No internet service,Yes,Yes,Month-to-month,Yes,Credit card (automatic),81.61,411.72,1
CUST-14975,Female,1,No,No,53,Yes,No,No,Yes,No internet service,Yes,No,No,No,Month-to-month,No,Electronic check,44.08,2345.73,0
CUST-14976,Female,0,Yes,No,69,Yes,No,DSL,No,No,No internet service,No internet service,No,No internet service,Month-to-month,No,Mailed check,54.1,3752.94,1
CUST-14977,Male,1,No,No,42,Yes,Yes,No,No,No,No,No internet service,No,Yes,Month-to-month,Yes,Credit card (automatic),71.58,3047.49,1
CUST-14978,Female,1,No,No,8,Yes,Yes,No,Yes,No,Yes,No,No internet service,Yes,Month-to-month,No,Bank transfer (automatic),23.8,62.48,1
CUST-14979,Female,0,No,No,8,Yes,No,No,No,No,No internet service,No,Yes,No,Month-to-month,Yes,Mailed check,18.25,217.4,1
CUST-14980,Female,0,No,Yes,39,Yes,Yes,DSL,No internet service,No,Yes,No internet service,No internet service,No,Two year,No,Electronic check,77.8,3051.27,0
CUST-14981,Female,1,Yes,No,65,Yes,No,Fiber optic,Yes,No,No internet service,No internet service,No internet service,No internet service,Month-to-month,Yes,Electronic check,80.07,5207.68,1
CUST-14982,Male,1,No,No,44,Yes,No phone service,No,No,No,No internet service,No internet service,No,No,Month-to-month,Yes,Electronic check,62.54,2759.75,1
CUST-14983,Male,1,No,No,22,Yes,Yes,Fiber optic,Yes,Yes,No,No,No internet service,Yes,One year,Yes,Electronic check,118.75,2510.17,1
CUST-14984,Male,0,No,No,45,Yes,No,DSL,Yes,Yes,Yes,No,Yes,No,Two year,No,Bank transfer (automatic),100.68,4575.77,0
CUST-14985,Male,0,Yes,No,11,Yes,No,No,No,No,No,No internet service,Yes,Yes,Two year,Yes,Mailed check,69.14,779.29,1
CUST-14986,Female,1,Yes,No,34,Yes,No,No,No,No,No,Yes,Yes,No internet service,Month-to-month,No,Electronic check,31.76,1031.96,1
CUST-14987,Female,1,No,No,71,Yes,Yes,No,No,Yes,Yes,No internet service,Yes,No,Month-to-month,Yes,Mailed check,70.91,5055.48,1
CUST-14988,Female,0,No,No,45,Yes,Yes,Fiber optic,Yes,No internet service,No,Yes,Yes,No internet service,One year,Yes,Electronic check,80.92,3668.49,1
CUST-14989,Female,1,Yes,No,7,Yes,No phone service,Fiber optic,No,Yes,Yes,No,Yes,Yes,Two year,No,Mailed check,67.19,442.62,1
CUST-14990,Female,0,No,No,14,Yes,No,Fiber optic,Yes,Yes,No internet service,No,Yes,No,One year,Yes,Bank transfer (automatic),100.86,1475.86,0
CUST-14991,Female,1,Yes,Yes,4,Yes,No,Fiber optic,No internet service,No,No,Yes,No,No,Month-to-month,No,Electronic check,81.36,319.26,1
CUST-14992,Female,0,No,No,29,Yes,Yes,No,No,No internet service,Yes,No,Yes,Yes,Month-to-month,No,Bank transfer (automatic),46.85,1344.71,0
CUST-14993,Female,1,Yes,Yes,17,Yes,Yes,DSL,Yes,No,No,No,No,No,Month-to-month,No,Electronic check,88.49,1537.85,1
CUST-14994,Female,0,Yes,No,71,Yes,No,DSL,Yes,No,No,Yes,No,No,Month-to-month,Yes,Electronic check,90.58,6387.56,0
CUST-14995,Male,0,Yes,No,23,Yes,No,No,No,Yes,Yes,Yes,No,No,Month-to-month,No,Credit card (automatic),43.88,986.0,0
CUST-14996,Female,0,Yes,No,2,Yes,No,DSL,No internet service,No internet service,Yes,Yes,No internet service,Yes,Two year,Yes,Bank transfer (automatic),77.73,98.06,0
CUST-14997,Female,0,Yes,No,31,Yes,No,DSL,No,No,Yes,No,No,Yes,One year,Yes,Electronic check,93.45,2888.28,0
CUST-14998,Female,0,Yes,No,53,Yes,Yes,No,No,Yes,No,No,No,Yes,Month-to-month,No,Electronic check,35.52,1866.2,1
CUST-14999,Male,1,Yes,Yes,50,Yes,Yes,No,No,No,Yes,Yes,Yes,Yes,One year,Yes,Credit card (automatic),18.27,920.18,1
CUST-15000,Male,0,No,No,71,Yes,Yes,No,Yes,Yes,Yes,Yes,Yes,No,Month-to-month,Yes,Electronic check,40.18,2903.83,0
CUST-15001,Male,1,No,No,26,Yes,Yes,Fiber optic,No,No,No internet service,No,No,Yes,Month-to-month,Yes,Bank transfer (automatic),83.49,2204.72,1
CUST-15002,Female,0,No,Yes,38,Yes,Yes,Fiber optic,Yes,No,Yes,Yes,No internet service,Yes,Month-to-month,No,Bank transfer (automatic),87.37,3326.32,1
CUST-15003,Female,0,Yes,Yes,40,Yes,No,DSL,No internet service,No,Yes,No,No,Yes,Two year,No,Credit card (automatic),118.75,4814.39,0
CUST-15004,Female,0,Yes,No,1,Yes,Yes,DSL,No internet service,No internet service,No,No,No internet service,No internet service,One year,Yes,Mailed check,60.46,29.33,1
CUST-15005,Female,0,No,No,0,Yes,No,DSL,Yes,No,No internet service,No internet service,No internet service,Yes,Month-to-month,No,Bank transfer (automatic),71.69,24.75,0
CUST-15006,Male,0,No,No,58,Yes,No phone service,Fiber optic,Yes,No,No,Yes,No internet service,No,Month-to-month,Yes,Electronic check,72.75,4265.17,1
CUST-15007,Female,0,No,No,28,No,Yes,Fiber optic,No,No,Yes,Yes,No,No internet service,Month-to-month,Yes,Credit card (automatic),94.71,2746.57,1
CUST-15008,Female,1,No,No,50,Yes,No,DSL,No,Yes,No,Yes,No internet service,No,Month-to-month,Yes,Mailed check,85.45,4279.69,1
CUST-15009,Male,0,No,Yes,68,Yes,Yes,No,No,No,No,No internet service,No,Yes,Two year,Yes,Electronic check,64.94,4396.54,0
CUST-15010,Female,1,No,No,17,Yes,Yes,No,No,No internet service,Yes,No,No,No,Two year,Yes,Electronic check,55.04,936.46,0
CUST-15011,Male,0,Yes,No,56,Yes,Yes,DSL,Yes,No,Yes,No,Yes,No internet service,One year,No,Mailed check,76.89,4309.0,0
CUST-15012,Female,0,No,No,15,Yes,Yes,No,No,No,No,No,No internet service,Yes,Month-to-month,No,Electronic check,18.25,240.1,1
CUST-15013,Female,0,No,No,54,Yes,No,Fiber optic,Yes,No,No,No,No,No internet service,Month-to-month,Yes,Bank transfer (automatic),104.32,5634.3,1
CUST-15014,Female,0,No,Yes,11,Yes,No,Fiber optic,No,No internet service,Yes,No internet service,Yes,No,Month-to-month,No,Bank transfer (automatic),117.51,1381.28,1
CUST-15015,Female,0,Yes,Yes,22,Yes,No,Fiber optic,No,Yes,No,Yes,No,No,Month-to-month,Yes,Electronic check,74.35,1551.78,1
CUST-15016,Male,0,Yes,No,34,Yes,No,Fiber optic,No,Yes,Yes,No,Yes,No,Two year,No,Mailed check,72.67,2349.73,0
CUST-15017,Female,0,Yes,No,35,No,No,DSL,No internet service,No,No,No internet service,No,Yes,Month-to-month,No,Mailed check,53.11,1782.86,0
CUST-15018,Female,0,Yes,No,2,Yes,No,Fiber optic,No,Yes,No internet service,Yes,No internet service,Yes,One year,Yes,Electronic check,102.38,158.14,1
CUST-15019,Female,0,No,No,61,Yes,No,DSL,No,No internet service,Yes,Yes,No,No internet service,Month-to-month,No,Mailed check,52.42,3138.04,0
CUST-15020,Female,0,No,No,0,Yes,No,DSL,No internet service,Yes,No,No,Yes,No internet service,Two year,No,Bank transfer (automatic),72.5,0.0,0
CUST-15021,Male,0,Yes,No,64,Yes,Yes,Fiber optic,No,Yes,No,No internet service,Yes,Yes,Two year,Yes,Bank transfer (automatic),60.27,3805.63,0
CUST-15022,Female,1,No,Yes,15,Yes,No,DSL,No internet service,No,No internet service,No internet service,No,No,Month-to-month,No,Electronic check,83.31,1272.18,1
CUST-15023,Male,0,Yes,Yes,51,Yes,No,Fiber optic,No internet service,Yes,No,No,Yes,No,Month-to-month,Yes,Bank transfer (automatic),81.32,4099.97,0
CUST-15024,Female,0,No,No,51,Yes,Yes,Fiber optic,No,No,No,No internet service,Yes,Yes,Month-to-month,No,Bank transfer (automatic),94.27,4749.89,1
CUST-15025,Male,0,Yes,No,33,Yes,No,DSL,Yes,No,No,Yes,Yes,No,Month-to-month,Yes,Electronic check,57.89,1812.61,0
CUST-15026,Male,0,No,No,39,Yes,No phone service,No,Yes,No internet service,No,No,Yes,Yes,Month-to-month,Yes,Electronic check,35.74,1443.79,1
CUST-15027,Male,0,No,Yes,5,Yes,No phone service,Fiber optic,No,Yes,No internet service,No,No internet service,Yes,Two year,Yes,Electronic check,78.54,459.68,1
CUST-15028,Female,1,No,No,65,Yes,Yes,Fiber optic,Yes,No,No,Yes,Yes,Yes,Month-to-month,No,Bank transfer (automatic),72.99,4757.25,0
CUST-15029,Male,0,No,Yes,8,Yes,Yes,DSL,No,No internet service,No,No,No,Yes,Month-to-month,No,Electronic check,57.0,462.37,1
CUST-15030,Male,0,Yes,Yes,48,Yes,Yes,DSL,Yes,No,No internet service,No,No,No,One year,Yes,Bank transfer (automatic),49.41,2404.45,0
CUST-15031,Female,0,No,No,0,Yes,No,No,Yes,Yes,Yes,No,Yes,Yes,Month-to-month,Yes,Bank transfer (automatic),59.43,40.69,1
CUST-15032,Male,0,Yes,No,54,Yes,No,No,No,Yes,No,No internet service,Yes,No,Two year,No,Bank transfer (automatic),56.01,2966.86,0
CUST-15033,Male,0,Yes,Yes,26,Yes,No,Fiber optic,Yes,No,No internet service,Yes,Yes,No internet service,Month-to-month,Yes,Electronic check,81.56,2108.02,1
CUST-15034,Male,0,No,No,35,Yes,No phone service,DSL,Yes,Yes,No internet service,Yes,No internet service,No,Month-to-month,Yes,Mailed check,90.09,3202.15,1
CUST-15035,Male,1,No,No,1,Yes,Yes,Fiber optic,No,No,Yes,No internet service,Yes,No,Two year,Yes,Electronic check,118.75,91.58,1
CUST-15036,Female,0,No,No,15,Yes,Yes,DSL,No internet service,No,No,No,No,No,Two year,No,Electronic check,60.84,920.43,1
CUST-15037,Female,0,Yes,No,31,Yes,No,No,No,No,Yes,No,No,No internet service,Month-to-month,Yes,Electronic check,54.2,1740.72,1
CUST-15038,Female,0,No,Yes,52,Yes,Yes,DSL,No internet service,No,No,No,No,No,One year,Yes,Bank transfer (automatic),79.21,4238.79,0
CUST-15039,Male,0,Yes,No,43,Yes,No,DSL,Yes,No,No,No internet service,No,Yes,One year,Yes,Bank transfer (automatic),62.18,2722.81,0
CUST-15040,Male,0,No,No,19,No,No,DSL,No,Yes,No,Yes,Yes,Yes,Month-to-month,Yes,Credit card (automatic),48.98,867.13,1
CUST-15041,Male,0,No,Yes,43,Yes,No,DSL,No,No,No internet service,Yes,Yes,Yes,Month-to-month,No,Bank transfer (automatic),118.75,5071.51,1
CUST-15042,Male,1,No,No,16,Yes,No phone service,No,No,No internet service,Yes,No,No,No internet service,One year,Yes,Electronic check,56.87,970.47,1
CUST-15043,Female,0,No,Yes,40,Yes,Yes,Fiber optic,No,No,No internet service,Yes,Yes,No,Two year,Yes,Bank transfer (automatic),90.61,3587.14,0
CUST-15044,Female,1,No,No,39,Yes,No,DSL,No internet service,Yes,No,No internet service,No internet service,No,One year,Yes,Electronic check,81.53,3223.08,0
CUST-15045,Male,0,Yes,No,16,No,No phone service,DSL,Yes,Yes,Yes,Yes,No,Yes,Month-to-month,No,Credit card (automatic),118.75,1986.09,1
CUST-15046,Female,0,No,No,14,Yes,Yes,DSL,No,No,No internet service,No,Yes,No internet service,One year,Yes,Electronic check,70.65,1042.5,0
CUST-15047,Female,1,No,Yes,37,Yes,No,Fiber optic,No,No,No internet service,No,Yes,No,Month-to-month,Yes,Mailed check,90.97,3455.62,1
CUST-15048,Male,0,Yes,Yes,42,Yes,No phone service,Fiber optic,No,No,No internet service,Yes,No,Yes,One year,No,Credit card (automatic),91.19,3773.22,0
CUST-15049,Female,0,Yes,No,71,Yes,Yes,DSL,No,Yes,No internet service,Yes,No internet service,No,Month-to-month,No,Mailed check,96.82,6777.09,0
CUST-15050,Male,0,Yes,Yes,36,Yes,Yes,Fiber optic,Yes,No,Yes,Yes,No,Yes,One year,Yes,Mailed check,95.4,3395.21,0
CUST-15051,Male,0,No,No,32,Yes,Yes,Fiber optic,Yes,Yes,Yes,No,Yes,No internet service,Month-to-month,No,Bank transfer (automatic),58.96,1886.99,1
CUST-15052,Female,1,No,No,34,Yes,Yes,No,No,Yes,Yes,Yes,No,No,Month-to-month,No,Electronic check,18.25,574.84,0
CUST-15053,Female,0,No,Yes,63,No,Yes,Fiber optic,No,No,Yes,No internet service,No,Yes,Month-to-month,Yes,Credit card (automatic),110.7,6934.9,0
CUST-15054,Male,1,Yes,No,22,Yes,Yes,DSL,Yes,No internet service,No internet service,No internet service,No,Yes,Month-to-month,No,Electronic check,79.95,1751.75,1
CUST-15055,Female,0,Yes,Yes,27,Yes,Yes,DSL,No internet service,No internet service,No,Yes,No,No,Month-to-month,Yes,Electronic check,68.34,1822.13,1
CUST-15056,Female,0,No,No,26,Yes,No,No,No,Yes,Yes,Yes,No,No,One year,Yes,Credit card (automatic),34.16,929.9,0
CUST-15057,Female,0,Yes,No,45,Yes,Yes,DSL,Yes,Yes,No,Yes,No,Yes,Month-to-month,Yes,Mailed check,109.94,4947.97,0
CUST-15058,Male,0,Yes,No,51,Yes,No,Fiber optic,Yes,Yes,No,No internet service,No internet service,No,Month-to-month,Yes,Credit card (automatic),94.61,4795.67,1
CUST-15059,Female,1,Yes,No,35,Yes,Yes,Fiber optic,No internet service,No internet service,No,No internet service,No,Yes,Month-to-month,No,Bank transfer (automatic),100.43,3562.59,1
CUST-15060,Female,0,Yes,No,19,Yes,No,Fiber optic,No internet service,Yes,No internet service,No,No,No internet service,Month-to-month,No,Bank transfer (automatic),106.33,2163.2,1
CUST-15061,Female,0,Yes,Yes,50,Yes,Yes,Fiber optic,No internet service,No internet service,No,No,Yes,No internet service,Month-to-month,No,Mailed check,98.58,4951.93,0
CUST-15062,Female,0,No,Yes,20,Yes,Yes,Fiber optic,No,No,No,No,Yes,No,Month-to-month,Yes,Credit card (automatic),81.09,1595.06,1
CUST-15063,Female,0,Yes,Yes,65,Yes,No phone service,DSL,No internet service,No internet service,Yes,No internet service,Yes,Yes,One year,Yes,Electronic check,70.98,4530.51,1
CUST-15064,Female,1,Yes,No,45,Yes,No,Fiber optic,Yes,Yes,No,No internet service,No internet service,Yes,One year,No,Bank transfer (automatic),102.93,4618.06,1
CUST-15065,Female,0,No,No,32,Yes,No,No,Yes,No,No,No,No internet service,Yes,Month-to-month,No,Mailed check,67.75,2108.14,0
CUST-15066,Female,0,No,No,17,Yes,No,DSL,Yes,Yes,No,No internet service,No,No,Month-to-month,Yes,Electronic check,96.15,1659.52,1
CUST-15067,Male,0,No,No,55,Yes,No,DSL,No,No,Yes,Yes,No,No internet service,Month-to-month,No,Credit card (automatic),59.05,3331.56,1
CUST-15068,Male,0,No,No,44,No,Yes,No,Yes,No,No,Yes,No,No,Two year,Yes,Electronic check,53.65,2317.5,0
CUST-15069,Female,1,No,Yes,64,Yes,No,DSL,No,No internet service,Yes,No internet service,Yes,No internet service,Month-to-month,Yes,Bank transfer (automatic),58.88,3738.92,1
CUST-15070,Female,0,No,Yes,51,No,No,Fiber optic,Yes,No,No internet service,No,Yes,No internet service,Two year,No,Mailed check,87.59,4502.8,0
CUST-15071,Female,0,No,No,57,Yes,No phone service,DSL,No,No internet service,No,Yes,Yes,No,One year,No,Bank transfer (automatic),69.89,3947.04,0
CUST-15072,Male,0,No,No,6,Yes,No,Fiber optic,No internet service,No,Yes,Yes,No,Yes,Two year,Yes,Mailed check,89.83,451.09,0
CUST-15073,Female,0,No,No,1,Yes,Yes,Fiber optic,No,No,No,Yes,No,No internet service,Month-to-month,No,Bank transfer (automatic),108.46,167.64,0
CUST-15074,Male,1,Yes,Yes,48,Yes,No,Fiber optic,No,Yes,No internet service,Yes,Yes,Yes,Two year,Yes,Bank transfer (automatic),72.99,3433.23,0
CUST-15075,Male,0,Yes,No,0,Yes,No,Fiber optic,Yes,Yes,No,No internet service,No,No internet service,Two year,No,Mailed check,118.75,0.0,1
CUST-15076,Male,0,Yes,Yes,65,Yes,Yes,DSL,Yes,Yes,No internet service,No,No internet service,Yes,Month-to-month,No,Credit card (automatic),99.98,6491.24,0
CUST-15077,Male,0,Yes,No,64,Yes,No,Fiber optic,No,Yes,No internet service,No,No,Yes,Two year,Yes,Credit card (automatic),57.73,3672.73,0
CUST-15078,Female,1,Yes,Yes,42,Yes,Yes,Fiber optic,Yes,Yes,No internet service,No internet service,No,Yes,Month-to-month,Yes,Credit card (automatic),96.16,4067.99,0
CUST-15079,Female,1,No,Yes,53,Yes,Yes,Fiber optic,No,Yes,No,No,Yes,Yes,Month-to-month,No,Credit card (automatic),66.7,3457.68,1
CUST-15080,Male,0,No,No,30,Yes,No,Fiber optic,No internet service,Yes,No,Yes,Yes,No,Month-to-month,No,Electronic check,96.92,2924.42,1
CUST-15081,Female,0,Yes,No,69,Yes,Yes,No,Yes,No,Yes,No,Yes,Yes,Month-to-month,No,Credit card (automatic),21.27,1423.98,0
CUST-15082,Male,0,Yes,No,2,Yes,No,DSL,Yes,No,No internet service,No,Yes,No,One year,Yes,Bank transfer (automatic),97.95,197.39,0
CUST-15083,Male,0,Yes,Yes,21,Yes,Yes,DSL,Yes,No internet service,No internet service,Yes,No,Yes,One year,Yes,Electronic check,98.87,2033.91,1
CUST-15084,Female,0,No,No,50,Yes,Yes,No,No internet service,No,Yes,No,No internet service,No,Month-to-month,Yes,Bank transfer (automatic),40.35,2022.39,1
CUST-15085,Male,0,Yes,No,57,Yes,No,Fiber optic,Yes,Yes,No,No,Yes,No,Month-to-month,Yes,Bank transfer (automatic),93.22,5353.85,1
CUST-15086,Female,1,Yes,No,17,Yes,No,DSL,No,No internet service,Yes,No,Yes,No internet service,Month-to-month,No,Mailed check,49.24,827.75,1
CUST-15087,Male,0,Yes,Yes,58,Yes,No,No,No,No internet service,No internet service,No,Yes,No internet service,One year,Yes,Electronic check,38.6,2221.56,0
CUST-15088,Male,0,No,No,33,Yes,No,Fiber optic,No,No,Yes,No,Yes,Yes,Month-to-month,No,Bank transfer (automatic),86.43,2811.06,1
CUST-15089,Female,0,Yes,No,62,No,No,Fiber optic,No,Yes,No,No internet service,No,No,Month-to-month,Yes,Electronic check,58.24,3614.81,1
CUST-15090,Female,0,No,No,19,No,Yes,Fiber optic,No,No internet service,No,No internet service,No,Yes,Month-to-month,Yes,Electronic check,118.75,2304.74,1
CUST-15091,Male,0,No,No,50,Yes,No,Fiber optic,No internet service,No internet service,Yes,Yes,No,Yes,Two year,No,Bank transfer (automatic),92.3,4610.17,0
CUST-15092,Male,0,No,No,15,Yes,Yes,Fiber optic,Yes,No internet service,No internet service,Yes,Yes,Yes,One year,Yes,Bank transfer (automatic),114.46,1785.53,0
CUST-15093,Female,1,No,Yes,10,Yes,No,DSL,No,No,No,No,No,No internet service,Two year,Yes,Electronic check,70.93,695.25,1
CUST-15094,Male,0,Yes,Yes,51,Yes,No,Fiber optic,No internet service,Yes,No,No,No,No,One year,Yes,Mailed check,75.56,3948.56,0
CUST-15095,Male,1,Yes,Yes,49,Yes,Yes,Fiber optic,Yes,No,Yes,No internet service,Yes,No internet service,Month-to-month,No,Electronic check,91.52,4385.43,1
CUST-15096,Female,0,No,No,21,Yes,No,Fiber optic,No,No,No,No internet service,No internet service,Yes,Two year,Yes,Bank transfer (automatic),108.56,2251.51,1
CUST-15097,Male,0,Yes,Yes,44,Yes,No,Fiber optic,No,Yes,Yes,No,No internet service,No internet service,Month-to-month,Yes,Mailed check,76.0,3301.86,1
CUST-15098,Female,0,No,Yes,68,No,Yes,DSL,Yes,Yes,No,No internet service,Yes,No,Month-to-month,Yes,Electronic check,79.65,5410.6,0
CUST-15099,Male,1,No,No,24,Yes,No,Fiber optic,No,No internet service,No,No,No,Yes,One year,Yes,Electronic check,77.72,1893.97,1
CUST-15100,Female,0,Yes,Yes,36,Yes,No,DSL,Yes,Yes,Yes,No,No,Yes,Month-to-month,Yes,Credit card (automatic),31.8,1273.11,0
CUST-15101,Female,0,Yes,No,15,Yes,Yes,No,No,Yes,No internet service,No,No internet service,No,Month-to-month,Yes,Electronic check,42.29,639.07,0
CUST-15102,Male,0,No,No,37,Yes,No,Fiber optic,No,No,Yes,No,Yes,Yes,Month-to-month,Yes,Bank transfer (automatic),92.08,3449.18,1
CUST-15103,Male,0,No,No,64,Yes,No,Fiber optic,No,No internet service,No,Yes,Yes,Yes,Month-to-month,Yes,Credit card (automatic),89.54,5689.72,0
CUST-15104,Male,0,No,No,46,No,Yes,Fiber optic,No,No internet service,No internet service,Yes,No,No internet service,Month-to-month,Yes,Electronic check,83.78,3838.42,1
CUST-15105,Female,0,Yes,No,10,Yes,Yes,DSL,No,Yes,No internet service,Yes,Yes,No,One year,Yes,Electronic check,76.34,797.31,1
CUST-15106,Female,0,No,No,54,Yes,No,Fiber optic,Yes,No,No,No,No internet service,Yes,Month-to-month,Yes,Credit card (automatic),76.55,4058.09,1
CUST-15107,Female,0,Yes,No,30,Yes,No,DSL,Yes,No internet service,Yes,No,Yes,Yes,Month-to-month,Yes,Mailed check,84.39,2474.47,0
CUST-15108,Male,0,Yes,No,1,Yes,No,Fiber optic,Yes,No,No,No,No,No,One year,No,Electronic check,80.52,84.47,1
CUST-15109,Male,0,No,Yes,45,Yes,No,DSL,No internet service,Yes,No,No internet service,Yes,No,Month-to-month,No,Electronic check,90.81,4078.11,0
CUST-15110,Female,0,No,No,21,No,No,Fiber optic,No,No,No,No,No,No internet service,One year,No,Mailed check,61.67,1306.0,0
CUST-15111,Female,0,Yes,No,70,Yes,No,DSL,Yes,No,No,No,Yes,No,Month-to-month,Yes,Mailed check,76.11,5243.89,0
CUST-15112,Female,1,No,No,72,Yes,Yes,DSL,No,No,No internet service,No,Yes,No internet service,Month-to-month,Yes,Mailed check,84.18,6043.78,0
CUST-15113,Male,0,Yes,No,48,Yes,No,Fiber optic,No,No,No,Yes,Yes,No,One year,No,Mailed check,114.32,5474.52,1
CUST-15114,Male,0,Yes,No,46,Yes,Yes,Fiber optic,No,Yes,No internet service,No,No,No,Month-to-month,Yes,Mailed check,78.66,3627.98,1
CUST-15115,Male,1,Yes,No,22,Yes,No phone service,DSL,No,No internet service,No internet service,No,Yes,No internet service,One year,No,Credit card (automatic),97.73,2192.4,0
CUST-15116,Male,0,No,No,5,Yes,Yes,Fiber optic,No,No,No internet service,No internet service,Yes,Yes,Month-to-month,Yes,Credit card (automatic),98.04,492.45,1
CUST-15117,Male,0,Yes,Yes,4,Yes,Yes,No,No,Yes,Yes,No,No internet service,No,Month-to-month,No,Bank transfer (automatic),83.84,280.48,1
CUST-15118,Female,0,No,No,33,Yes,No,Fiber optic,No internet service,No,No,Yes,Yes,No,Month-to-month,No,Mailed check,59.86,1991.69,1
CUST-15119,Male,0,Yes,Yes,23,Yes,Yes,Fiber optic,No,No,No internet service,No,Yes,Yes,Month-to-month,No,Credit card (automatic),93.97,2073.74,1
CUST-15120,Female,0,Yes,No,70,Yes,Yes,DSL,No,No,No,No internet service,No,Yes,One year,Yes,Mailed check,73.5,5149.78,0
CUST-15121,Female,0,Yes,No,21,No,No phone service,DSL,Yes,No internet service,No,No internet service,Yes,No,Month-to-month,No,Credit card (automatic),77.47,1651.0,1
CUST-15122,Female,0,Yes,No,15,Yes,No,DSL,No internet service,No internet service,Yes,No internet service,No,No internet service,Month-to-month,Yes,Electronic check,91.64,1371.38,1
CUST-15123,Female,0,No,No,59,Yes,Yes,No,Yes,No,No,No internet service,No,No,Month-to-month,Yes,Electronic check,77.08,4580.17,0
CUST-15124,Male,1,No,No,61,Yes,Yes,DSL,No,No,No,Yes,No internet service,No,Two year,Yes,Bank transfer (automatic),80.78,4861.2,0
CUST-15125,Female,0,No,No,27,Yes,No,DSL,No,No,No internet service,No,Yes,No internet service,Two year,No,Bank transfer (automatic),42.08,1249.37,0
CUST-15126,Male,0,Yes,Yes,5,Yes,No,DSL,Yes,No,No,No,No,Yes,Two year,No,Credit card (automatic),66.61,286.89,0
CUST-15127,Female,0,No,No,7,Yes,Yes,No,Yes,No,Yes,No internet service,No internet service,Yes,Two year,Yes,Mailed check,112.3,655.79,1
CUST-15128,Female,0,No,Yes,38,Yes,Yes,Fiber optic,No,No,No,No internet service,No,Yes,Month-to-month,Yes,Mailed check,70.1,2599.63,1
CUST-15129,Female,0,Yes,Yes,63,Yes,No,No,No,No internet service,No internet service,No,Yes,Yes,One year,No,Electronic check,52.78,3471.6,1
CUST-15130,Male,0,No,No,28,Yes,Yes,Fiber optic,No internet service,No,Yes,No,Yes,No,One year,No,Bank transfer (automatic),103.74,2959.3,1
CUST-15131,Male,1,No,No,1,Yes,No,No,No,Yes,Yes,No,No,Yes,Two year,No,Bank transfer (automatic),69.12,5.74,1
CUST-15132,Male,0,No,No,27,Yes,Yes,No,No internet service,No internet service,No internet service,No internet service,No,Yes,One year,No,Electronic check,37.1,1060.38,1
CUST-15133,Male,0,No,Yes,0,Yes,No,Fiber optic,No,No internet service,Yes,No,Yes,Yes,Month-to-month,Yes,Bank transfer (automatic),118.04,63.93,1
CUST-15134,Female,0,No,No,30,Yes,No,No,No,Yes,No,Yes,No internet service,Yes,One year,Yes,Electronic check,73.59,2135.22,1
CUST-15135,Male,0,No,Yes,34,Yes,Yes,No,No internet service,No internet service,No internet service,No,Yes,No,Two year,Yes,Bank transfer (automatic),57.93,2030.65,0
CUST-15136,Male,0,No,Yes,53,Yes,No,DSL,No internet service,No,No internet service,No,No internet service,Yes,Month-to-month,No,Electronic check,55.85,2939.27,0
CUST-15137,Female,0,No,Yes,5,Yes,Yes,Fiber optic,Yes,Yes,Yes,No internet service,No,No,Two year,Yes,Mailed check,77.94,424.58,0
CUST-15138,Male,0,Yes,No,35,Yes,No,Fiber optic,No,No,No internet service,No,No,No,Month-to-month,No,Credit card (automatic),75.85,2702.84,1
CUST-15139,Female,0,No,No,12,Yes,No,No,Yes,Yes,No internet service,No internet service,No,No,Month-to-month,Yes,Credit card (automatic),44.23,577.67,1
CUST-15140,Male,0,No,Yes,34,No,Yes,Fiber optic,No internet service,No,No internet service,Yes,Yes,No,Month-to-month,No,Bank transfer (automatic),116.6,3954.45,1
CUST-15141,Male,0,Yes,Yes,71,Yes,No,Fiber optic,No,No internet service,No,No,Yes,No,Month-to-month,Yes,Electronic check,94.91,6697.67,0
CUST-15142,Female,0,No,No,54,Yes,No phone service,DSL,No,No,No,No,No internet service,No,Month-to-month,No,Mailed check,86.47,4695.74,1
CUST-15143,Female,0,No,No,61,Yes,No,No,No internet service,Yes,No,No,No internet service,Yes,Month-to-month,Yes,Mailed check,52.19,3224.53,0
CUST-15144,Female,0,No,Yes,2,Yes,Yes,DSL,No,Yes,No,No internet service,Yes,Yes,Month-to-month,Yes,Mailed check,104.53,232.37,1
CUST-15145,Female,0,No,No,55,Yes,No,Fiber optic,No,No,No,No internet service,No internet service,No,Month-to-month,No,Mailed check,57.77,3174.09,1
CUST-15146,Male,0,Yes,No,63,Yes,Yes,DSL,No,No,No,No,Yes,No internet service,Month-to-month,Yes,Electronic check,18.25,1183.36,0
CUST-15147,Female,0,No,No,48,Yes,No,Fiber optic,Yes,No,No,No,No,No,One year,No,Bank transfer (automatic),88.02,4143.36,0
CUST-15148,Male,0,No,Yes,57,Yes,Yes,No,Yes,No internet service,No,No internet service,No internet service,Yes,Month-to-month,No,Bank transfer (automatic),48.52,2802.14,0
CUST-15149,Female,0,No,No,3,Yes,No,DSL,No,No,Yes,No internet service,Yes,Yes,Two year,Yes,Mailed check,72.93,208.52,1
CUST-15150,Male,0,Yes,No,53,No,No,No,Yes,No,No internet service,No,Yes,Yes,Month-to-month,Yes,Bank transfer (automatic),34.98,1909.65,1
CUST-15151,Female,0,Yes,No,61,Yes,Yes,No,No internet service,No,No internet service,No,No,No internet service,Month-to-month,No,Mailed check,22.68,1391.2,1
CUST-15152,Male,0,No,No,16,Yes,No,DSL,No,No,No,No internet service,No,Yes,Two year,Yes,Mailed check,71.64,1176.28,0
CUST-15153,Female,1,Yes,No,34,Yes,No,Fiber optic,No,Yes,No,No,No,No internet service,Month-to-month,Yes,Electronic check,81.41,2797.22,1
CUST-15154,Female,0,Yes,No,30,Yes,Yes,DSL,Yes,No,No internet service,No,No,No internet service,One year,No,Mailed check,78.48,2335.69,1
CUST-15155,Female,1,No,No,7,Yes,No,DSL,No,No,No,No internet service,No internet service,No,Month-to-month,Yes,Mailed check,87.6,575.66,1
CUST-15156,Female,1,No,Yes,9,Yes,No,No,No,No,No,No,Yes,No,One year,Yes,Mailed check,72.24,696.96,1
CUST-15157,Male,0,No,No,21,No,Yes,DSL,No internet service,Yes,Yes,No,No internet service,Yes,Two year,Yes,Mailed check,90.29,1912.26,0
CUST-15158,Male,0,No,No,7,No,No,Fiber optic,Yes,No,No internet service,Yes,Yes,No,Month-to-month,No,Bank transfer (automatic),88.37,632.38,0
CUST-15159,Female,0,No,No,36,No,No phone service,DSL,Yes,No,Yes,No,No internet service,Yes,One year,Yes,Mailed check,82.96,3032.75,0
CUST-15160,Male,0,No,No,4,Yes,Yes,DSL,Yes,No internet service,No internet service,No,No,Yes,One year,Yes,Mailed check,50.42,232.64,1
CUST-15161,Male,0,No,Yes,0,Yes,No,Fiber optic,No,No,No,Yes,No internet service,Yes,Month-to-month,Yes,Credit card (automatic),72.13,68.0,1
CUST-15162,Male,0,No,No,45,Yes,No,Fiber optic,Yes,No internet service,No,No internet service,No internet service,Yes,Month-to-month,No,Mailed check,118.75,5326.23,1
CUST-15163,Female,0,No,No,18,Yes,Yes,No,Yes,No,No,No internet service,Yes,Yes,Month-to-month,Yes,Electronic check,69.79,1282.86,1
CUST-15164,Male,0,Yes,No,27,Yes,No,DSL,No,No internet service,No,No internet service,No,No,Month-to-month,No,Mailed check,44.69,1273.43,1
CUST-15165,Male,0,Yes,No,24,Yes,No,Fiber optic,No internet service,No internet service,No internet service,No,Yes,Yes,One year,Yes,Bank transfer (automatic),75.01,1769.46,1
CUST-15166,Female,0,No,Yes,34,Yes,No,Fiber optic,No,No,Yes,No,No,No internet service,Month-to-month,Yes,Electronic check,118.75,3989.17,1
CUST-15167,Male,1,No,Yes,33,Yes,No,Fiber optic,No,No internet service,Yes,No,No,No,Month-to-month,No,Mailed check,73.62,2424.48,1
CUST-15168,Male,0,No,No,9,Yes,Yes,Fiber optic,No,Yes,No internet service,No,No,No,Month-to-month,Yes,Electronic check,52.07,470.5,0
CUST-15169,Male,0,No,No,0,No,Yes,DSL,Yes,No,Yes,Yes,No,Yes,Month-to-month,Yes,Bank transfer (automatic),63.81,11.4,1
CUST-15170,Female,1,No,No,32,Yes,Yes,Fiber optic,No,No internet service,Yes,No,No,No,Month-to-month,No,Mailed check,79.33,2578.0,1
CUST-15171,Male,0,Yes,No,41,Yes,No,Fiber optic,Yes,Yes,Yes,Yes,Yes,Yes,Month-to-month,Yes,Electronic check,112.06,4621.05,1
CUST-15172,Female,0,No,No,56,Yes,No phone service,No,No,Yes,No,No,Yes,No,One year,No,Mailed check,66.52,3856.01,0
CUST-15173,Male,0,No,No,14,Yes,No,DSL,No,No,No internet service,No,No internet service,No,Month-to-month,No,Mailed check,64.98,973.61,1
CUST-15174,Male,0,Yes,No,6,No,No,DSL,No,No,No,Yes,No,No,One year,Yes,Credit card (automatic),73.42,410.23,0
CUST-15175,Male,1,No,No,43,Yes,No,Fiber optic,No,No,Yes,No internet service,No,Yes,Month-to-month,Yes,Bank transfer (automatic),95.64,4157.43,1
CUST-15176,Male,0,No,No,65,Yes,Yes,Fiber optic,No,No,No,Yes,Yes,No internet service,Month-to-month,Yes,Mailed check,104.36,6781.3,1
CUST-15177,Male,0,No,No,17,Yes,No,DSL,No,Yes,No,No,No internet service,No,Month-to-month,No,Credit card (automatic),67.46,1179.06,1
CUST-15178,Male,0,Yes,No,6,Yes,Yes,DSL,No,No internet service,No internet service,Yes,Yes,No,Month-to-month,Yes,Bank transfer (automatic),80.79,500.92,1
CUST-15179,Male,0,Yes,No,29,Yes,Yes,DSL,No internet service,Yes,No,No,No internet service,Yes,Two year,Yes,Electronic check,103.56,2915.19,0
CUST-15180,Female,0,No,Yes,40,Yes,Yes,DSL,No,No internet service,No,Yes,No,No,Two year,No,Mailed check,72.06,2847.07,0
CUST-15181,Female,0,No,No,45,Yes,No phone service,DSL,No,No,No internet service,No internet service,No,No internet service,Month-to-month,Yes,Mailed check,77.78,3507.59,0
CUST-15182,Female,0,No,No,8,Yes,No,No,No,Yes,Yes,No internet service,Yes,No internet service,Two year,Yes,Credit card (automatic),62.19,535.26,0
CUST-15183,Female,0,Yes,No,47,Yes,Yes,No,No internet service,No,No internet service,No internet service,Yes,No internet service,Month-to-month,No,Mailed check,38.58,1758.1,0
CUST-15184,Female,0,No,Yes,25,Yes,No phone service,Fiber optic,No,No,Yes,Yes,Yes,No,One year,Yes,Bank transfer (automatic),72.31,1877.2,0
CUST-15185,Female,1,Yes,No,2,Yes,No,DSL,No,No internet service,No,No,No,Yes,Month-to-month,Yes,Electronic check,82.88,210.78,1
CUST-15186,Female,0,Yes,Yes,67,Yes,No,DSL,No internet service,No,Yes,No internet service,No,Yes,One year,Yes,Mailed check,86.64,5755.69,0
CUST-15187,Male,0,Yes,No,39,Yes,Yes,No,No internet service,No internet service,No internet service,No,No,No,Two year,Yes,Electronic check,48.37,1886.11,0
CUST-15188,Female,0,No,No,22,Yes,Yes,No,No internet service,No,No,Yes,No internet service,Yes,Two year,No,Mailed check,37.27,865.13,0
CUST-15189,Male,0,No,No,59,Yes,Yes,DSL,Yes,Yes,No internet service,No,Yes,Yes,Two year,Yes,Credit card (automatic),65.69,3935.13,0
CUST-15190,Female,0,Yes,No,58,Yes,No,DSL,No,No,No internet service,No internet service,No internet service,Yes,Month-to-month,Yes,Credit card (automatic),80.21,4584.46,0
CUST-15191,Female,1,No,No,15,Yes,No,DSL,No,No,Yes,Yes,No,Yes,Two year,Yes,Electronic check,51.47,739.51,0
CUST-15192,Male,0,No,No,70,Yes,Yes,Fiber optic,No,Yes,Yes,Yes,Yes,No,Month-to-month,Yes,Mailed check,110.94,7817.33,0
CUST-15193,Male,1,No,No,38,Yes,Yes,DSL,No,Yes,No internet service,No,No,No,Month-to-month,Yes,Credit card (automatic),106.3,3982.67,1
CUST-15194,Male,1,No,No,19,Yes,No,Fiber optic,Yes,No,No,Yes,No,Yes,Month-to-month,Yes,Electronic check,59.98,1169.81,1
CUST-15195,Male,0,No,No,32,Yes,No,DSL,No,No,No internet service,No,No internet service,Yes,Month-to-month,Yes,Electronic check,86.12,2755.46,1
CUST-15196,Female,0,Yes,No,13,Yes,Yes,DSL,No,No internet service,No,No,Yes,No internet service,One year,Yes,Electronic check,90.86,1170.94,1
CUST-15197,Female,0,Yes,Yes,62,Yes,No,Fiber optic,No internet service,Yes,No,No,No,Yes,One year,No,Mailed check,107.46,6545.26,0
CUST-15198,Female,0,No,No,19,Yes,No phone service,Fiber optic,No,No,No,Yes,No,No,Month-to-month,Yes,Credit card (automatic),56.96,1135.51,1
CUST-15199,Female,0,No,No,32,Yes,No,DSL,Yes,No,No,No,No internet service,No,Two year,Yes,Credit card (automatic),68.52,2155.85,0
CUST-15200,Male,0,No,Yes,4,Yes,No,Fiber optic,No,No internet service,No internet service,No,Yes,No,Month-to-month,No,Electronic check,78.63,284.73,1
CUST-15201,Male,1,No,Yes,68,No,No,DSL,No,Yes,No,No,No,No internet service,Two year,No,Credit card (automatic),70.13,4792.78,0
CUST-15202,Female,0,No,No,22,Yes,No,DSL,No,Yes,No internet service,No,Yes,Yes,One year,Yes,Electronic check,50.3,1106.98,0
CUST-15203,Female,0,No,No,47,Yes,No,DSL,No,Yes,Yes,No,No,No internet service,Month-to-month,Yes,Bank transfer (automatic),109.51,5146.96,0
CUST-15204,Female,0,No,No,25,Yes,Yes,DSL,No internet service,No internet service,No internet service,No,No,No,One year,Yes,Credit card (automatic),83.73,2085.76,1
CUST-15205,Male,0,Yes,No,40,Yes,Yes,DSL,Yes,Yes,No,No,Yes,No internet service,Month-to-month,Yes,Mailed check,54.67,2158.91,0
CUST-15206,Female,0,No,No,40,No,Yes,Fiber optic,Yes,No internet service,Yes,No internet service,No,No,Month-to-month,Yes,Mailed check,78.97,3127.77,1
CUST-15207,Female,0,No,No,21,Yes,Yes,No,Yes,No,No,No,Yes,Yes,Two year,Yes,Bank transfer (automatic),78.03,1668.36,0
CUST-15208,Male,0,Yes,Yes,31,Yes,No,DSL,Yes,No internet service,No,No,No internet service,No,Month-to-month,No,Credit card (automatic),72.99,2215.55,1
CUST-15209,Male,1,Yes,No,43,Yes,Yes,DSL,No,Yes,No internet service,No,No internet service,No internet service,Two year,Yes,Mailed check,100.58,4292.3,0
CUST-15210,Male,0,No,No,15,Yes,No,Fiber optic,Yes,No,No,Yes,Yes,Yes,Two year,No,Credit card (automatic),103.51,1555.2,0
CUST-15211,Male,1,No,No,9,Yes,No,Fiber optic,No,No internet service,Yes,No internet service,Yes,No internet service,One year,No,Bank transfer (automatic),62.85,596.78,1
CUST-15212,Male,0,Yes,Yes,13,Yes,No,No,No,Yes,No internet service,Yes,No,No,Month-to-month,Yes,Mailed check,30.21,354.99,1
CUST-15213,Female,0,Yes,No,30,Yes,Yes,DSL,No,No,Yes,No,No,No internet service,Two year,No,Credit card (automatic),51.53,1505.1,0
CUST-15214,Female,0,Yes,No,15,Yes,Yes,Fiber optic,No internet service,No internet service,No,No internet service,No,No internet service,Month-to-month,No,Credit card (automatic),99.33,1475.32,1
CUST-15215,Male,0,Yes,No,20,Yes,Yes,Fiber optic,No,Yes,No,No,Yes,Yes,Two year,Yes,Bank transfer (automatic),118.75,2330.18,0
CUST-15216,Female,1,No,No,50,Yes,No phone service,No,Yes,No internet service,No,Yes,No,No,Month-to-month,Yes,Electronic check,53.46,2666.85,0
CUST-15217,Female,0,No,No,48,Yes,Yes,DSL,No,Yes,No,No internet service,Yes,No,One year,No,Electronic check,72.85,3384.61,0
CUST-15218,Male,0,No,No,68,Yes,Yes,DSL,Yes,Yes,No,No,Yes,No internet service,Month-to-month,No,Electronic check,85.74,5905.24,1
CUST-15219,Male,0,Yes,No,55,Yes,Yes,DSL,No,Yes,No internet service,Yes,Yes,Yes,One year,Yes,Electronic check,73.49,4038.32,0
CUST-15220,Male,0,Yes,Yes,30,Yes,No,Fiber optic,No,No,No internet service,No,No,No internet service,Two year,Yes,Electronic check,83.26,2407.99,1
CUST-15221,Female,0,Yes,No,67,No,No,Fiber optic,No internet service,Yes,No internet service,No,No,Yes,Month-to-month,Yes,Bank transfer (automatic),93.86,6259.68,1
CUST-15222,Female,0,No,No,67,Yes,No phone service,Fiber optic,Yes,No,Yes,No,Yes,No,Month-to-month,No,Mailed check,105.19,7050.18,1
CUST-15223,Female,1,No,No,16,Yes,Yes,DSL,Yes,No,Yes,No,Yes,No,One year,No,Electronic check,64.81,1030.47,0
CUST-15224,Female,0,Yes,No,12,Yes,Yes,DSL,Yes,Yes,Yes,No internet service,Yes,No,Month-to-month,Yes,Credit card (automatic),55.02,593.3,0
CUST-15225,Male,0,No,No,64,No,No,Fiber optic,No,Yes,No internet service,Yes,No,Yes,Month-to-month,Yes,Bank transfer (automatic),108.95,7034.21,0
CUST-15226,Male,0,Yes,No,64,Yes,Yes,DSL,No internet service,Yes,Yes,No,Yes,No,Two year,Yes,Mailed check,30.62,2001.96,0
CUST-15227,Female,0,Yes,No,61,Yes,Yes,No,No,Yes,No,No,No internet service,Yes,Month-to-month,Yes,Mailed check,23.53,1369.43,0
CUST-15228,Male,1,No,Yes,33,Yes,No phone service,No,No,No,No internet service,No internet service,No,No,Two year,Yes,Electronic check,50.18,1671.67,0
CUST-15229,Male,0,Yes,No,62,Yes,No,DSL,Yes,No,No,No,No,Yes,Month-to-month,Yes,Mailed check,92.76,5704.15,1
CUST-15230,Male,0,No,Yes,56,Yes,Yes,Fiber optic,No,No internet service,Yes,Yes,Yes,No internet service,One year,Yes,Credit card (automatic),94.04,5197.43,1
CUST-15231,Male,0,Yes,No,54,Yes,No phone service,DSL,Yes,No,Yes,No internet service,No,Yes,Month-to-month,No,Mailed check,63.54,3384.16,1
CUST-15232,Male,1,No,No,43,Yes,Yes,No,Yes,No internet service,No,No internet service,Yes,No,One year,No,Electronic check,66.15,2880.05,1
CUST-15233,Male,0,Yes,No,19,Yes,Yes,Fiber optic,No,No,No,No,No,No internet service,One year,No,Bank transfer (automatic),74.29,1359.75,0
CUST-15234,Male,1,Yes,Yes,54,Yes,Yes,DSL,Yes,No internet service,No,No,Yes,No,Month-to-month,No,Electronic check,88.3,4780.07,0
CUST-15235,Female,0,Yes,No,64,Yes,Yes,Fiber optic,Yes,Yes,Yes,No internet service,Yes,Yes,Month-to-month,Yes,Credit card (automatic),80.96,5108.37,1
CUST-15236,Female,1,No,No,64,Yes,Yes,DSL,Yes,Yes,No internet service,No,Yes,No internet service,One year,Yes,Mailed check,51.15,3306.54,0
CUST-15237,Female,0,No,No,43,Yes,No,DSL,Yes,No,No internet service,Yes,No,Yes,Month-to-month,Yes,Bank transfer (automatic),89.22,3820.4,0
CUST-15238,Female,0,No,No,2,Yes,No phone service,DSL,No,No,No,No internet service,No internet service,No,Month-to-month,Yes,Credit card (automatic),106.56,232.47,1
CUST-15239,Female,0,Yes,No,54,Yes,No,Fiber optic,Yes,No internet service,No,No,No internet service,No,Month-to-month,No,Bank transfer (automatic),81.99,4364.14,0
CUST-15240,Male,0,Yes,No,18,Yes,No phone service,DSL,No,No,No,Yes,No,Yes,Month-to-month,Yes,Mailed check,94.87,1813.18,0
CUST-15241,Female,1,Yes,Yes,14,Yes,Yes,No,No,No internet service,Yes,No,No internet service,No,Month-to-month,Yes,Mailed check,18.25,350.25,1
CUST-15242,Female,1,No,Yes,5,Yes,Yes,Fiber optic,No,Yes,No internet service,No internet service,Yes,No,One year,No,Credit card (automatic),62.6,183.99,1
CUST-15243,Female,0,Yes,No,11,Yes,Yes,No,Yes,No,No,No internet service,No internet service,No,Two year,No,Electronic check,30.22,394.83,0
CUST-15244,Male,1,Yes,No,35,Yes,No,DSL,No,No,Yes,Yes,Yes,No,Month-to-month,Yes,Mailed check,71.44,2506.99,0
CUST-15245,Male,0,No,Yes,20,Yes,Yes,No,No,Yes,No internet service,No,No,Yes,One year,Yes,Mailed check,59.25,1207.93,0
CUST-15246,Female,0,No,Yes,27,Yes,Yes,Fiber optic,No,No internet service,No internet service,No internet service,Yes,Yes,Month-to-month,Yes,Credit card (automatic),65.18,1779.95,1
CUST-15247,Female,0,Yes,No,37,Yes,No phone service,Fiber optic,No,No,Yes,No,No,Yes,Month-to-month,No,Electronic check,70.88,2667.14,1
CUST-15248,Female,0,Yes,Yes,38,Yes,Yes,No,No internet service,Yes,No,No internet service,No,Yes,One year,No,Bank transfer (automatic),65.76,2468.2,1
CUST-15249,Female,0,Yes,No,30,Yes,No,Fiber optic,No,No,No internet service,No,No,Yes,Month-to-month,No,Bank transfer (automatic),72.48,2098.34,1
CUST-15250,Male,0,No,No,33,Yes,Yes,Fiber optic,No internet service,No,Yes,No,Yes,Yes,One year,No,Credit card (automatic),117.02,3827.5,0
CUST-15251,Male,0,Yes,No,64,Yes,No,No,No,No,No internet service,No,No internet service,No internet service,Two year,Yes,Credit card (automatic),34.76,2184.01,0
CUST-15252,Female,0,No,No,20,Yes,No,DSL,No internet service,No,No,No,Yes,Yes,One year,Yes,Mailed check,97.53,1950.89,1
CUST-15253,Female,0,Yes,Yes,0,Yes,Yes,DSL,No internet service,No,No,No,Yes,No internet service,Month-to-month,No,Electronic check,90.57,0.0,1
CUST-15254,Male,0,No,Yes,58,Yes,Yes,No,Yes,Yes,Yes,No,No,Yes,Month-to-month,Yes,Credit card (automatic),50.94,2928.24,0
CUST-15255,Male,0,No,Yes,5,Yes,No,No,No,Yes,Yes,No,Yes,No,Two year,Yes,Electronic check,53.69,233.28,0
CUST-15256,Male,0,Yes,No,56,Yes,No,Fiber optic,Yes,Yes,No,No,No,Yes,One year,No,Bank transfer (automatic),91.86,5177.47,0
CUST-15257,Male,0,Yes,No,23,Yes,Yes,No,No internet service,No,Yes,Yes,Yes,No internet service,Month-to-month,No,Mailed check,71.94,1601.01,1
CUST-15258,Female,0,Yes,Yes,61,No,Yes,No,No,Yes,No,No internet service,No,Yes,Month-to-month,No,Electronic check,18.25,1150.82,1
CUST-15259,Male,0,No,No,12,Yes,Yes,Fiber optic,No,No,Yes,Yes,No internet service,Yes,One year,Yes,Electronic check,82.54,987.63,1
CUST-15260,Female,0,No,No,12,Yes,Yes,DSL,Yes,No internet service,No internet service,Yes,No,No internet service,Month-to-month,Yes,Electronic check,78.12,909.09,0
CUST-15261,Male,0,No,Yes,29,Yes,No,Fiber optic,No internet service,No internet service,Yes,Yes,No,Yes,One year,Yes,Electronic check,113.46,3240.06,0
CUST-15262,Female,0,Yes,Yes,30,Yes,Yes,Fiber optic,No internet service,No,No,No,No,Yes,One year,No,Electronic check,77.89,2406.29,0
CUST-15263,Male,1,Yes,No,52,Yes,No,DSL,No,No,Yes,No internet service,Yes,Yes,Month-to-month,Yes,Electronic check,32.58,1606.67,1
CUST-15264,Female,0,No,No,47,Yes,No,No,Yes,No internet service,No internet service,No internet service,No,Yes,Two year,Yes,Credit card (automatic),18.25,879.3,0
CUST-15265,Female,1,No,No,72,Yes,No,Fiber optic,No,No,Yes,No,No,Yes,One year,Yes,Mailed check,90.78,6528.96,0
CUST-15266,Female,1,No,Yes,49,Yes,Yes,No,No,Yes,Yes,No,No,Yes,One year,No,Electronic check,23.06,1116.57,0
CUST-15267,Female,0,No,No,14,No,No,Fiber optic,No internet service,Yes,Yes,Yes,No,Yes,One year,No,Electronic check,84.66,1120.59,1
CUST-15268,Female,0,No,Yes,6,Yes,No,DSL,No,Yes,No,No,No,Yes,Two year,No,Bank transfer (automatic),48.8,254.08,0
CUST-15269,Female,0,No,No,19,Yes,Yes,Fiber optic,No,No internet service,Yes,Yes,No internet service,No,Month-to-month,Yes,Bank transfer (automatic),82.15,1676.88,1
CUST-15270,Male,0,No,No,71,Yes,Yes,Fiber optic,Yes,Yes,No,Yes,No,No,Two year,No,Bank transfer (automatic),118.75,8485.8,0
CUST-15271,Male,0,No,No,56,No,No,Fiber optic,No internet service,Yes,Yes,No internet service,No,No,Month-to-month,Yes,Bank transfer (automatic),114.74,6475.9,1
CUST-15272,Male,1,No,Yes,54,Yes,No,DSL,No,No,No internet service,No,No internet service,Yes,Two year,Yes,Bank transfer (automatic),74.01,4032.2,0
CUST-15273,Male,0,No,Yes,19,No,Yes,No,No internet service,No internet service,Yes,No internet service,No,No,Two year,No,Bank transfer (automatic),43.81,845.62,0
CUST-15274,Female,0,Yes,No,34,Yes,No,DSL,No,Yes,Yes,No,No internet service,No internet service,Two year,Yes,Electronic check,56.49,1993.26,1
CUST-15275,Male,0,No,Yes,51,Yes,Yes,Fiber optic,No,No,No,No,No,No internet service,One year,No,Bank transfer (automatic),100.51,5137.09,0
CUST-15276,Male,0,No,No,69,Yes,Yes,Fiber optic,Yes,No,Yes,No,Yes,No internet service,Month-to-month,No,Electronic check,82.17,5787.91,0
CUST-15277,Female,0,Yes,Yes,42,Yes,Yes,No,No,Yes,No,No internet service,No internet service,Yes,Two year,Yes,Electronic check,76.27,3267.69,0
CUST-15278,Male,1,No,Yes,1,Yes,Yes,DSL,Yes,No,No,Yes,No internet service,No internet service,One year,Yes,Bank transfer (automatic),76.64,95.05,0
CUST-15279,Male,0,Yes,No,62,Yes,No,DSL,No,No,No internet service,Yes,No,Yes,One year,No,Credit card (automatic),77.47,4836.35,1
CUST-15280,Female,0,Yes,Yes,68,Yes,Yes,No,No,Yes,Yes,No,No,Yes,One year,No,Electronic check,18.25,1238.79,0
CUST-15281,Female,0,Yes,No,2,Yes,Yes,No,Yes,Yes,Yes,No,No internet service,Yes,Month-to-month,Yes,Mailed check,37.86,163.64,1
CUST-15282,Female,0,No,No,28,Yes,No,DSL,No internet service,No internet service,Yes,No,Yes,Yes,One year,Yes,Bank transfer (automatic),111.63,3097.33,0
CUST-15283,Female,0,No,Yes,71,Yes,No,No,No internet service,No internet service,No,No internet service,No,No,Two year,Yes,Credit card (automatic),18.49,1346.55,1
CUST-15284,Female,0,No,No,69,Yes,No,No,No,No,No,No internet service,Yes,No internet service,One year,Yes,Bank transfer (automatic),44.25,3060.41,0
CUST-15285,Female,0,Yes,No,70,Yes,Yes,DSL,No,Yes,No,No,No internet service,No,Two year,No,Bank transfer (automatic),69.69,4839.81,0
CUST-15286,Male,0,No,No,71,Yes,Yes,Fiber optic,Yes,Yes,No internet service,No,Yes,No,One year,No,Electronic check,94.33,6719.41,0
CUST-15287,Female,1,Yes,No,1,Yes,No phone service,DSL,No,Yes,No,No,No,Yes,One year,No,Mailed check,81.95,0.0,1
CUST-15288,Male,0,Yes,No,11,Yes,Yes,No,No internet service,Yes,No,No,No,No,One year,Yes,Credit card (automatic),38.24,466.28,0
CUST-15289,Male,0,Yes,No,36,Yes,Yes,DSL,Yes,No,No,No internet service,Yes,Yes,Two year,Yes,Electronic check,91.44,3370.27,0
CUST-15290,Female,0,No,No,44,Yes,No,Fiber optic,No internet service,Yes,No,Yes,No internet service,Yes,One year,No,Mailed check,76.59,3344.43,0
CUST-15291,Female,1,Yes,No,29,Yes,No,No,No,Yes,No,Yes,No,No,Month-to-month,Yes,Electronic check,60.53,1738.41,1
CUST-15292,Male,0,No,No,19,Yes,No phone service,DSL,Yes,No,Yes,No,Yes,No internet service,Month-to-month,No,Electronic check,42.95,807.53,1
CUST-15293,Female,0,No,Yes,18,Yes,Yes,Fiber optic,No,Yes,Yes,No,No,Yes,Month-to-month,No,Electronic check,73.54,1375.88,1
CUST-15294,Female,0,Yes,Yes,44,No,No phone service,DSL,No,Yes,No internet service,No,Yes,No internet service,One year,Yes,Mailed check,43.57,1994.45,0
CUST-15295,Female,0,No,Yes,71,Yes,Yes,DSL,No internet service,No,No internet service,Yes,No internet service,No,Month-to-month,Yes,Bank transfer (automatic),79.26,5693.63,0
CUST-15296,Male,0,Yes,Yes,60,Yes,No,No,No,Yes,Yes,No internet service,No,Yes,Two year,Yes,Electronic check,55.08,3364.76,0
CUST-15297,Female,0,Yes,No,12,Yes,Yes,No,No,No,Yes,No internet service,No internet service,No,Month-to-month,No,Mailed check,40.78,509.12,0
CUST-15298,Male,0,Yes,No,10,No,No phone service,Fiber optic,No internet service,Yes,No internet service,No,No,No,Two year,Yes,Credit card (automatic),94.16,841.63,1
CUST-15299,Female,0,No,Yes,19,Yes,No,No,No,Yes,No,No,No internet service,No internet service,Two year,No,Mailed check,25.1,467.63,0
CUST-15300,Male,0,No,No,53,Yes,No,DSL,No,No,Yes,Yes,No,Yes,Two year,Yes,Electronic check,98.53,5269.42,0
CUST-15301,Female,0,No,No,0,Yes,No,Fiber optic,No,No,No internet service,No internet service,Yes,Yes,Month-to-month,Yes,Electronic check,106.74,46.28,0
CUST-15302,Male,0,No,No,51,Yes,Yes,No,No,Yes,No,Yes,Yes,No,Month-to-month,No,Electronic check,30.02,1521.93,0
CUST-15303,Male,0,Yes,No,42,Yes,No,No,Yes,No internet service,Yes,No,Yes,Yes,Two year,Yes,Bank transfer (automatic),24.88,952.29,0
CUST-15304,Male,0,No,No,48,Yes,Yes,Fiber optic,No,No internet service,No,No,No internet service,No,Two year,Yes,Credit card (automatic),79.0,3837.01,0
CUST-15305,Female,0,Yes,No,62,No,No,DSL,Yes,No,No internet service,Yes,No internet service,No,Month-to-month,Yes,Bank transfer (automatic),78.43,4819.28,1
CUST-15306,Male,0,Yes,Yes,43,Yes,Yes,Fiber optic,No,Yes,No,No,Yes,Yes,Month-to-month,Yes,Electronic check,91.21,3879.21,0
CUST-15307,Female,0,No,Yes,45,Yes,Yes,DSL,No internet service,Yes,No,No,Yes,No internet service,Month-to-month,Yes,Bank transfer (automatic),52.65,2421.27,0
CUST-15308,Male,0,Yes,No,35,Yes,Yes,No,Yes,No internet service,Yes,No,Yes,Yes,Month-to-month,Yes,Mailed check,40.36,1421.22,0
CUST-15309,Male,1,Yes,Yes,47,Yes,No,DSL,No,Yes,No,No,No,Yes,Two year,Yes,Credit card (automatic),80.47,3828.01,0
CUST-15310,Female,1,Yes,Yes,27,Yes,Yes,Fiber optic,No internet service,Yes,No,Yes,No,Yes,Two year,No,Mailed check,80.8,2113.29,0
CUST-15311,Female,0,Yes,Yes,4,Yes,No,DSL,No,Yes,No,No internet service,No internet service,No,Month-to-month,Yes,Mailed check,75.93,299.9,0
CUST-15312,Male,0,No,No,1,Yes,Yes,Fiber optic,Yes,Yes,No,No,Yes,No,Two year,Yes,Credit card (automatic),108.73,26.51,1
CUST-15313,Male,0,No,No,52,Yes,Yes,No,No internet service,Yes,No,No internet service,No,No,One year,No,Mailed check,36.43,1946.34,0
CUST-15314,Male,0,No,No,46,No,No,Fiber optic,No,Yes,No,No,No internet service,Yes,Month-to-month,No,Electronic check,106.9,4958.86,0
CUST-15315,Female,0,Yes,No,29,Yes,Yes,No,No,No,No internet service,No,Yes,No internet service,Month-to-month,Yes,Credit card (automatic),48.18,1349.32,1
CUST-15316,Female,1,No,No,54,Yes,No,Fiber optic,Yes,Yes,No internet service,No,No internet service,Yes,Month-to-month,No,Credit card (automatic),86.56,4662.82,1
CUST-15317,Male,1,No,No,34,Yes,No,DSL,Yes,No,No,No,No,No,Month-to-month,Yes,Electronic check,47.06,1631.08,0
CUST-15318,Female,0,No,No,18,Yes,No phone service,No,No,No,No internet service,Yes,No internet service,No,Month-to-month,Yes,Electronic check,64.79,1116.89,1
CUST-15319,Male,0,No,Yes,42,Yes,Yes,DSL,No internet service,Yes,No,No,No internet service,Yes,Two year,Yes,Credit card (automatic),113.58,4684.21,0
CUST-15320,Male,0,No,Yes,27,Yes,Yes,DSL,No,No internet service,No,No,No,Yes,Month-to-month,Yes,Electronic check,53.66,1447.04,1
CUST-15321,Female,0,No,No,71,No,No phone service,Fiber optic,Yes,No,Yes,No,No,No,Two year,Yes,Electronic check,70.83,5067.78,0
CUST-15322,Female,0,No,No,52,Yes,No,DSL,No internet service,No,Yes,No internet service,No internet service,Yes,Month-to-month,No,Mailed check,105.63,5443.15,1
CUST-15323,Male,1,Yes,No,54,Yes,No,No,No,Yes,Yes,No internet service,No internet service,Yes,Month-to-month,Yes,Electronic check,62.6,3447.59,1
CUST-15324,Female,1,Yes,No,50,No,Yes,Fiber optic,Yes,No,Yes,No,No,No,One year,No,Electronic check,76.2,3830.12,0
CUST-15325,Male,0,No,No,49,Yes,Yes,DSL,No internet service,No internet service,No,Yes,Yes,No,Two year,Yes,Electronic check,108.51,5381.74,0
CUST-15326,Female,0,Yes,Yes,56,Yes,No,Fiber optic,No,No internet service,No internet service,No,Yes,No,Month-to-month,No,Mailed check,80.8,4472.35,1
CUST-15327,Male,0,Yes,No,31,Yes,Yes,DSL,No,No,No,No internet service,No internet service,No internet service,Month-to-month,Yes,Mailed check,75.55,2291.71,1
CUST-15328,Male,0,No,No,59,Yes,Yes,Fiber optic,No internet service,No,No internet service,Yes,Yes,No internet service,One year,Yes,Electronic check,96.75,5674.89,0
CUST-15329,Male,0,Yes,No,2,Yes,No,DSL,Yes,No internet service,Yes,Yes,No internet service,No,Two year,Yes,Electronic check,90.21,253.59,1
CUST-15330,Female,0,Yes,Yes,48,Yes,Yes,No,No,Yes,Yes,No,No,No internet service,Month-to-month,Yes,Mailed check,58.82,2827.01,1
CUST-15331,Female,0,No,Yes,39,Yes,No,DSL,No internet service,No,Yes,Yes,No internet service,Yes,One year,Yes,Electronic check,116.28,4525.2,0
CUST-15332,Male,0,Yes,No,0,Yes,Yes,DSL,Yes,No,No,No,No,Yes,Month-to-month,No,Electronic check,102.46,68.5,1
CUST-15333,Female,0,Yes,Yes,48,Yes,No phone service,Fiber optic,No internet service,No,Yes,No internet service,Yes,No,Month-to-month,Yes,Electronic check,118.75,5639.08,1
CUST-15334,Female,0,Yes,Yes,0,Yes,No,Fiber optic,Yes,Yes,Yes,No,No internet service,No,Month-to-month,No,Credit card (automatic),76.76,13.18,0
CUST-15335,Male,0,Yes,No,51,Yes,No phone service,Fiber optic,No internet service,Yes,Yes,No internet service,No,No,One year,No,Electronic check,96.47,4915.29,1
CUST-15336,Female,0,Yes,No,38,Yes,No,Fiber optic,No,Yes,No,No,No,No,Two year,Yes,Mailed check,118.75,4593.07,0
CUST-15337,Female,0,No,Yes,44,Yes,Yes,DSL,No,No internet service,No internet service,No,No internet service,Yes,Month-to-month,Yes,Mailed check,67.06,2998.14,0
CUST-15338,Male,0,Yes,No,44,Yes,Yes,Fiber optic,No,No,Yes,Yes,No,Yes,One year,No,Electronic check,82.22,3593.21,1
CUST-15339,Male,0,Yes,Yes,21,Yes,Yes,No,Yes,No,Yes,No,Yes,Yes,One year,No,Credit card (automatic),68.45,1522.83,0
CUST-15340,Male,0,No,No,45,Yes,No,DSL,Yes,No internet service,Yes,No,Yes,No,Month-to-month,Yes,Credit card (automatic),84.36,3805.64,0
CUST-15341,Female,0,Yes,No,16,No,Yes,Fiber optic,No,Yes,No,Yes,No,Yes,Month-to-month,Yes,Mailed check,89.62,1463.13,1
CUST-15342,Female,0,Yes,No,55,Yes,No,DSL,No internet service,No,No,No internet service,No,No,Two year,Yes,Credit card (automatic),80.46,4445.4,0
CUST-15343,Male,0,Yes,Yes,6,Yes,No,No,Yes,No,Yes,No,No,No,Month-to-month,Yes,Electronic check,18.25,194.96,1
CUST-15344,Male,0,Yes,No,10,Yes,Yes,DSL,No,No internet service,Yes,No,No,Yes,Month-to-month,No,Bank transfer (automatic),68.3,562.29,0
CUST-15345,Male,0,Yes,No,51,Yes,No,DSL,No,No,No,No,No,No,Month-to-month,Yes,Mailed check,58.01,2985.51,1
CUST-15346,Male,0,Yes,No,4,Yes,No,Fiber optic,No,No internet service,Yes,No internet service,Yes,Yes,One year,Yes,Mailed check,118.75,588.44,1
CUST-15347,Male,0,No,No,70,Yes,No,Fiber optic,No,No,No,Yes,No,Yes,Month-to-month,Yes,Credit card (automatic),86.44,5987.5,1
CUST-15348,Male,0,No,Yes,2,Yes,Yes,DSL,No,Yes,No internet service,No,No internet service,No,Two year,Yes,Credit card (automatic),76.69,104.63,0
CUST-15349,Female,0,No,Yes,38,Yes,Yes,No,No,No,No internet service,No,Yes,No internet service,One year,Yes,Electronic check,72.03,2749.02,0
CUST-15350,Male,1,Yes,No,71,Yes,No,DSL,Yes,Yes,Yes,No,No,No,Month-to-month,No,Electronic check,106.04,7592.1,0
CUST-15351,Female,1,No,No,49,Yes,Yes,No,Yes,No,No internet service,Yes,No,Yes,Month-to-month,No,Electronic check,55.34,2728.42,0
CUST-15352,Male,0,No,No,46,Yes,No,No,No,Yes,No,No,No,No,Two year,No,Mailed check,32.97,1505.9,0
CUST-15353,Male,0,Yes,Yes,50,Yes,No phone service,Fiber optic,No,No,Yes,No,No internet service,No internet service,One year,Yes,Bank transfer (automatic),79.03,3950.82,0
CUST-15354,Female,0,No,Yes,51,Yes,No,Fiber optic,Yes,No internet service,Yes,Yes,No internet service,Yes,One year,Yes,Credit card (automatic),95.88,4871.8,0
CUST-15355,Female,0,No,Yes,11,Yes,Yes,Fiber optic,No,Yes,No,Yes,No internet service,No internet service,Month-to-month,Yes,Credit card (automatic),96.46,1037.96,1
CUST-15356,Female,0,Yes,Yes,22,Yes,Yes,No,Yes,Yes,No internet service,No internet service,No,Yes,Month-to-month,No,Mailed check,33.81,675.95,1
CUST-15357,Female,0,No,No,14,Yes,No phone service,DSL,No,Yes,No internet service,Yes,Yes,Yes,One year,No,Electronic check,33.78,579.21,1
CUST-15358,Male,1,Yes,Yes,15,Yes,Yes,No,No,Yes,No,No,No,No,Month-to-month,Yes,Bank transfer (automatic),18.25,282.65,0
CUST-15359,Male,0,Yes,No,15,Yes,Yes,Fiber optic,No internet service,Yes,No,No internet service,No,No,One year,No,Bank transfer (automatic),66.28,943.59,0
CUST-15360,Female,0,Yes,Yes,46,Yes,No,No,Yes,No,Yes,No,Yes,No,Two year,No,Electronic check,45.61,2154.46,0
CUST-15361,Female,1,Yes,No,68,Yes,No,Fiber optic,Yes,No,No,No,No,No,Two year,No,Bank transfer (automatic),83.64,5570.92,0
CUST-15362,Female,0,No,No,40,Yes,Yes,Fiber optic,No,No,Yes,Yes,No,No internet service,Month-to-month,No,Credit card (automatic),56.74,2204.93,0
CUST-15363,Female,0,No,Yes,1,No,No,Fiber optic,No,Yes,No,No internet service,No,No internet service,Month-to-month,Yes,Electronic check,85.12,100.19,1
CUST-15364,Male,0,Yes,Yes,50,Yes,No,Fiber optic,No,No,No,No,No internet service,No,One year,Yes,Mailed check,118.75,5935.15,0
CUST-15365,Male,1,No,No,39,Yes,Yes,Fiber optic,No,No internet service,No,Yes,No internet service,No,Month-to-month,Yes,Electronic check,97.12,3816.16,1
CUST-15366,Male,0,No,Yes,56,Yes,Yes,Fiber optic,Yes,No,Yes,No,Yes,Yes,One year,No,Electronic check,118.75,6604.36,0
CUST-15367,Female,0,No,Yes,27,Yes,No,DSL,No internet service,No,No internet service,Yes,Yes,No,Month-to-month,No,Electronic check,75.1,2006.05,1
CUST-15368,Female,0,No,No,31,Yes,Yes,No,No,No,Yes,Yes,Yes,No internet service,Month-to-month,Yes,Credit card (automatic),49.48,1524.11,0
CUST-15369,Male,0,No,No,48,Yes,No phone service,No,No,Yes,Yes,No internet service,No internet service,No internet service,Month-to-month,Yes,Bank transfer (automatic),55.66,2630.46,1
CUST-15370,Female,0,No,No,51,Yes,Yes,No,No,Yes,No,No internet service,Yes,Yes,One year,Yes,Credit card (automatic),86.42,4351.2,0
CUST-15371,Female,0,Yes,Yes,16,Yes,No,No,No internet service,No,No,No,No,No,Two year,Yes,Credit card (automatic),81.46,1381.29,0
CUST-15372,Male,0,No,Yes,42,Yes,No,Fiber optic,No internet service,Yes,No,No,Yes,Yes,Month-to-month,Yes,Mailed check,105.16,4364.33,1
CUST-15373,Male,0,Yes,No,70,Yes,No,No,Yes,No,No internet service,No,No,No,Month-to-month,Yes,Mailed check,58.55,4085.54,0
CUST-15374,Female,0,Yes,No,4,Yes,Yes,Fiber optic,Yes,No,Yes,Yes,No,No,Month-to-month,Yes,Bank transfer (automatic),72.84,242.87,1
CUST-15375,Female,0,Yes,Yes,24,Yes,No,DSL,Yes,Yes,No,No,Yes,No internet service,Two year,No,Electronic check,48.17,1125.25,0
CUST-15376,Male,0,Yes,No,38,Yes,No phone service,DSL,No internet service,No,Yes,No,No,Yes,Month-to-month,Yes,Electronic check,66.06,2437.79,1
CUST-15377,Male,0,No,No,67,Yes,Yes,DSL,Yes,Yes,Yes,No,No,Yes,Month-to-month,Yes,Credit card (automatic),105.62,7012.28,0
CUST-15378,Male,0,No,No,70,No,Yes,DSL,No,Yes,Yes,No,No,Yes,One year,Yes,Bank transfer (automatic),110.72,7732.39,0
CUST-15379,Female,0,No,No,43,Yes,Yes,Fiber optic,No,No,Yes,No,No internet service,No,Month-to-month,Yes,Credit card (automatic),57.82,2469.36,1
CUST-15380,Male,0,No,No,39,Yes,Yes,No,No,No,No,No,Yes,Yes,Month-to-month,Yes,Bank transfer (automatic),76.99,3015.85,0
CUST-15381,Female,0,Yes,No,30,No,Yes,DSL,No,No internet service,No internet service,No internet service,No internet service,Yes,Two year,Yes,Electronic check,111.54,3450.98,0
CUST-15382,Male,0,No,Yes,32,Yes,No,No,No,No internet service,No internet service,No,No internet service,Yes,One year,No,Electronic check,74.97,2410.02,0
CUST-15383,Male,0,Yes,No,53,Yes,No phone service,No,No,No,No,No,Yes,No,Month-to-month,No,Electronic check,40.94,2144.09,1
CUST-15384,Male,0,Yes,No,39,Yes,No phone service,No,Yes,Yes,No,Yes,Yes,Yes,One year,Yes,Electronic check,66.42,2472.13,0
CUST-15385,Female,0,No,No,40,Yes,Yes,No,Yes,Yes,Yes,No,Yes,No,One year,Yes,Mailed check,19.16,701.1,0
CUST-15386,Male,1,No,No,61,Yes,No,No,No internet service,Yes,Yes,No,No,Yes,Month-to-month,Yes,Electronic check,21.96,1427.49,1
CUST-15387,Female,0,Yes,Yes,10,Yes,Yes,DSL,No internet service,Yes,No,No,Yes,No,Two year,Yes,Credit card (automatic),118.75,1223.39,1
CUST-15388,Male,0,Yes,No,69,Yes,Yes,Fiber optic,No internet service,Yes,No,No,Yes,Yes,Month-to-month,Yes,Bank transfer (automatic),80.92,5599.13,0
CUST-15389,Female,0,Yes,No,51,Yes,No,Fiber optic,No,No,No,No internet service,No,Yes,Month-to-month,Yes,Electronic check,67.24,3456.59,1
CUST-15390,Male,0,No,No,42,Yes,Yes,DSL,Yes,No,No,Yes,No,No internet service,Month-to-month,No,Mailed check,67.92,2793.96,0
CUST-15391,Male,0,Yes,No,42,No,Yes,Fiber optic,No,Yes,Yes,No,No,Yes,Month-to-month,No,Credit card (automatic),118.75,5004.66,1
CUST-15392,Female,0,Yes,Yes,42,No,No,Fiber optic,Yes,No,Yes,No,No,Yes,One year,Yes,Electronic check,113.33,4747.94,1
CUST-15393,Female,0,No,No,41,Yes,No,No,No internet service,No internet service,No internet service,Yes,No,No,Month-to-month,No,Credit card (automatic),36.76,1562.75,0
CUST-15394,Female,0,No,No,25,Yes,No phone service,DSL,No,Yes,Yes,No,No,Yes,One year,Yes,Electronic check,73.75,1836.02,1
CUST-15395,Male,0,Yes,No,53,Yes,Yes,No,No internet service,Yes,No internet service,No,No internet service,Yes,Month-to-month,No,Mailed check,60.06,3142.51,1
CUST-15396,Female,0,No,Yes,18,No,No,DSL,No internet service,No,Yes,No,No,Yes,One year,Yes,Mailed check,88.69,1611.44,1
CUST-15397,Male,0,Yes,No,47,Yes,Yes,Fiber optic,No,Yes,Yes,No,No,No,Month-to-month,No,Credit card (automatic),100.37,4694.85,1
CUST-15398,Female,1,Yes,Yes,38,Yes,Yes,DSL,No,Yes,No,No,No,No,Two year,No,Electronic check,56.27,2167.4,1
CUST-15399,Female,0,No,No,26,Yes,No,No,No internet service,No,Yes,Yes,Yes,No internet service,One year,No,Credit card (automatic),45.65,1187.79,1
CUST-15400,Female,0,Yes,Yes,58,Yes,No,Fiber optic,No,No,No internet service,No internet service,No,Yes,Month-to-month,No,Mailed check,68.14,4000.8,1
CUST-15401,Female,0,Yes,No,23,Yes,No,DSL,No internet service,No internet service,No,No internet service,No internet service,No internet service,Month-to-month,No,Electronic check,94.39,2123.68,0
CUST-15402,Female,0,No,Yes,48,Yes,No,No,No,Yes,No,Yes,No internet service,Yes,Month-to-month,Yes,Electronic check,48.4,2400.95,0
CUST-15403,Female,0,No,Yes,18,No,Yes,DSL,No,No internet service,No,No internet service,Yes,Yes,Month-to-month,No,Electronic check,82.03,1496.2,1
CUST-15404,Male,1,No,No,14,No,No phone service,No,No,Yes,Yes,No internet service,No,Yes,One year,Yes,Electronic check,37.0,519.33,1
CUST-15405,Male,0,No,No,41,Yes,Yes,DSL,Yes,Yes,No,Yes,Yes,No,Month-to-month,No,Credit card (automatic),88.12,3662.86,0
CUST-15406,Female,0,Yes,No,71,Yes,No,DSL,No,Yes,Yes,No,No,Yes,Month-to-month,Yes,Mailed check,88.81,6340.23,0
CUST-15407,Female,0,No,No,21,Yes,No phone service,DSL,Yes,Yes,No,Yes,No,Yes,Month-to-month,Yes,Electronic check,46.83,1015.76,1
CUST-15408,Female,1,Yes,No,8,Yes,No,Fiber optic,No,No internet service,No,No,No internet service,No,Month-to-month,No,Electronic check,106.21,872.18,1
CUST-15409,Female,0,No,No,8,Yes,No,No,No,Yes,No internet service,No,Yes,Yes,Month-to-month,Yes,Bank transfer (automatic),27.21,253.34,0
CUST-15410,Male,0,Yes,Yes,35,Yes,No,Fiber optic,Yes,Yes,No,Yes,No,No,Two year,No,Mailed check,76.72,2672.75,0
CUST-15411,Male,0,Yes,Yes,57,Yes,Yes,DSL,No,No,No internet service,No,No,No,Two year,Yes,Credit card (automatic),93.74,5372.65,0
CUST-15412,Female,0,Yes,No,51,Yes,No,Fiber optic,Yes,Yes,Yes,Yes,No,Yes,Month-to-month,No,Electronic check,77.36,3918.35,0
CUST-15413,Female,0,No,No,15,Yes,No,Fiber optic,No,No,No,No,No internet service,No internet service,One year,Yes,Bank transfer (automatic),92.75,1351.83,1
CUST-15414,Male,0,Yes,Yes,60,Yes,Yes,Fiber optic,Yes,No internet service,No,No internet service,No internet service,Yes,Two year,Yes,Electronic check,88.55,5287.47,0
CUST-15415,Male,0,No,No,12,Yes,Yes,Fiber optic,No,Yes,Yes,No,Yes,Yes,Month-to-month,Yes,Electronic check,61.63,653.21,1
CUST-15416,Male,1,No,No,40,Yes,Yes,Fiber optic,No,Yes,Yes,No internet service,No internet service,No,Two year,Yes,Credit card (automatic),118.68,4685.63,0
CUST-15417,Male,1,No,No,61,Yes,Yes,Fiber optic,No internet service,No,No,Yes,No internet service,No internet service,Two year,Yes,Bank transfer (automatic),118.75,7227.39,0
CUST-15418,Female,0,Yes,Yes,58,Yes,No phone service,Fiber optic,No,No internet service,No,No,No,No,One year,Yes,Mailed check,99.7,5702.09,0
CUST-15419,Female,0,Yes,No,51,Yes,No phone service,DSL,No,No internet service,Yes,No,Yes,No internet service,Month-to-month,Yes,Electronic check,69.44,3521.83,1
CUST-15420,Female,0,No,No,24,Yes,No,No,No,No internet service,No,No,Yes,Yes,Month-to-month,No,Electronic check,52.37,1298.5,1
CUST-15421,Female,1,No,No,55,Yes,Yes,No,No,No,Yes,No,Yes,Yes,Month-to-month,Yes,Electronic check,77.23,4231.09,1
CUST-15422,Male,0,Yes,No,28,Yes,Yes,No,No,No,Yes,No,No internet service,No,One year,No,Mailed check,40.09,1102.98,0
CUST-15423,Male,1,No,Yes,25,Yes,Yes,No,No,No internet service,Yes,No,No,No,One year,Yes,Electronic check,41.92,1039.59,0
CUST-15424,Male,0,Yes,No,38,No,Yes,Fiber optic,No,No,No,No,No internet service,Yes,One year,Yes,Mailed check,86.06,3138.78,0
CUST-15425,Male,0,Yes,No,45,Yes,No,No,No,Yes,No internet service,Yes,No,No,Two year,Yes,Electronic check,18.25,826.38,0
CUST-15426,Female,0,Yes,No,15,Yes,No,Fiber optic,No internet service,No,No internet service,Yes,Yes,No,Month-to-month,Yes,Credit card (automatic),104.5,1602.24,1
CUST-15427,Male,0,Yes,No,68,Yes,No,Fiber optic,Yes,No internet service,Yes,Yes,Yes,Yes,Month-to-month,Yes,Bank transfer (automatic),94.44,6468.61,1
CUST-15428,Male,1,Yes,No,63,No,Yes,No,Yes,No internet service,Yes,No internet service,No,Yes,Month-to-month,Yes,Mailed check,67.18,4207.79,1
CUST-15429,Female,0,No,Yes,20,Yes,No phone service,No,No,No,No internet service,No internet service,Yes,No,One year,No,Mailed check,41.17,896.65,1
CUST-15430,Female,0,Yes,Yes,17,Yes,Yes,Fiber optic,No,No,No,Yes,No,No,Month-to-month,No,Electronic check,61.65,1059.92,1
CUST-15431,Male,0,No,No,5,Yes,Yes,No,Yes,No internet service,Yes,No,Yes,No,Month-to-month,No,Mailed check,53.36,315.67,1
CUST-15432,Male,1,No,No,29,No,Yes,Fiber optic,No,Yes,No internet service,No,No,No internet service,Month-to-month,No,Bank transfer (automatic),67.36,1936.91,1
CUST-15433,Female,0,No,No,12,Yes,Yes,Fiber optic,No internet service,No,No internet service,No,No internet service,Yes,Month-to-month,Yes,Credit card (automatic),102.07,1296.91,1
CUST-15434,Female,0,Yes,No,67,Yes,No,No,No,No internet service,No,No,Yes,No,Two year,Yes,Credit card (automatic),63.77,4247.68,0
CUST-15435,Female,0,No,No,65,No,No,Fiber optic,No,No,No internet service,No internet service,Yes,No internet service,Month-to-month,Yes,Bank transfer (automatic),118.75,7736.46,1
CUST-15436,Male,0,Yes,No,60,Yes,No,No,Yes,No internet service,No,Yes,No internet service,Yes,Two year,No,Bank transfer (automatic),78.77,4726.99,0
CUST-15437,Male,0,No,No,20,Yes,Yes,No,Yes,Yes,No internet service,No,No,No,One year,No,Mailed check,56.14,1060.17,1
CUST-15438,Male,1,Yes,No,50,No,No phone service,DSL,Yes,Yes,No,Yes,Yes,No,Two year,No,Electronic check,70.57,3605.84,0
CUST-15439,Female,0,No,Yes,35,Yes,No,No,Yes,Yes,No,No,No,Yes,Two year,Yes,Bank transfer (automatic),68.34,2374.83,1
CUST-15440,Female,0,Yes,No,19,Yes,No,DSL,No,Yes,No,Yes,Yes,No,Month-to-month,Yes,Bank transfer (automatic),81.76,1492.66,0
CUST-15441,Female,0,No,No,39,Yes,Yes,No,Yes,No,Yes,Yes,Yes,Yes,Month-to-month,No,Electronic check,41.28,1568.15,0
CUST-15442,Female,0,Yes,No,12,Yes,No phone service,Fiber optic,No,No,No,No internet service,No,No internet service,Month-to-month,No,Credit card (automatic),49.39,632.4,1
CUST-15443,Female,0,Yes,No,70,Yes,No,Fiber optic,Yes,Yes,No,No,Yes,Yes,Month-to-month,Yes,Mailed check,118.75,8393.43,0
CUST-15444,Male,1,No,Yes,11,Yes,No,No,No internet service,No,Yes,No,Yes,Yes,Month-to-month,Yes,Bank transfer (automatic),72.05,747.68,1
CUST-15445,Male,0,Yes,No,22,Yes,Yes,Fiber optic,No,No,No internet service,No,Yes,No,One year,Yes,Mailed check,103.57,2300.84,0
CUST-15446,Female,0,No,Yes,16,Yes,Yes,DSL,Yes,Yes,Yes,Yes,No,No,One year,Yes,Bank transfer (automatic),76.89,1205.22,0
CUST-15447,Male,0,No,Yes,38,Yes,No,Fiber optic,No,No,No internet service,No internet service,No,No,Month-to-month,No,Bank transfer (automatic),118.75,4395.02,1
CUST-15448,Male,0,No,No,49,Yes,Yes,Fiber optic,No internet service,No,No,No,No,No,Month-to-month,Yes,Electronic check,108.46,5349.9,1
CUST-15449,Male,0,No,No,69,Yes,No,Fiber optic,No,Yes,No,No,Yes,No internet service,Two year,Yes,Bank transfer (automatic),62.83,4282.97,0
CUST-15450,Male,1,No,No,28,No,No,DSL,No,No internet service,No internet service,No internet service,No internet service,No,Month-to-month,Yes,Mailed check,70.56,2010.13,0
CUST-15451,Female,0,No,No,14,Yes,No,Fiber optic,No internet service,No,No,No,No internet service,No,Month-to-month,No,Mailed check,105.79,1508.64,1
CUST-15452,Female,0,Yes,Yes,1,Yes,Yes,No,No,No,Yes,No,No internet service,Yes,Two year,No,Bank transfer (automatic),74.81,52.7,0
CUST-15453,Female,1,No,No,43,Yes,No phone service,Fiber optic,No,Yes,Yes,Yes,No internet service,No internet service,Month-to-month,No,Credit card (automatic),84.8,3665.03,0
CUST-15454,Male,0,No,Yes,71,Yes,Yes,No,No,No,No,Yes,No internet service,Yes,Month-to-month,Yes,Electronic check,81.22,5809.15,0
CUST-15455,Male,0,Yes,No,4,Yes,No,Fiber optic,Yes,Yes,No internet service,Yes,No,No,Month-to-month,Yes,Mailed check,64.06,170.88,1
CUST-15456,Male,1,Yes,No,72,Yes,No,No,Yes,No internet service,No,No,No internet service,No internet service,Month-to-month,No,Electronic check,45.49,3290.7,0
CUST-15457,Male,1,Yes,No,19,No,Yes,No,Yes,Yes,Yes,No internet service,No internet service,No,Month-to-month,Yes,Mailed check,46.32,904.29,1
CUST-15458,Female,0,No,No,66,Yes,Yes,Fiber optic,Yes,Yes,No internet service,No,No,No,One year,Yes,Bank transfer (automatic),109.65,7226.18,0
CUST-15459,Female,0,Yes,No,5,Yes,No,Fiber optic,No internet service,No,No,No,Yes,No,One year,No,Electronic check,116.72,662.71,1
CUST-15460,Female,1,No,No,65,Yes,No,No,No internet service,Yes,No,Yes,No,Yes,Two year,No,Bank transfer (automatic),76.24,4966.27,0
CUST-15461,Male,0,No,No,24,No,Yes,No,Yes,Yes,No internet service,Yes,No internet service,No,Month-to-month,No,Bank transfer (automatic),22.83,659.24,1
CUST-15462,Female,0,No,No,20,Yes,Yes,Fiber optic,Yes,Yes,Yes,No internet service,No,No,Month-to-month,Yes,Mailed check,93.5,1943.59,1
CUST-15463,Male,1,Yes,No,15,Yes,No,No,No,No internet service,No,Yes,No,No,One year,Yes,Credit card (automatic),19.98,391.79,1
CUST-15464,Male,0,No,Yes,9,Yes,Yes,No,No,No,No,No,Yes,Yes,One year,Yes,Electronic check,51.4,500.65,0
CUST-15465,Female,0,No,No,58,Yes,Yes,DSL,No internet service,No,Yes,No internet service,Yes,No,Month-to-month,Yes,Bank transfer (automatic),108.96,6378.39,0
CUST-15466,Male,0,Yes,No,5,Yes,No,Fiber optic,No internet service,Yes,Yes,No internet service,Yes,Yes,Month-to-month,No,Credit card (automatic),118.75,581.66,1
CUST-15467,Male,0,Yes,Yes,33,Yes,Yes,Fiber optic,No,No,No internet service,Yes,No,No,Month-to-month,No,Bank transfer (automatic),100.24,3414.08,1
CUST-15468,Female,0,Yes,No,69,Yes,Yes,DSL,Yes,No,No internet service,No internet service,Yes,Yes,One year,Yes,Mailed check,81.46,5566.75,0
CUST-15469,Male,0,No,Yes,29,Yes,No,No,No internet service,Yes,Yes,No,Yes,No,One year,No,Electronic check,47.19,1460.04,1
CUST-15470,Female,0,Yes,No,60,No,No,DSL,No,Yes,Yes,No internet service,No internet service,Yes,Month-to-month,Yes,Electronic check,75.22,4506.13,1
CUST-15471,Male,0,Yes,No,50,Yes,No,Fiber optic,No,No,Yes,Yes,No,No,Two year,Yes,Mailed check,118.75,5870.28,1
CUST-15472,Female,0,Yes,No,58,Yes,Yes,Fiber optic,No,Yes,Yes,Yes,Yes,No internet service,Two year,No,Electronic check,73.31,4283.85,1
CUST-15473,Male,0,Yes,No,69,Yes,No,Fiber optic,No,No internet service,No,No internet service,Yes,No,Month-to-month,No,Bank transfer (automatic),85.23,5877.6,0
CUST-15474,Male,0,Yes,No,7,Yes,Yes,DSL,Yes,Yes,No,No,Yes,No,One year,Yes,Electronic check,75.91,564.34,1
CUST-15475,Female,0,No,No,22,Yes,No,Fiber optic,No,Yes,Yes,No internet service,No,No internet service,Month-to-month,No,Electronic check,76.35,1778.68,1
CUST-15476,Male,0,Yes,No,23,Yes,Yes,DSL,Yes,Yes,No,No,Yes,No internet service,Two year,Yes,Bank transfer (automatic),85.58,1911.36,0
CUST-15477,Female,0,No,No,4,Yes,Yes,DSL,Yes,No,No,No,Yes,Yes,Month-to-month,Yes,Bank transfer (automatic),106.45,504.49,1
CUST-15478,Male,0,Yes,No,7,Yes,No,No,No,Yes,Yes,No,No internet service,No,Two year,No,Electronic check,63.03,480.05,0
CUST-15479,Female,0,Yes,No,8,Yes,Yes,DSL,Yes,Yes,No,No internet service,Yes,Yes,One year,Yes,Bank transfer (automatic),61.33,534.66,1
CUST-15480,Female,0,No,No,69,Yes,No phone service,DSL,No internet service,Yes,No,Yes,No internet service,Yes,Month-to-month,Yes,Credit card (automatic),60.31,4073.14,0
CUST-15481,Male,0,No,No,62,No,No phone service,DSL,No internet service,Yes,No,No,No internet service,Yes,Two year,No,Mailed check,49.83,3116.11,0
CUST-15482,Male,0,No,Yes,42,Yes,Yes,Fiber optic,No internet service,Yes,No,Yes,No,No,Two year,No,Mailed check,87.99,3752.35,0
CUST-15483,Female,0,Yes,No,61,Yes,No,DSL,Yes,No,No internet service,Yes,Yes,No internet service,One year,Yes,Electronic check,58.51,3671.38,0
CUST-15484,Female,0,No,No,25,Yes,No,Fiber optic,No internet service,No,No,Yes,No,No internet service,Month-to-month,Yes,Electronic check,94.99,2298.14,1
CUST-15485,Male,0,No,No,34,Yes,Yes,Fiber optic,Yes,Yes,No internet service,Yes,No internet service,Yes,One year,No,Mailed check,76.09,2572.68,0
CUST-15486,Male,1,Yes,No,64,Yes,Yes,DSL,No,No,No,No,No,No,One year,No,Bank transfer (automatic),46.95,3144.94,0
CUST-15487,Female,0,No,Yes,10,No,No phone service,DSL,Yes,No internet service,Yes,No,Yes,No internet service,Month-to-month,Yes,Bank transfer (automatic),36.29,260.27,0
CUST-15488,Female,0,Yes,No,10,Yes,Yes,Fiber optic,No internet service,No,Yes,No,No internet service,No,Month-to-month,No,Electronic check,102.58,1085.76,1
CUST-15489,Male,0,Yes,No,38,Yes,No,No,Yes,No internet service,No,Yes,No,No internet service,Two year,Yes,Mailed check,22.21,860.39,0
CUST-15490,Male,0,No,Yes,18,Yes,No,DSL,No,Yes,No internet service,No,No,Yes,Two year,Yes,Credit card (automatic),84.93,1497.85,0
CUST-15491,Female,1,No,No,48,Yes,Yes,Fiber optic,No,No,No,No internet service,Yes,No,Month-to-month,Yes,Credit card (automatic),76.98,3677.72,1
CUST-15492,Male,0,No,No,46,Yes,No,No,No,Yes,Yes,No internet service,No,No,Two year,No,Electronic check,55.23,2670.6,0
CUST-15493,Male,1,No,No,24,No,No phone service,DSL,No internet service,No internet service,Yes,No,No,No internet service,Month-to-month,Yes,Bank transfer (automatic),74.03,1823.34,0
CUST-15494,Female,0,Yes,Yes,8,Yes,Yes,DSL,No,No internet service,No,No,Yes,Yes,One year,Yes,Bank transfer (automatic),77.96,618.97,1
CUST-15495,Male,0,No,No,6,Yes,Yes,Fiber optic,Yes,No,No,No,No internet service,No,Month-to-month,Yes,Bank transfer (automatic),109.09,618.12,1
CUST-15496,Female,0,No,No,32,Yes,Yes,No,No,Yes,No,No,Yes,No internet service,Month-to-month,Yes,Bank transfer (automatic),35.83,1194.59,0
CUST-15497,Male,1,Yes,No,23,Yes,No,DSL,No,No,Yes,No,Yes,Yes,Month-to-month,Yes,Mailed check,104.75,2396.48,1
CUST-15498,Female,0,Yes,Yes,2,Yes,No,Fiber optic,Yes,No internet service,No,No,No,No,Month-to-month,Yes,Credit card (automatic),105.27,168.5,0
CUST-15499,Male,0,No,Yes,50,Yes,No,Fiber optic,No internet service,No,No,No internet service,Yes,No internet service,Two year,Yes,Bank transfer (automatic),83.24,4153.87,0
CUST-15500,Female,0,Yes,No,69,Yes,No,Fiber optic,Yes,No,No internet service,No,No,Yes,Two year,No,Bank transfer (automatic),85.34,5912.93,0
CUST-15501,Male,0,No,Yes,71,Yes,No phone service,Fiber optic,No,No,No internet service,No,No,No,Month-to-month,Yes,Credit card (automatic),92.27,6544.71,1
CUST-15502,Male,0,No,Yes,8,Yes,Yes,Fiber optic,Yes,Yes,No,No internet service,No,Yes,Two year,No,Mailed check,81.43,743.76,0
CUST-15503,Female,0,No,No,13,Yes,No,No,No,No,Yes,No internet service,No,No internet service,Two year,No,Electronic check,18.25,280.59,0
CUST-15504,Female,0,No,No,31,Yes,Yes,Fiber optic,No,Yes,No internet service,No,Yes,No,Month-to-month,No,Electronic check,70.35,2168.41,0
CUST-15505,Female,0,No,No,66,Yes,Yes,Fiber optic,No,No internet service,No internet service,No,Yes,No internet service,Month-to-month,Yes,Bank transfer (automatic),70.29,4681.27,1
CUST-15506,Male,0,No,Yes,41,Yes,Yes,Fiber optic,Yes,Yes,No,No internet service,No,No internet service,Month-to-month,Yes,Mailed check,86.01,3513.49,1
CUST-15507,Male,0,Yes,No,33,Yes,Yes,DSL,No,No,No,No,No,No,Month-to-month,No,Credit card (automatic),50.59,1663.04,1
CUST-15508,Female,1,No,No,67,Yes,No,Fiber optic,Yes,Yes,No,No internet service,No internet service,Yes,Month-to-month,No,Electronic check,106.55,7141.09,1
CUST-15509,Female,1,No,No,48,Yes,No,DSL,Yes,Yes,No,Yes,Yes,No,Month-to-month,Yes,Electronic check,77.53,3699.47,1
CUST-15510,Male,0,No,Yes,71,Yes,No,Fiber optic,Yes,No internet service,No internet service,No internet service,Yes,Yes,One year,Yes,Bank transfer (automatic),81.64,5855.15,1
CUST-15511,Female,0,No,Yes,63,Yes,Yes,Fiber optic,No internet service,No,No,No,Yes,No,One year,Yes,Credit card (automatic),73.57,4690.17,1
CUST-15512,Female,0,No,No,72,Yes,Yes,No,Yes,No internet service,No,Yes,Yes,No internet service,Month-to-month,No,Credit card (automatic),50.35,3578.17,0
CUST-15513,Female,1,No,Yes,40,Yes,No phone service,No,No,No,No internet service,Yes,No,Yes,Month-to-month,No,Mailed check,68.73,2836.02,1
CUST-15514,Female,0,No,No,27,Yes,No,Fiber optic,Yes,Yes,No internet service,No,No,Yes,Two year,No,Credit card (automatic),52.32,1439.52,0
CUST-15515,Female,0,No,Yes,4,Yes,No,Fiber optic,No,Yes,No,Yes,No,Yes,Month-to-month,No,Electronic check,59.92,135.18,1
CUST-15516,Female,1,No,Yes,53,Yes,Yes,DSL,No,No,No internet service,Yes,Yes,No,Month-to-month,No,Bank transfer (automatic),54.31,2890.71,0
CUST-15517,Female,0,Yes,No,19,Yes,Yes,Fiber optic,Yes,Yes,No,Yes,Yes,No internet service,Month-to-month,No,Electronic check,63.69,1242.39,1
CUST-15518,Female,0,Yes,No,0,Yes,No phone service,DSL,No internet service,No,Yes,Yes,No internet service,No,Two year,Yes,Electronic check,45.95,0.0,0
CUST-15519,Female,0,No,No,58,No,Yes,DSL,No internet service,Yes,Yes,Yes,No,No,Month-to-month,Yes,Mailed check,75.11,4477.06,1
CUST-15520,Male,0,Yes,No,30,Yes,Yes,No,Yes,No internet service,Yes,No,No internet service,Yes,One year,Yes,Electronic check,49.17,1430.83,1
CUST-15521,Female,0,Yes,Yes,40,Yes,No,No,No,Yes,No,No,Yes,Yes,Month-to-month,Yes,Mailed check,42.36,1722.88,0
CUST-15522,Female,1,Yes,No,57,Yes,No phone service,Fiber optic,No internet service,No,No internet service,No,No internet service,Yes,Month-to-month,No,Mailed check,93.94,5320.43,1
CUST-15523,Female,0,No,Yes,24,Yes,Yes,DSL,No internet service,No,Yes,No,No internet service,Yes,One year,Yes,Mailed check,73.34,1728.48,1
CUST-15524,Female,0,No,No,59,Yes,No,DSL,No,No,No internet service,Yes,No internet service,No internet service,Month-to-month,Yes,Mailed check,59.75,3531.09,0
CUST-15525,Male,0,No,No,42,Yes,Yes,DSL,No internet service,No,Yes,No internet service,Yes,No,One year,Yes,Electronic check,66.28,2743.33,0
CUST-15526,Female,0,No,No,41,Yes,No,No,No,No internet service,Yes,No internet service,Yes,Yes,One year,Yes,Credit card (automatic),54.24,2206.8,0
CUST-15527,Male,0,No,Yes,19,Yes,Yes,Fiber optic,No,No,Yes,No internet service,No internet service,No,Two year,Yes,Credit card (automatic),65.62,1213.64,1
CUST-15528,Male,0,Yes,No,57,No,No,No,No,Yes,No,Yes,No,No,Two year,Yes,Bank transfer (automatic),55.86,3104.42,0
CUST-15529,Male,0,Yes,No,17,Yes,No,Fiber optic,No,Yes,No internet service,No internet service,No,No internet service,Month-to-month,No,Bank transfer (automatic),25.71,421.15,1
CUST-15530,Female,0,Yes,No,45,Yes,No phone service,Fiber optic,No internet service,No internet service,Yes,No,Yes,Yes,Month-to-month,No,Mailed check,89.3,4123.09,0
CUST-15531,Female,0,Yes,Yes,60,Yes,No,Fiber optic,Yes,No,Yes,No,No,Yes,Month-to-month,Yes,Bank transfer (automatic),96.32,5750.4,1
CUST-15532,Female,0,No,No,8,Yes,No,DSL,Yes,No,No internet service,No internet service,No,Yes,Two year,No,Credit card (automatic),55.63,442.06,0
CUST-15533,Male,1,Yes,No,29,Yes,No,Fiber optic,No,No,No,Yes,No internet service,Yes,One year,Yes,Bank transfer (automatic),111.26,3231.32,1
CUST-15534,Male,0,No,No,49,No,No,No,No,No,No,No,Yes,Yes,Two year,Yes,Electronic check,72.87,3658.05,0
CUST-15535,Female,0,No,No,20,Yes,Yes,DSL,No,No,No,Yes,No,No internet service,Two year,No,Electronic check,79.17,1605.65,1
CUST-15536,Male,0,Yes,No,2,Yes,No,DSL,No internet service,No,No,Yes,No internet service,No internet service,Two year,No,Mailed check,107.38,169.68,0
CUST-15537,Female,1,No,No,29,Yes,Yes,Fiber optic,No,No internet service,No,No internet service,No internet service,No,Month-to-month,No,Mailed check,73.97,2059.63,0
CUST-15538,Female,0,No,No,36,Yes,No,No,No,No,No,No,No internet service,No,Month-to-month,Yes,Mailed check,67.6,2386.64,1
CUST-15539,Female,0,No,Yes,67,Yes,No,No,Yes,Yes,No internet service,No,Yes,No,Month-to-month,Yes,Credit card (automatic),78.23,5247.74,0
CUST-15540,Male,0,No,Yes,58,Yes,No,DSL,Yes,No,Yes,No,No,No,Month-to-month,No,Bank transfer (automatic),52.16,2966.04,0
CUST-15541,Male,0,No,No,13,Yes,No,Fiber optic,No internet service,Yes,No,No internet service,Yes,No internet service,Month-to-month,Yes,Mailed check,91.54,1256.35,1
CUST-15542,Male,0,No,No,20,Yes,No,No,No,Yes,No internet service,No,No internet service,No internet service,Two year,Yes,Mailed check,20.43,391.41,0
CUST-15543,Female,1,No,No,13,Yes,No,No,No,No,Yes,No,No,Yes,One year,No,Electronic check,66.7,934.49,0
CUST-15544,Male,0,Yes,Yes,66,No,No,DSL,Yes,Yes,Yes,Yes,No internet service,No internet service,One year,Yes,Credit card (automatic),108.33,7130.31,0
CUST-15545,Female,0,No,No,25,Yes,No,No,No,No,No,Yes,Yes,Yes,One year,Yes,Electronic check,39.06,934.57,0
CUST-15546,Male,0,No,No,65,Yes,No,No,Yes,No,No,No internet service,No internet service,Yes,Month-to-month,No,Credit card (automatic),49.32,3157.02,0
CUST-15547,Male,0,Yes,No,4,Yes,No,Fiber optic,No internet service,Yes,No,No,No,Yes,Month-to-month,No,Electronic check,79.77,344.16,1
CUST-15548,Male,0,Yes,No,40,Yes,No,DSL,Yes,Yes,No internet service,No,No,No,Two year,Yes,Bank transfer (automatic),118.75,4813.72,0
CUST-15549,Female,0,Yes,No,5,Yes,Yes,DSL,Yes,No,Yes,No,No internet service,Yes,Month-to-month,Yes,Mailed check,56.83,306.54,1
CUST-15550,Female,0,Yes,Yes,40,Yes,Yes,Fiber optic,No,No internet service,Yes,No,Yes,No internet service,Month-to-month,Yes,Mailed check,71.75,2809.92,0
CUST-15551,Male,0,Yes,No,0,Yes,No,No,Yes,Yes,Yes,No,Yes,No,Month-to-month,No,Credit card (automatic),61.15,4.14,1
CUST-15552,Female,0,Yes,No,11,Yes,No phone service,Fiber optic,No internet service,Yes,No internet service,No internet service,Yes,No,One year,Yes,Electronic check,88.23,961.6,1
CUST-15553,Female,0,No,No,10,Yes,Yes,No,No,No internet service,Yes,No internet service,No,No internet service,Month-to-month,No,Electronic check,100.24,894.15,1
CUST-15554,Female,0,No,Yes,51,Yes,No phone service,Fiber optic,No,No internet service,No,No internet service,No,No,Two year,No,Electronic check,118.75,6058.2,1
CUST-15555,Female,0,No,No,46,Yes,Yes,No,Yes,No internet service,No internet service,No,No internet service,No,Month-to-month,Yes,Electronic check,62.33,2911.37,1
CUST-15556,Male,0,Yes,Yes,40,Yes,No phone service,No,No,Yes,Yes,No internet service,No,Yes,Month-to-month,Yes,Credit card (automatic),68.63,2826.71,1
CUST-15557,Male,0,No,No,14,Yes,No phone service,DSL,Yes,No internet service,Yes,No,No,Yes,Month-to-month,No,Electronic check,89.62,1295.68,1
CUST-15558,Female,0,Yes,No,19,Yes,No,DSL,No,No internet service,No internet service,Yes,No,Yes,Month-to-month,Yes,Bank transfer (automatic),95.91,1742.54,1
CUST-15559,Male,1,Yes,No,27,No,No phone service,No,No internet service,Yes,Yes,No internet service,No,No internet service,Two year,Yes,Bank transfer (automatic),60.48,1589.32,1
CUST-15560,Male,0,No,No,71,Yes,No,Fiber optic,No,No,No,No internet service,No,Yes,One year,Yes,Electronic check,69.82,5004.39,0
CUST-15561,Male,0,No,No,51,Yes,Yes,DSL,No internet service,Yes,No,No,No internet service,Yes,Month-to-month,No,Electronic check,58.54,2928.61,1
CUST-15562,Female,1,No,No,2,No,No,No,No internet service,No,No,Yes,Yes,No,Month-to-month,No,Credit card (automatic),69.42,169.07,1
CUST-15563,Male,0,No,No,2,Yes,Yes,DSL,No internet service,No,Yes,No,Yes,Yes,Month-to-month,No,Bank transfer (automatic),64.97,105.64,1
CUST-15564,Male,0,No,No,25,Yes,Yes,Fiber optic,No,Yes,No internet service,No,No internet service,No,One year,Yes,Bank transfer (automatic),116.84,2917.84,1
CUST-15565,Female,0,No,Yes,15,No,Yes,No,No internet service,No internet service,No,No internet service,No internet service,No,Two year,Yes,Credit card (automatic),64.53,912.0,1
CUST-15566,Male,1,No,No,29,Yes,No,DSL,No,No internet service,Yes,No,No,Yes,Two year,Yes,Electronic check,51.27,1504.24,0
CUST-15567,Male,0,Yes,No,72,No,No,DSL,No,No internet service,Yes,No,No,No internet service,Month-to-month,Yes,Bank transfer (automatic),52.05,3726.06,1
CUST-15568,Male,0,Yes,No,14,Yes,No,Fiber optic,No,Yes,No,Yes,Yes,No,Month-to-month,No,Electronic check,63.88,982.9,0
CUST-15569,Male,0,No,No,43,Yes,No,Fiber optic,Yes,No,No,No,No,No,Month-to-month,Yes,Credit card (automatic),105.7,4522.27,1
CUST-15570,Female,0,No,No,35,Yes,No,DSL,No,No internet service,No,No,No internet service,No,One year,No,Mailed check,98.28,3557.45,1
CUST-15571,Female,1,Yes,Yes,48,Yes,No,Fiber optic,No,Yes,Yes,Yes,No,No,One year,No,Electronic check,82.21,3971.48,0
CUST-15572,Male,0,Yes,No,39,Yes,No phone service,Fiber optic,Yes,No,No,Yes,No,Yes,Two year,Yes,Electronic check,89.91,3496.6,0
CUST-15573,Female,0,Yes,No,37,Yes,Yes,No,No,Yes,Yes,No,Yes,No,Month-to-month,Yes,Bank transfer (automatic),56.4,2052.31,1
CUST-15574,Female,1,No,No,20,Yes,No,Fiber optic,No internet service,No,No,No,No,No internet service,Two year,Yes,Credit card (automatic),107.51,2140.86,1
CUST-15575,Female,0,Yes,Yes,70,No,Yes,DSL,No,No,No,Yes,No,No internet service,One year,Yes,Electronic check,68.02,4739.32,0
CUST-15576,Female,0,No,No,19,No,Yes,DSL,No,No internet service,No internet service,No,No,Yes,Month-to-month,No,Credit card (automatic),83.67,1590.04,1
CUST-15577,Female,0,Yes,No,10,No,Yes,DSL,No,No,Yes,Yes,Yes,Yes,Two year,No,Electronic check,73.54,723.22,1
CUST-15578,Male,0,Yes,Yes,7,Yes,Yes,DSL,Yes,No,No,No internet service,No,Yes,Month-to-month,Yes,Bank transfer (automatic),43.81,385.22,0
CUST-15579,Male,0,Yes,No,4,Yes,No phone service,DSL,Yes,Yes,Yes,No internet service,No internet service,No internet service,Month-to-month,No,Electronic check,102.36,446.02,1
CUST-15580,Female,0,No,Yes,25,Yes,No,No,Yes,No,Yes,No,No,No internet service,Month-to-month,Yes,Electronic check,56.32,1457.82,0
CUST-15581,Female,0,Yes,No,59,Yes,No phone service,No,No internet service,No internet service,Yes,No,No,No,Month-to-month,No,Electronic check,46.18,2784.04,0
CUST-15582,Female,0,Yes,Yes,11,No,No,DSL,No internet service,No,No internet service,Yes,No internet service,No,Month-to-month,Yes,Electronic check,59.85,637.12,1
CUST-15583,Male,0,No,Yes,0,Yes,No,No,No,No internet service,No,Yes,No,Yes,Two year,Yes,Credit card (automatic),35.84,0.0,0
CUST-15584,Male,1,No,No,38,Yes,Yes,Fiber optic,No,No,No internet service,No,No internet service,No,Month-to-month,No,Bank transfer (automatic),61.08,2340.85,1
CUST-15585,Female,0,Yes,Yes,40,Yes,No phone service,Fiber optic,No internet service,No,Yes,Yes,Yes,Yes,Two year,No,Credit card (automatic),67.53,2702.04,0
CUST-15586,Male,0,No,Yes,41,Yes,Yes,No,Yes,No internet service,No,No,Yes,Yes,Month-to-month,Yes,Electronic check,31.24,1274.02,0
CUST-15587,Female,0,Yes,No,0,Yes,No,DSL,Yes,Yes,No,No internet service,No internet service,No,Month-to-month,Yes,Electronic check,63.89,118.51,1
CUST-15588,Female,0,No,Yes,14,Yes,No phone service,Fiber optic,No,No,No,Yes,No internet service,No internet service,Two year,No,Electronic check,116.44,1660.27,0
CUST-15589,Female,0,Yes,Yes,25,Yes,No,DSL,No,No,No internet service,No internet service,Yes,Yes,Two year,No,Credit card (automatic),86.93,2121.87,0
CUST-15590,Male,0,No,No,53,Yes,No,No,No internet service,No internet service,No internet service,No,No internet service,Yes,Month-to-month,No,Electronic check,31.61,1689.74,1
CUST-15591,Female,0,No,No,47,Yes,Yes,DSL,No internet service,No,No internet service,Yes,No,No,Month-to-month,No,Bank transfer (automatic),43.12,2050.32,1
CUST-15592,Female,1,No,No,59,Yes,No,Fiber optic,No internet service,No,Yes,Yes,Yes,Yes,Month-to-month,Yes,Mailed check,71.65,4192.27,1
CUST-15593,Female,0,No,No,39,Yes,Yes,DSL,No,Yes,No,Yes,Yes,Yes,Month-to-month,No,Mailed check,103.91,4092.08,1
CUST-15594,Female,0,Yes,No,29,Yes,Yes,Fiber optic,No internet service,No internet service,No internet service,No,No,No,Month-to-month,No,Bank transfer (automatic),103.28,2938.35,0
CUST-15595,Male,0,No,No,40,Yes,Yes,Fiber optic,No,No,No,Yes,Yes,Yes,Month-to-month,Yes,Electronic check,86.39,3415.44,1
CUST-15596,Female,0,Yes,No,28,Yes,No,Fiber optic,No,No,No,No,No,Yes,Month-to-month,No,Credit card (automatic),89.66,2495.41,0
CUST-15597,Female,0,Yes,No,11,No,No phone service,DSL,No,Yes,No,No,No internet service,No internet service,Month-to-month,No,Electronic check,97.9,1056.33,1
CUST-15598,Female,0,No,No,42,Yes,No,DSL,No internet service,No,No,No,No,No,Month-to-month,Yes,Electronic check,74.55,3137.2,1
CUST-15599,Female,0,No,No,21,Yes,No,DSL,Yes,No,Yes,Yes,No internet service,No,Month-to-month,No,Bank transfer (automatic),118.75,2456.39,0
CUST-15600,Male,0,No,No,19,Yes,No,DSL,No,No,Yes,No internet service,No,Yes,Month-to-month,Yes,Credit card (automatic),76.64,1476.22,1
CUST-15601,Female,0,No,No,51,Yes,Yes,DSL,No,No,Yes,Yes,No,No,Month-to-month,No,Electronic check,56.37,2891.43,0
CUST-15602,Male,0,No,Yes,4,Yes,No,Fiber optic,No,No,No,No,No,Yes,Month-to-month,Yes,Mailed check,49.59,37.53,1
CUST-15603,Male,1,No,No,1,Yes,Yes,Fiber optic,No,Yes,Yes,No,No,No internet service,One year,Yes,Electronic check,98.84,165.65,1
CUST-15604,Female,0,No,No,25,Yes,No,No,No,No internet service,No internet service,No internet service,No internet service,No,Month-to-month,No,Electronic check,45.81,1170.11,0
CUST-15605,Male,0,No,No,43,Yes,No phone service,Fiber optic,No,No,No,No,Yes,No,One year,No,Electronic check,71.25,3055.08,0
CUST-15606,Male,0,Yes,No,61,Yes,Yes,DSL,No,Yes,Yes,No internet service,Yes,Yes,Two year,No,Credit card (automatic),88.83,5377.47,0
CUST-15607,Female,0,No,Yes,37,Yes,Yes,No,Yes,Yes,No,Yes,No,No,Two year,Yes,Credit card (automatic),55.4,2084.62,0
CUST-15608,Female,0,No,Yes,18,Yes,Yes,DSL,No,No internet service,Yes,No,No internet service,Yes,Month-to-month,No,Credit card (automatic),65.81,1152.97,1
CUST-15609,Male,0,No,No,25,Yes,No,No,Yes,No internet service,No,No,No,Yes,Two year,Yes,Credit card (automatic),56.12,1381.31,0
CUST-15610,Male,0,Yes,No,27,Yes,Yes,Fiber optic,No internet service,No internet service,No internet service,No internet service,No,Yes,Two year,Yes,Bank transfer (automatic),87.25,2340.84,0
CUST-15611,Male,0,Yes,No,24,Yes,No,DSL,No internet service,No internet service,No,No,No internet service,Yes,Month-to-month,No,Mailed check,93.48,2224.4,1
CUST-15612,Female,0,Yes,Yes,48,Yes,Yes,No,Yes,No,Yes,No,Yes,Yes,Two year,No,Electronic check,51.81,2473.9,0
CUST-15613,Male,0,Yes,Yes,58,Yes,No,Fiber optic,Yes,No,No,No internet service,Yes,No,Two year,Yes,Bank transfer (automatic),82.35,4693.53,0
CUST-15614,Female,0,No,No,51,Yes,No,No,Yes,No internet service,No,No,No,Yes,One year,Yes,Bank transfer (automatic),74.92,3841.74,0
CUST-15615,Female,0,Yes,Yes,27,Yes,Yes,Fiber optic,No,No,No,No,No,No internet service,One year,No,Mailed check,68.63,1811.75,0
CUST-15616,Female,0,Yes,No,20,Yes,No,Fiber optic,Yes,No,No,No,Yes,No,Two year,No,Bank transfer (automatic),61.84,1229.29,0
CUST-15617,Male,0,No,No,5,Yes,Yes,Fiber optic,No,No,Yes,Yes,No,No,Month-to-month,Yes,Bank transfer (automatic),78.03,365.49,1
CUST-15618,Female,0,Yes,No,58,Yes,Yes,Fiber optic,No,Yes,No internet service,No,No,No,Two year,Yes,Mailed check,54.31,3148.73,0
CUST-15619,Male,0,Yes,No,70,Yes,No,No,No,Yes,No,No,Yes,No,Two year,No,Electronic check,19.27,1339.86,0
CUST-15620,Male,1,No,No,4,Yes,Yes,DSL,No,Yes,No,No,No,Yes,Month-to-month,Yes,Electronic check,70.23,259.81,1
CUST-15621,Male,0,No,No,9,Yes,No phone service,Fiber optic,No,Yes,Yes,No internet service,Yes,No,Month-to-month,No,Electronic check,91.19,827.67,1
CUST-15622,Male,0,No,No,15,Yes,No,DSL,No,No,Yes,No,Yes,Yes,Month-to-month,Yes,Electronic check,69.72,1089.78,1
CUST-15623,Female,0,No,No,58,Yes,No,Fiber optic,No,Yes,No,No,No internet service,No,Two year,No,Mailed check,100.07,5819.46,1
CUST-15624,Male,0,No,No,15,Yes,Yes,DSL,No,Yes,No,Yes,Yes,Yes,One year,Yes,Electronic check,65.65,1037.74,0
CUST-15625,Female,0,Yes,Yes,1,Yes,No,Fiber optic,No,Yes,No internet service,No internet service,No,Yes,Month-to-month,Yes,Electronic check,52.04,113.5,1
CUST-15626,Male,0,No,Yes,24,Yes,No,Fiber optic,Yes,No,Yes,No internet service,No,No,Month-to-month,No,Mailed check,104.94,2495.9,1
CUST-15627,Male,1,No,No,26,Yes,Yes,Fiber optic,Yes,No internet service,No internet service,No,Yes,No internet service,One year,Yes,Electronic check,88.34,2377.98,1
CUST-15628,Male,0,No,No,28,Yes,No,No,No,No,Yes,Yes,No,Yes,Month-to-month,Yes,Bank transfer (automatic),63.94,1770.48,1
CUST-15629,Male,1,Yes,No,37,Yes,No,DSL,No,No,No internet service,No,Yes,No,Two year,No,Mailed check,87.51,3173.25,0
CUST-15630,Male,0,Yes,No,17,Yes,No phone service,Fiber optic,No,No,Yes,Yes,No,No internet service,Month-to-month,Yes,Electronic check,111.65,1908.92,1
CUST-15631,Female,0,Yes,No,2,Yes,No phone service,Fiber optic,No internet service,No,No,Yes,Yes,No internet service,One year,Yes,Electronic check,72.28,172.73,1
CUST-15632,Female,0,No,No,7,Yes,Yes,Fiber optic,Yes,No internet service,No,No,No internet service,Yes,Two year,Yes,Electronic check,66.24,562.02,0
CUST-15633,Male,0,No,No,53,Yes,No,Fiber optic,No,No,No,Yes,No internet service,Yes,One year,No,Electronic check,88.2,4717.28,1
CUST-15634,Female,0,Yes,Yes,48,Yes,No phone service,DSL,No,No,No internet service,No internet service,No internet service,Yes,Month-to-month,Yes,Electronic check,72.01,3520.54,1
CUST-15635,Female,0,No,No,19,Yes,No,Fiber optic,No,No internet service,No internet service,No,No internet service,No,One year,No,Electronic check,114.96,2247.15,0
CUST-15636,Male,0,No,Yes,68,Yes,Yes,DSL,No,No,Yes,No,No,No internet service,Two year,No,Electronic check,85.23,5766.42,0
CUST-15637,Male,0,No,Yes,39,Yes,Yes,DSL,No,No,Yes,No,Yes,Yes,Two year,No,Bank transfer (automatic),77.96,3067.13,0
CUST-15638,Male,0,Yes,Yes,58,Yes,Yes,No,No,No,Yes,No,Yes,No,Month-to-month,Yes,Electronic check,25.71,1460.27,0
CUST-15639,Female,0,No,No,57,Yes,Yes,No,Yes,Yes,Yes,No internet service,Yes,No,Month-to-month,Yes,Electronic check,35.89,2051.09,0
CUST-15640,Female,0,No,No,21,Yes,No phone service,Fiber optic,Yes,No,No,No,No internet service,Yes,Two year,No,Mailed check,57.7,1215.15,0
CUST-15641,Male,1,No,No,43,Yes,No phone service,DSL,No,No,Yes,Yes,No,Yes,Month-to-month,Yes,Electronic check,58.65,2538.89,1
CUST-15642,Female,0,No,No,43,Yes,No phone service,Fiber optic,No internet service,No,No,No,Yes,Yes,Month-to-month,Yes,Mailed check,93.67,4109.49,0
CUST-15643,Female,0,No,No,33,Yes,Yes,Fiber optic,Yes,Yes,Yes,No,Yes,No,Month-to-month,Yes,Credit card (automatic),99.03,3335.21,1
CUST-15644,Female,0,Yes,No,46,Yes,No,Fiber optic,Yes,No,No internet service,No,Yes,Yes,Two year,Yes,Electronic check,102.84,4731.16,0
CUST-15645,Male,0,No,Yes,24,No,No,No,No,No internet service,Yes,Yes,No internet service,Yes,Month-to-month,Yes,Credit card (automatic),65.3,1549.51,0
CUST-15646,Female,0,Yes,No,7,Yes,No,Fiber optic,No internet service,No,No,No,Yes,No internet service,Month-to-month,No,Electronic check,101.39,770.68,1
CUST-15647,Female,0,No,No,3,Yes,No,Fiber optic,Yes,No internet service,No,Yes,No internet service,Yes,Two year,No,Mailed check,77.99,245.97,0
CUST-15648,Female,0,No,No,32,Yes,No phone service,DSL,No,Yes,No,No internet service,No,Yes,Month-to-month,Yes,Electronic check,59.73,1977.84,0
CUST-15649,Female,0,No,Yes,66,Yes,No,Fiber optic,Yes,No,No,No,No internet service,No,Two year,Yes,Bank transfer (automatic),116.0,7539.69,0
CUST-15650,Female,0,No,Yes,15,Yes,No,Fiber optic,Yes,Yes,Yes,No,No,No internet service,Month-to-month,No,Credit card (automatic),82.2,1234.91,1
CUST-15651,Female,1,Yes,No,43,Yes,Yes,Fiber optic,No internet service,No,No,No,Yes,No,Month-to-month,No,Bank transfer (automatic),83.1,3637.88,1
CUST-15652,Male,1,Yes,No,11,No,Yes,Fiber optic,No,No internet service,Yes,No internet service,Yes,No,Month-to-month,Yes,Mailed check,87.66,903.81,1
CUST-15653,Male,0,No,No,46,Yes,No,DSL,No,No,Yes,Yes,No internet service,Yes,Two year,No,Bank transfer (automatic),45.18,2004.47,0
CUST-15654,Male,0,Yes,No,13,No,No,No,Yes,No,No internet service,No,No,Yes,One year,No,Electronic check,46.34,530.83,0
CUST-15655,Male,0,Yes,No,32,Yes,No,No,No,No internet service,Yes,No,No,No internet service,Two year,No,Bank transfer (automatic),18.73,605.9,0
CUST-15656,Female,0,No,No,59,Yes,Yes,Fiber optic,Yes,No,Yes,No,No,No internet service,Month-to-month,No,Electronic check,102.58,6018.46,1
CUST-15657,Female,0,Yes,No,27,Yes,Yes,DSL,No,No,Yes,No,Yes,Yes,Month-to-month,Yes,Credit card (automatic),66.16,1806.35,0
CUST-15658,Female,0,Yes,Yes,68,Yes,No,DSL,No,Yes,No,No internet service,No,No internet service,Month-to-month,Yes,Credit card (automatic),63.35,4356.55,0
CUST-15659,Female,0,Yes,No,3,Yes,No,DSL,No,No,No,No,No internet service,Yes,Month-to-month,Yes,Mailed check,36.64,77.6,1
CUST-15660,Male,0,No,No,6,Yes,No,Fiber optic,No,No,Yes,No internet service,Yes,Yes,Month-to-month,No,Electronic check,96.42,605.02,1
CUST-15661,Male,0,Yes,No,12,Yes,No,DSL,Yes,No,No,No,Yes,No,Two year,Yes,Electronic check,118.75,1429.44,0
CUST-15662,Female,1,No,No,17,Yes,No,No,No,Yes,No internet service,No,Yes,No,One year,Yes,Credit card (automatic),38.57,555.06,1
CUST-15663,Male,1,No,Yes,31,Yes,No,Fiber optic,No internet service,Yes,No internet service,No,No internet service,Yes,Month-to-month,No,Mailed check,89.03,2711.98,0
CUST-15664,Female,0,Yes,No,66,Yes,Yes,Fiber optic,No internet service,Yes,No internet service,No,No,No,Month-to-month,No,Mailed check,118.75,7863.64,1
CUST-15665,Male,0,No,No,17,Yes,No,No,Yes,No internet service,Yes,No internet service,No,No,Month-to-month,Yes,Bank transfer (automatic),97.4,1686.08,1
CUST-15666,Male,0,Yes,No,26,Yes,No,Fiber optic,Yes,No internet service,Yes,No,Yes,No,One year,Yes,Electronic check,65.82,1641.32,0
CUST-15667,Female,0,No,No,3,Yes,No,Fiber optic,No,No,No,No,No,Yes,Month-to-month,Yes,Bank transfer (automatic),114.22,336.05,1
CUST-15668,Female,0,Yes,No,52,Yes,No,No,No,No internet service,No,No,Yes,No internet service,Month-to-month,No,Mailed check,18.25,841.45,1
CUST-15669,Female,1,Yes,No,39,No,Yes,Fiber optic,No internet service,Yes,No,Yes,No,No internet service,Two year,Yes,Credit card (automatic),27.03,1052.89,0
CUST-15670,Male,0,Yes,No,3,Yes,Yes,Fiber optic,No,No internet service,No internet service,No,Yes,No internet service,Month-to-month,Yes,Credit card (automatic),54.23,192.71,1
CUST-15671,Female,0,Yes,Yes,33,Yes,No,Fiber optic,No,Yes,No,Yes,No internet service,No,Month-to-month,No,Mailed check,82.58,2646.58,0
CUST-15672,Female,1,No,No,15,Yes,No,Fiber optic,Yes,Yes,No,No,No,No internet service,Month-to-month,Yes,Mailed check,50.06,700.3,1
CUST-15673,Female,0,Yes,Yes,30,Yes,Yes,Fiber optic,No internet service,Yes,No,No internet service,Yes,No internet service,Month-to-month,Yes,Electronic check,116.2,3418.71,1
CUST-15674,Male,0,No,No,20,Yes,No,Fiber optic,Yes,No,Yes,Yes,Yes,No,Month-to-month,Yes,Electronic check,90.84,1825.7,1
CUST-15675,Male,0,Yes,No,57,Yes,Yes,DSL,No internet service,No,No,No,Yes,No,Month-to-month,No,Bank transfer (automatic),87.39,5019.43,0
CUST-15676,Female,0,No,No,4,Yes,No,No,No internet service,Yes,Yes,No internet service,Yes,No,Month-to-month,Yes,Bank transfer (automatic),43.07,255.17,0
CUST-15677,Male,0,No,No,43,Yes,No,Fiber optic,Yes,No,No,Yes,No internet service,Yes,One year,Yes,Electronic check,78.15,3284.63,0
CUST-15678,Female,0,Yes,No,57,Yes,No,No,No,No,No internet service,No,No internet service,Yes,Two year,Yes,Credit card (automatic),48.32,2752.32,0
CUST-15679,Male,0,No,No,0,Yes,Yes,DSL,No,No,No internet service,Yes,Yes,No internet service,Month-to-month,Yes,Electronic check,113.96,50.0,1
CUST-15680,Male,0,No,No,66,Yes,Yes,Fiber optic,Yes,Yes,No,No,Yes,No,Two year,Yes,Credit card (automatic),93.99,6218.1,0
CUST-15681,Female,0,No,No,55,Yes,Yes,No,No,Yes,Yes,No,Yes,Yes,Month-to-month,Yes,Mailed check,53.24,2859.08,0
CUST-15682,Male,0,No,No,20,Yes,Yes,Fiber optic,No internet service,No,Yes,No,No,No internet service,Month-to-month,No,Electronic check,68.95,1369.8,1
CUST-15683,Male,1,No,No,35,Yes,Yes,DSL,No,No,No internet service,No internet service,No,No internet service,Month-to-month,Yes,Bank transfer (automatic),54.93,1973.1,1
CUST-15684,Female,0,Yes,Yes,49,Yes,No,Fiber optic,Yes,No,Yes,No,No,No,Month-to-month,No,Credit card (automatic),76.45,3746.74,1
CUST-15685,Male,0,No,No,37,Yes,No,DSL,No,No,No,Yes,Yes,No internet service,One year,No,Credit card (automatic),87.31,3264.29,0
CUST-15686,Female,0,Yes,No,55,Yes,Yes,Fiber optic,No,No,Yes,No internet service,Yes,No internet service,One year,Yes,Bank transfer (automatic),96.51,5355.39,0
CUST-15687,Male,0,No,No,64,Yes,No,DSL,Yes,No,No internet service,Yes,No,Yes,Month-to-month,Yes,Credit card (automatic),35.48,2200.22,0
CUST-15688,Female,0,No,No,26,Yes,Yes,DSL,Yes,No internet service,Yes,No,Yes,No,One year,No,Mailed check,83.96,2141.68,0
CUST-15689,Male,0,No,No,7,Yes,No phone service,DSL,Yes,No internet service,No,No,No,Yes,Month-to-month,No,Credit card (automatic),89.39,590.31,0
CUST-15690,Male,0,No,No,31,Yes,No,Fiber optic,No,No,No,Yes,Yes,No,Month-to-month,Yes,Mailed check,101.79,3150.11,1
CUST-15691,Female,0,Yes,Yes,43,Yes,No,Fiber optic,No,Yes,No,Yes,Yes,Yes,Month-to-month,Yes,Electronic check,101.4,4356.48,1
CUST-15692,Female,0,No,Yes,56,Yes,Yes,DSL,No,No internet service,No,No internet service,No,Yes,One year,No,Credit card (automatic),86.91,4911.63,0
CUST-15693,Male,0,Yes,No,20,Yes,No,Fiber optic,Yes,Yes,Yes,Yes,No,No internet service,Month-to-month,No,Electronic check,97.34,1908.22,1
CUST-15694,Female,0,No,No,67,Yes,No,Fiber optic,No internet service,No internet service,Yes,No internet service,No internet service,Yes,Two year,Yes,Electronic check,63.3,4315.17,0
CUST-15695,Male,0,No,No,2,Yes,No phone service,No,No,No,Yes,No,Yes,No internet service,Month-to-month,Yes,Electronic check,69.36,209.61,1
CUST-15696,Male,0,Yes,No,42,Yes,Yes,No,Yes,No,No internet service,No,Yes,Yes,Two year,No,Mailed check,84.44,3591.27,0
CUST-15697,Female,0,No,No,31,Yes,No,No,No internet service,No,Yes,No,No,Yes,Month-to-month,No,Electronic check,75.32,2420.28,1
CUST-15698,Female,0,Yes,No,50,Yes,No,No,No,No,No,No internet service,Yes,Yes,Two year,Yes,Bank transfer (automatic),55.48,2765.11,1
CUST-15699,Male,0,No,No,20,Yes,No,Fiber optic,No,Yes,Yes,Yes,Yes,No internet service,Month-to-month,Yes,Bank transfer (automatic),88.52,1696.11,1
CUST-15700,Female,0,No,No,68,Yes,No,DSL,Yes,Yes,No,No,Yes,No,Month-to-month,Yes,Bank transfer (automatic),62.45,4182.26,0
CUST-15701,Male,0,No,No,0,Yes,No phone service,No,Yes,Yes,Yes,No internet service,No,No,Month-to-month,No,Credit card (automatic),18.25,9.63,1
CUST-15702,Male,0,No,No,59,Yes,Yes,Fiber optic,No,Yes,No internet service,Yes,No,No internet service,Month-to-month,Yes,Bank transfer (automatic),109.34,6431.58,1
CUST-15703,Male,0,Yes,No,35,Yes,Yes,DSL,No internet service,No,No internet service,No,Yes,No,One year,Yes,Electronic check,45.35,1550.69,1
CUST-15704,Male,0,Yes,No,37,Yes,No phone service,DSL,No,No internet service,No,No internet service,No,No internet service,Two year,Yes,Electronic check,67.82,2549.97,0
CUST-15705,Female,0,Yes,No,22,Yes,Yes,Fiber optic,Yes,Yes,No internet service,No internet service,No,Yes,Month-to-month,No,Bank transfer (automatic),82.39,1805.94,1
CUST-15706,Male,0,Yes,No,28,No,No,DSL,No,No,Yes,No internet service,Yes,Yes,Month-to-month,Yes,Mailed check,100.13,2737.53,1
CUST-15707,Male,0,Yes,Yes,31,Yes,Yes,No,No,Yes,No,Yes,No,No internet service,Month-to-month,No,Mailed check,63.29,1902.56,0
CUST-15708,Female,0,No,No,22,Yes,Yes,DSL,Yes,No,Yes,No,No internet service,No internet service,Two year,Yes,Electronic check,62.71,1429.57,0
CUST-15709,Female,0,No,No,0,Yes,Yes,DSL,No internet service,No,No,No,Yes,No,Month-to-month,No,Mailed check,72.73,0.0,1
CUST-15710,Male,0,Yes,No,29,Yes,No,DSL,No,No,No,No,No,Yes,Month-to-month,Yes,Mailed check,70.84,1988.1,1
CUST-15711,Female,0,No,No,29,No,Yes,Fiber optic,No,Yes,No,No,No,No internet service,Month-to-month,No,Bank transfer (automatic),102.48,3029.68,1
CUST-15712,Male,0,No,No,52,Yes,Yes,Fiber optic,Yes,Yes,No internet service,No internet service,No,Yes,Month-to-month,Yes,Bank transfer (automatic),69.79,3666.79,1
CUST-15713,Female,0,Yes,No,34,Yes,Yes,Fiber optic,Yes,Yes,No internet service,No,No internet service,No,Month-to-month,Yes,Mailed check,95.89,3333.58,1
CUST-15714,Female,0,No,No,40,Yes,Yes,DSL,No,No internet service,Yes,No,No,No internet service,Two year,Yes,Electronic check,70.94,2879.1,1
CUST-15715,Male,0,Yes,Yes,34,Yes,Yes,No,No,No,No,No,No,No,Month-to-month,Yes,Mailed check,99.01,3396.39,0
CUST-15716,Male,0,No,No,30,Yes,No phone service,Fiber optic,No,No,No internet service,No,Yes,No internet service,Two year,Yes,Credit card (automatic),74.21,2238.85,1
CUST-15717,Female,0,No,No,52,Yes,No,DSL,No,Yes,No,No,No,No,One year,Yes,Credit card (automatic),99.48,5186.46,0
CUST-15718,Male,0,Yes,No,49,Yes,Yes,DSL,No,No,No,No,Yes,No internet service,Month-to-month,Yes,Credit card (automatic),66.54,3314.57,0
CUST-15719,Male,0,Yes,Yes,72,Yes,Yes,Fiber optic,No,No,No,No,Yes,Yes,Month-to-month,Yes,Credit card (automatic),88.19,6306.57,0
CUST-15720,Female,0,No,Yes,36,Yes,Yes,Fiber optic,Yes,Yes,Yes,No,No,No,Month-to-month,Yes,Bank transfer (automatic),117.13,4203.39,0
CUST-15721,Male,0,Yes,No,2,No,Yes,Fiber optic,No,No,No,No,Yes,No,Month-to-month,No,Mailed check,101.0,148.14,1
CUST-15722,Female,0,No,Yes,42,Yes,Yes,DSL,No,Yes,No,Yes,Yes,No,Two year,Yes,Electronic check,72.82,3069.27,0
CUST-15723,Female,0,No,Yes,28,Yes,No phone service,No,No,Yes,Yes,No,No internet service,No,Month-to-month,No,Credit card (automatic),42.97,1237.4,1
CUST-15724,Male,0,Yes,No,6,Yes,Yes,DSL,No,No,No internet service,No internet service,No internet service,No internet service,Month-to-month,Yes,Electronic check,102.86,641.31,1
CUST-15725,Male,1,No,No,62,Yes,Yes,DSL,No internet service,No internet service,Yes,No,Yes,Yes,Two year,Yes,Bank transfer (automatic),67.9,4159.66,0
CUST-15726,Female,1,No,No,46,Yes,No,Fiber optic,Yes,Yes,No internet service,No,Yes,Yes,Month-to-month,No,Mailed check,82.86,3867.97,1
CUST-15727,Male,0,Yes,No,45,Yes,Yes,Fiber optic,No internet service,Yes,No,No,Yes,No,Month-to-month,Yes,Bank transfer (automatic),76.44,3408.56,1
CUST-15728,Male,0,No,No,46,Yes,No,No,No internet service,Yes,Yes,No,Yes,No internet service,Month-to-month,Yes,Mailed check,86.2,3952.12,0
CUST-15729,Male,0,No,No,71,Yes,No,Fiber optic,No,No internet service,Yes,No internet service,Yes,No internet service,Two year,No,Mailed check,64.89,4656.14,0
CUST-15730,Female,0,No,No,50,Yes,Yes,DSL,Yes,Yes,No internet service,No internet service,No,No internet service,Month-to-month,Yes,Bank transfer (automatic),80.77,4041.5,0
CUST-15731,Male,0,Yes,Yes,52,Yes,No,No,No,No internet service,Yes,No internet service,Yes,No,Two year,No,Mailed check,56.72,2938.26,0
CUST-15732,Female,0,Yes,No,54,Yes,Yes,Fiber optic,Yes,Yes,Yes,No,No,Yes,One year,No,Credit card (automatic),66.06,3692.92,0
CUST-15733,Male,0,No,No,52,No,Yes,Fiber optic,No internet service,Yes,No,Yes,No internet service,No,Month-to-month,Yes,Electronic check,84.6,4415.48,1
CUST-15734,Female,0,No,Yes,51,Yes,No,DSL,Yes,No,No internet service,No,Yes,No,Month-to-month,Yes,Credit card (automatic),67.57,3448.13,0
CUST-15735,Female,0,Yes,No,5,Yes,No,DSL,No,No,No,No,No,No,Month-to-month,No,Credit card (automatic),62.94,302.2,1
CUST-15736,Male,0,No,No,29,No,Yes,No,No,No,No,Yes,Yes,No internet service,Month-to-month,No,Credit card (automatic),52.13,1492.87,1
CUST-15737,Female,0,No,No,20,Yes,Yes,No,Yes,No,No,No internet service,No,No internet service,One year,No,Mailed check,56.28,1128.77,1
CUST-15738,Male,0,Yes,No,65,Yes,No,No,No,No internet service,No,No internet service,Yes,No internet service,Two year,Yes,Mailed check,44.26,2838.33,0
CUST-15739,Male,0,No,No,42,Yes,No,No,No,No,Yes,No,No,Yes,One year,No,Mailed check,90.16,3746.22,0
CUST-15740,Female,0,No,No,37,Yes,No,Fiber optic,Yes,No internet service,No,No,No,Yes,Two year,Yes,Electronic check,76.86,2823.68,0
CUST-15741,Female,0,No,No,38,Yes,No,Fiber optic,Yes,No internet service,No,No,No internet service,Yes,Two year,Yes,Credit card (automatic),95.21,3652.88,1
CUST-15742,Female,0,No,Yes,49,Yes,No,DSL,No,No,Yes,No internet service,Yes,Yes,Two year,Yes,Electronic check,77.45,3845.91,0
CUST-15743,Male,0,No,Yes,55,No,No,No,No,No,Yes,No,Yes,No,Two year,No,Electronic check,62.2,3332.74,0
CUST-15744,Male,0,No,Yes,14,Yes,Yes,Fiber optic,No,No,No,Yes,Yes,No,Month-to-month,No,Bank transfer (automatic),94.26,1334.3,1
CUST-15745,Male,0,No,No,72,Yes,Yes,Fiber optic,No,No,Yes,No internet service,Yes,No,Month-to-month,No,Electronic check,73.28,5267.86,0
CUST-15746,Male,0,Yes,Yes,55,No,No,Fiber optic,No,No,No,No internet service,No,No,Month-to-month,No,Bank transfer (automatic),103.05,5795.6,0
CUST-15747,Male,1,Yes,Yes,15,Yes,No,DSL,No,No,No,No,No internet service,Yes,Two year,Yes,Credit card (automatic),75.44,1119.19,0
CUST-15748,Female,0,No,No,44,No,No,No,Yes,No,Yes,No,No,No internet service,Month-to-month,No,Electronic check,69.65,3007.94,1
CUST-15749,Male,0,No,No,31,No,No,No,No,Yes,No internet service,No,No,Yes,Month-to-month,Yes,Electronic check,65.73,2076.1,0
CUST-15750,Female,0,Yes,No,27,No,No,Fiber optic,No,No internet service,No internet service,No internet service,No,Yes,Month-to-month,Yes,Mailed check,102.09,2793.29,1
CUST-15751,Male,0,Yes,No,63,Yes,Yes,DSL,No,Yes,No,No,Yes,No internet service,Month-to-month,No,Electronic check,93.71,5892.59,1
CUST-15752,Male,0,Yes,Yes,20,Yes,No,No,Yes,Yes,No,No,No internet service,No internet service,Two year,Yes,Bank transfer (automatic),38.75,797.39,0
CUST-15753,Male,0,No,No,61,Yes,No phone service,Fiber optic,No,Yes,No,No,No internet service,Yes,Two year,No,Credit card (automatic),91.91,5663.14,0
CUST-15754,Male,0,No,No,46,Yes,No,Fiber optic,Yes,No,Yes,No internet service,Yes,Yes,Month-to-month,Yes,Mailed check,112.29,5230.04,1
CUST-15755,Male,0,No,No,59,Yes,No,No,Yes,Yes,No,Yes,Yes,No,Two year,Yes,Electronic check,54.77,3258.88,0
CUST-15756,Male,0,Yes,No,54,Yes,No phone service,Fiber optic,No internet service,No internet service,Yes,No,No,No,One year,Yes,Bank transfer (automatic),74.67,3999.69,0
CUST-15757,Female,0,No,No,45,Yes,Yes,Fiber optic,No internet service,No,No internet service,Yes,No internet service,No internet service,Month-to-month,Yes,Electronic check,69.3,3054.17,1
CUST-15758,Female,0,Yes,Yes,13,Yes,No,Fiber optic,No internet service,No internet service,No,Yes,No,Yes,Month-to-month,Yes,Electronic check,105.51,1338.87,1
CUST-15759,Male,0,Yes,Yes,72,No,No,Fiber optic,No,Yes,No,No,Yes,No internet service,Month-to-month,No,Credit card (automatic),78.99,5736.0,0
CUST-15760,Male,0,Yes,Yes,46,Yes,No,DSL,Yes,No,Yes,No,Yes,Yes,Month-to-month,Yes,Credit card (automatic),74.0,3431.82,1
CUST-15761,Male,0,No,No,26,Yes,No,DSL,No internet service,No,No,No internet service,No,Yes,One year,Yes,Bank transfer (automatic),103.22,2592.57,1
CUST-15762,Male,0,No,Yes,18,Yes,Yes,Fiber optic,No,Yes,Yes,No,No internet service,No,Month-to-month,No,Bank transfer (automatic),73.22,1219.81,1
CUST-15763,Male,0,Yes,No,8,Yes,Yes,DSL,No internet service,No,No,No internet service,No,No internet service,Two year,Yes,Bank transfer (automatic),98.71,660.86,1
CUST-15764,Male,0,Yes,Yes,23,Yes,Yes,No,No,No,No,No,No internet service,No,One year,No,Bank transfer (automatic),30.0,713.21,0
CUST-15765,Female,0,No,No,9,Yes,Yes,Fiber optic,No,No,No,Yes,Yes,Yes,Month-to-month,Yes,Mailed check,113.99,1008.15,1
CUST-15766,Male,0,Yes,No,64,Yes,Yes,Fiber optic,Yes,No internet service,No,No,Yes,No,Month-to-month,Yes,Electronic check,93.44,5961.68,1
CUST-15767,Male,1,No,Yes,31,Yes,Yes,DSL,Yes,No,Yes,Yes,No internet service,No,Month-to-month,Yes,Electronic check,40.85,1263.74,0
CUST-15768,Male,0,Yes,Yes,45,Yes,Yes,Fiber optic,No,Yes,No,No,Yes,No internet service,Two year,Yes,Electronic check,65.66,2933.21,0
CUST-15769,Female,0,Yes,No,58,Yes,No,Fiber optic,No internet service,No internet service,Yes,No,Yes,No,Month-to-month,No,Mailed check,72.82,4196.0,1
CUST-15770,Male,0,Yes,Yes,70,Yes,No,Fiber optic,No,No internet service,No internet service,Yes,No internet service,No,Two year,Yes,Electronic check,92.68,6558.89,0
CUST-15771,Male,1,No,Yes,33,Yes,No,DSL,Yes,No,No,No,No,No internet service,Two year,Yes,Mailed check,97.52,3258.85,0
CUST-15772,Male,0,Yes,No,3,Yes,Yes,Fiber optic,No,Yes,No,No,No,Yes,Two year,Yes,Bank transfer (automatic),97.79,340.39,1
CUST-15773,Male,0,Yes,No,44,Yes,No phone service,No,Yes,Yes,No internet service,No,Yes,Yes,One year,No,Bank transfer (automatic),32.79,1520.0,0
CUST-15774,Male,0,No,No,69,Yes,Yes,Fiber optic,No internet service,No,Yes,Yes,Yes,No,One year,No,Mailed check,118.75,8249.37,0
CUST-15775,Female,0,Yes,No,26,Yes,No,Fiber optic,Yes,Yes,No,No internet service,No internet service,No,Month-to-month,Yes,Bank transfer (automatic),88.77,2257.98,1
CUST-15776,Male,0,No,No,7,Yes,No,Fiber optic,Yes,Yes,No,No internet service,Yes,No internet service,Month-to-month,Yes,Mailed check,71.71,531.32,1
CUST-15777,Male,0,Yes,No,52,Yes,No,Fiber optic,No,No,No,Yes,No,Yes,Month-to-month,Yes,Credit card (automatic),87.69,4468.24,1
CUST-15778,Female,1,No,No,45,Yes,No,Fiber optic,No,No internet service,No,No,No,No,Two year,No,Bank transfer (automatic),90.2,4020.38,0
CUST-15779,Male,0,Yes,No,11,Yes,Yes,Fiber optic,No,No,No internet service,No,No,Yes,Month-to-month,Yes,Mailed check,72.93,851.06,1
CUST-15780,Male,0,No,No,0,Yes,No,DSL,No,No,No,No internet service,No internet service,No,Month-to-month,No,Electronic check,94.03,0.0,1
CUST-15781,Male,0,No,No,37,Yes,No,DSL,No internet service,No,No internet service,No,Yes,Yes,Month-to-month,Yes,Bank transfer (automatic),67.76,2529.53,1
CUST-15782,Female,1,No,No,10,Yes,No,Fiber optic,No,No internet service,No,No,Yes,No,Month-to-month,Yes,Mailed check,73.42,816.0,1
CUST-15783,Female,0,No,No,13,Yes,Yes,No,Yes,Yes,No internet service,Yes,No,No,Month-to-month,Yes,Electronic check,62.21,805.49,0
CUST-15784,Female,0,Yes,No,22,Yes,No phone service,Fiber optic,Yes,Yes,Yes,Yes,Yes,No,One year,No,Bank transfer (automatic),97.92,2140.98,0
CUST-15785,Female,0,Yes,No,34,Yes,No phone service,Fiber optic,No,Yes,Yes,No internet service,No internet service,Yes,One year,Yes,Mailed check,105.75,3581.34,1
CUST-15786,Female,0,No,Yes,59,Yes,No,No,No,Yes,No internet service,No,Yes,No,Month-to-month,Yes,Bank transfer (automatic),65.29,3832.83,0
CUST-15787,Female,0,No,No,31,Yes,No phone service,Fiber optic,No,Yes,No internet service,Yes,No,No,Month-to-month,No,Electronic check,76.79,2357.36,1
CUST-15788,Female,0,No,No,61,Yes,No,DSL,Yes,No,No,No,Yes,Yes,Month-to-month,No,Mailed check,72.69,4428.32,1
CUST-15789,Female,0,No,No,44,Yes,Yes,DSL,Yes,Yes,No,No,No,No,Month-to-month,Yes,Mailed check,30.04,1339.27,0
CUST-15790,Female,1,No,No,28,Yes,No,No,Yes,No internet service,Yes,No,Yes,No internet service,Two year,No,Credit card (automatic),52.71,1462.8,0
CUST-15791,Male,1,No,No,37,Yes,No,Fiber optic,No,Yes,Yes,No,Yes,No internet service,Month-to-month,No,Mailed check,94.8,3494.23,0
CUST-15792,Male,0,No,No,10,Yes,No,Fiber optic,No,No internet service,Yes,Yes,No internet service,No internet service,Month-to-month,Yes,Electronic check,85.96,863.34,1
CUST-15793,Female,0,No,No,71,Yes,Yes,Fiber optic,Yes,Yes,No internet service,No,No,No,Month-to-month,Yes,Credit card (automatic),70.82,4971.74,0
CUST-15794,Male,0,Yes,Yes,22,Yes,No,Fiber optic,No,Yes,Yes,No internet service,No,No internet service,One year,No,Credit card (automatic),111.13,2434.91,0
CUST-15795,Male,0,No,No,65,No,Yes,Fiber optic,No internet service,No,No,No,No internet service,No,One year,Yes,Mailed check,65.8,4310.3,0
CUST-15796,Female,0,No,No,47,Yes,No,Fiber optic,Yes,No internet service,No,No internet service,Yes,No,Month-to-month,No,Credit card (automatic),118.75,5522.84,1
CUST-15797,Female,0,Yes,Yes,21,Yes,No phone service,DSL,Yes,Yes,No,Yes,Yes,Yes,Month-to-month,No,Mailed check,44.61,961.81,0
CUST-15798,Female,0,No,No,35,Yes,Yes,DSL,No,No internet service,No,No internet service,No,No,Two year,No,Bank transfer (automatic),69.69,2474.66,0
CUST-15799,Male,0,No,No,8,Yes,No,Fiber optic,Yes,No,No,No,Yes,No,Month-to-month,Yes,Electronic check,44.4,445.72,1
CUST-15800,Male,0,Yes,Yes,44,Yes,Yes,DSL,Yes,No,Yes,No,No,No internet service,Month-to-month,Yes,Electronic check,59.87,2650.91,1
CUST-15801,Male,0,No,No,4,Yes,No,No,No internet service,No,No,No,No,No internet service,Month-to-month,Yes,Mailed check,54.82,182.23,1
CUST-15802,Male,0,Yes,No,46,Yes,No phone service,DSL,No,No,No,No,Yes,No,Month-to-month,Yes,Mailed check,81.29,3736.64,0
CUST-15803,Female,0,Yes,No,14,Yes,Yes,Fiber optic,No,Yes,No internet service,No internet service,No,No internet service,Month-to-month,Yes,Electronic check,85.18,1166.46,1
CUST-15804,Male,0,No,Yes,9,Yes,Yes,Fiber optic,No internet service,Yes,No,No internet service,No,Yes,Month-to-month,No,Electronic check,79.93,710.02,1
CUST-15805,Male,0,No,No,16,Yes,No phone service,Fiber optic,Yes,Yes,No,Yes,Yes,Yes,One year,Yes,Bank transfer (automatic),118.75,1834.74,0
CUST-15806,Male,0,No,No,6,Yes,Yes,DSL,No internet service,No,No internet service,No,No internet service,No,Two year,No,Mailed check,73.35,436.63,0
CUST-15807,Female,0,Yes,No,64,Yes,Yes,No,No internet service,Yes,Yes,Yes,Yes,No internet service,Two year,Yes,Electronic check,106.68,6891.51,0
CUST-15808,Male,1,No,Yes,68,Yes,No,Fiber optic,No,Yes,Yes,Yes,Yes,No internet service,Two year,Yes,Mailed check,118.75,8141.16,0
CUST-15809,Male,1,Yes,Yes,67,Yes,Yes,DSL,No internet service,Yes,Yes,No,No,No,Two year,Yes,Electronic check,61.61,4161.93,0
CUST-15810,Female,0,No,No,52,Yes,Yes,DSL,No internet service,No,No internet service,No,No,No,Month-to-month,Yes,Electronic check,65.28,3355.2,1
CUST-15811,Female,1,Yes,No,16,Yes,No,No,No,No,No,No,Yes,No,Month-to-month,No,Bank transfer (automatic),82.34,1343.84,1
CUST-15812,Male,0,No,Yes,55,No,No,Fiber optic,No,No,No,No internet service,No,No internet service,Month-to-month,Yes,Electronic check,62.18,3410.78,0
CUST-15813,Female,1,Yes,No,55,Yes,Yes,Fiber optic,No,No internet service,No,No,No,No internet service,Two year,No,Mailed check,118.03,6477.08,0
CUST-15814,Female,1,Yes,No,17,Yes,No,DSL,No,No internet service,No,Yes,Yes,Yes,One year,No,Electronic check,72.74,1296.42,1
CUST-15815,Male,0,Yes,No,61,Yes,Yes,Fiber optic,No,Yes,No,No,No internet service,Yes,One year,Yes,Credit card (automatic),40.35,2446.16,0
CUST-15816,Male,1,No,No,72,Yes,No,DSL,Yes,No,Yes,Yes,Yes,Yes,Month-to-month,Yes,Electronic check,52.34,3751.32,0
CUST-15817,Female,0,No,No,27,Yes,No phone service,DSL,Yes,No,No,No,Yes,No internet service,Two year,Yes,Mailed check,70.21,1919.81,0
CUST-15818,Male,0,No,No,42,Yes,No,Fiber optic,Yes,Yes,No,No,Yes,No,Month-to-month,No,Bank transfer (automatic),79.68,3279.41,0
CUST-15819,Female,1,Yes,No,63,Yes,No,No,No,Yes,No,Yes,No internet service,Yes,One year,Yes,Credit card (automatic),35.61,2235.21,1
CUST-15820,Female,0,Yes,No,19,Yes,No,Fiber optic,Yes,No internet service,Yes,No,Yes,No,Two year,No,Electronic check,60.37,1211.27,0
CUST-15821,Female,0,No,Yes,72,Yes,No,DSL,Yes,No,Yes,No,No,No,Month-to-month,Yes,Bank transfer (automatic),74.29,5424.05,0
CUST-15822,Female,0,Yes,No,22,Yes,No,Fiber optic,No internet service,No,Yes,Yes,Yes,No,Month-to-month,No,Electronic check,118.75,2568.95,1
CUST-15823,Male,0,No,No,70,Yes,Yes,No,No,No,No internet service,No,No internet service,No,Two year,No,Bank transfer (automatic),80.06,5555.59,0
CUST-15824,Female,1,No,No,17,Yes,Yes,Fiber optic,No internet service,No internet service,Yes,No,No internet service,No,Month-to-month,Yes,Electronic check,114.15,1911.93,1
CUST-15825,Female,1,No,Yes,54,Yes,Yes,DSL,Yes,No internet service,No,No,Yes,Yes,Month-to-month,No,Electronic check,71.46,3696.09,0
CUST-15826,Male,0,No,No,38,Yes,No phone service,Fiber optic,No,No internet service,Yes,No,Yes,No internet service,Two year,Yes,Mailed check,114.32,4430.12,0
CUST-15827,Female,1,Yes,No,27,Yes,No,Fiber optic,No,Yes,Yes,Yes,Yes,No internet service,Month-to-month,Yes,Electronic check,58.45,1614.28,0
CUST-15828,Male,0,Yes,No,32,Yes,Yes,DSL,No internet service,No,No,No,No internet service,Yes,Two year,Yes,Electronic check,87.29,2738.71,0
CUST-15829,Male,1,No,No,16,Yes,Yes,No,No,Yes,No internet service,No internet service,No,No,Two year,Yes,Electronic check,81.85,1241.8,0
CUST-15830,Male,0,Yes,No,49,Yes,No phone service,DSL,No internet service,No internet service,No,No,No internet service,No,Month-to-month,Yes,Credit card (automatic),89.85,4403.69,0
CUST-15831,Male,0,No,Yes,72,No,Yes,Fiber optic,Yes,Yes,No,Yes,No,No,Month-to-month,No,Mailed check,57.56,4163.21,0
CUST-15832,Female,0,No,Yes,42,Yes,No,Fiber optic,No,No,No internet service,No,No internet service,Yes,Month-to-month,No,Bank transfer (automatic),72.1,3131.83,0
CUST-15833,Male,0,Yes,No,20,Yes,No,Fiber optic,No internet service,No internet service,No,No,No internet service,No,Month-to-month,No,Credit card (automatic),76.98,1515.64,0
CUST-15834,Male,0,No,Yes,48,Yes,No phone service,DSL,No,No,No internet service,No,Yes,No,Month-to-month,No,Mailed check,53.39,2574.66,0
CUST-15835,Female,0,Yes,No,32,Yes,Yes,Fiber optic,Yes,Yes,Yes,Yes,Yes,Yes,Two year,Yes,Electronic check,83.41,2645.98,1
CUST-15836,Female,0,No,No,67,Yes,No,Fiber optic,Yes,Yes,Yes,Yes,Yes,No,Two year,Yes,Electronic check,87.98,5886.79,0
CUST-15837,Male,0,Yes,No,19,Yes,Yes,No,No,No,No,No,No,No,Month-to-month,Yes,Bank transfer (automatic),45.39,957.02,1
CUST-15838,Male,0,No,No,37,Yes,No phone service,DSL,Yes,No,No,No,No,Yes,Month-to-month,No,Credit card (automatic),56.93,2244.14,0
CUST-15839,Female,0,Yes,No,36,Yes,Yes,DSL,No,No,No,No,No internet service,No internet service,Month-to-month,No,Mailed check,97.13,3532.23,1
CUST-15840,Female,0,Yes,No,64,Yes,No,No,Yes,Yes,No internet service,No internet service,No internet service,No,Two year,Yes,Electronic check,46.33,2899.75,0
CUST-15841,Female,0,Yes,Yes,8,Yes,No,Fiber optic,Yes,No,Yes,Yes,Yes,No,Month-to-month,No,Credit card (automatic),61.48,539.07,1
CUST-15842,Female,0,Yes,Yes,45,Yes,No,Fiber optic,No,No,No internet service,No,No internet service,No,Month-to-month,Yes,Mailed check,81.05,3649.54,1
CUST-15843,Male,0,No,No,59,No,Yes,Fiber optic,Yes,No internet service,No,No internet service,No internet service,Yes,Month-to-month,Yes,Electronic check,78.78,4662.4,1
CUST-15844,Female,0,Yes,No,26,Yes,Yes,DSL,No,No,No internet service,No,Yes,No internet service,One year,Yes,Electronic check,38.53,995.2,0
CUST-15845,Male,0,Yes,No,36,Yes,No,No,Yes,No internet service,No,No,No internet service,Yes,One year,No,Bank transfer (automatic),42.3,1495.22,0
CUST-15846,Male,0,Yes,No,21,Yes,Yes,Fiber optic,No,Yes,No,No,Yes,No,Two year,No,Credit card (automatic),115.65,2455.43,0
CUST-15847,Female,0,Yes,No,30,Yes,Yes,No,No,No internet service,No,No,No,Yes,Month-to-month,Yes,Credit card (automatic),44.91,1319.9,0
CUST-15848,Female,0,Yes,Yes,69,Yes,Yes,Fiber optic,No,No internet service,No,No internet service,No,No,Month-to-month,No,Credit card (automatic),86.26,5939.0,0
CUST-15849,Male,1,Yes,Yes,26,Yes,No phone service,No,No,No,No internet service,No,Yes,No,Month-to-month,Yes,Electronic check,60.97,1587.82,0
CUST-15850,Male,0,No,No,14,Yes,No,DSL,No,No internet service,No,No,No,No,Month-to-month,Yes,Mailed check,63.06,898.49,1
CUST-15851,Female,0,No,No,42,Yes,No,DSL,Yes,No,Yes,No,No,No internet service,Two year,Yes,Bank transfer (automatic),53.15,2159.45,0
CUST-15852,Male,0,No,No,34,Yes,No,Fiber optic,No,No internet service,No internet service,No,No,No internet service,Month-to-month,Yes,Credit card (automatic),104.01,3555.54,1
CUST-15853,Female,0,Yes,No,56,Yes,No,No,No,No,No,No,No,Yes,One year,Yes,Credit card (automatic),49.58,2753.94,0
CUST-15854,Male,0,No,No,2,Yes,No,Fiber optic,Yes,No internet service,No,No,Yes,No internet service,Month-to-month,No,Mailed check,55.7,138.74,1
CUST-15855,Female,0,No,No,65,Yes,Yes,Fiber optic,No,Yes,Yes,No,Yes,Yes,Month-to-month,Yes,Credit card (automatic),98.17,6492.0,0
CUST-15856,Male,1,No,Yes,51,Yes,No,DSL,No,Yes,No,No,Yes,No,Month-to-month,Yes,Mailed check,81.32,4105.26,0
CUST-15857,Male,1,Yes,Yes,61,Yes,No,Fiber optic,Yes,No,No,No,Yes,No internet service,Two year,Yes,Electronic check,54.99,3351.78,0
CUST-15858,Male,0,Yes,Yes,29,Yes,Yes,Fiber optic,Yes,No,No internet service,Yes,No,Yes,Month-to-month,Yes,Electronic check,42.15,1204.34,1
CUST-15859,Female,0,Yes,Yes,32,Yes,No,Fiber optic,Yes,Yes,No,No,No,No,One year,Yes,Credit card (automatic),76.63,2425.81,1
CUST-15860,Female,0,Yes,No,24,Yes,Yes,Fiber optic,Yes,No,Yes,No internet service,Yes,No,Two year,No,Credit card (automatic),118.75,2792.27,0
CUST-15861,Female,0,No,No,60,Yes,No,DSL,No,Yes,No,No,No,No,Month-to-month,Yes,Bank transfer (automatic),118.75,7132.34,1
CUST-15862,Female,1,Yes,Yes,5,Yes,No,Fiber optic,Yes,No internet service,No,Yes,No internet service,No internet service,Month-to-month,No,Bank transfer (automatic),118.75,548.17,1
CUST-15863,Male,0,Yes,Yes,38,Yes,No phone service,DSL,No,No,No,No internet service,Yes,No,One year,Yes,Bank transfer (automatic),59.89,2358.99,0
CUST-15864,Female,0,Yes,Yes,18,Yes,Yes,DSL,Yes,Yes,No internet service,No,Yes,No internet service,Month-to-month,Yes,Credit card (automatic),58.38,1067.14,1
CUST-15865,Female,0,Yes,Yes,46,Yes,Yes,DSL,No internet service,Yes,No internet service,No,Yes,Yes,Month-to-month,No,Electronic check,49.01,2192.09,0
CUST-15866,Female,0,Yes,Yes,70,Yes,No,No,No,No internet service,No internet service,No,No,Yes,Month-to-month,Yes,Electronic check,25.27,1787.4,0
CUST-15867,Female,0,Yes,Yes,49,Yes,No phone service,DSL,No internet service,No,Yes,No,Yes,No,Month-to-month,Yes,Mailed check,87.39,4287.69,1
CUST-15868,Female,0,No,Yes,3,Yes,No,DSL,No,No,Yes,No,Yes,No internet service,Month-to-month,Yes,Electronic check,109.7,273.17,1
CUST-15869,Female,0,Yes,No,29,No,Yes,Fiber optic,Yes,No internet service,Yes,No,No internet service,No,One year,No,Mailed check,84.95,2462.1,1
CUST-15870,Female,0,No,No,2,Yes,No phone service,Fiber optic,No,No internet service,No internet service,No,No,No,Month-to-month,Yes,Credit card (automatic),79.04,169.2,1
CUST-15871,Male,1,No,Yes,35,Yes,No,No,No,Yes,No internet service,No,Yes,No internet service,Two year,Yes,Electronic check,31.51,1210.79,0
CUST-15872,Female,0,No,No,12,Yes,Yes,Fiber optic,No,No,Yes,No,No,No internet service,Month-to-month,No,Bank transfer (automatic),85.66,973.39,1
CUST-15873,Male,0,No,Yes,50,Yes,Yes,Fiber optic,No internet service,No internet service,No,No internet service,Yes,No,One year,Yes,Credit card (automatic),72.76,3656.35,0
CUST-15874,Female,0,Yes,No,38,No,No,DSL,Yes,Yes,No internet service,No internet service,No internet service,Yes,Month-to-month,Yes,Bank transfer (automatic),46.81,1720.7,1
CUST-15875,Male,0,No,No,22,Yes,No,DSL,Yes,No,Yes,Yes,No internet service,No,One year,Yes,Electronic check,78.61,1712.48,0
CUST-15876,Female,1,No,No,62,Yes,Yes,DSL,No,No,No,No,Yes,Yes,One year,No,Bank transfer (automatic),58.9,3602.18,0
CUST-15877,Male,0,No,No,54,Yes,No,Fiber optic,Yes,Yes,No,Yes,No internet service,Yes,Month-to-month,No,Bank transfer (automatic),79.49,4365.25,1
CUST-15878,Female,0,Yes,No,45,Yes,No phone service,DSL,No internet service,No,Yes,No internet service,No,No internet service,Two year,Yes,Electronic check,75.29,3452.54,0
CUST-15879,Male,0,No,Yes,25,Yes,No,No,No,Yes,No,Yes,Yes,No internet service,One year,Yes,Bank transfer (automatic),18.25,512.51,0
CUST-15880,Male,0,Yes,No,19,Yes,No,No,No internet service,Yes,No internet service,No,No internet service,No,One year,Yes,Bank transfer (automatic),19.36,336.72,0
CUST-15881,Female,1,No,No,42,Yes,Yes,Fiber optic,Yes,Yes,Yes,No,Yes,Yes,Month-to-month,Yes,Credit card (automatic),92.62,3848.51,1
CUST-15882,Female,0,Yes,No,57,Yes,Yes,Fiber optic,Yes,No,No,No,Yes,Yes,Month-to-month,No,Bank transfer (automatic),66.73,3804.51,0
CUST-15883,Male,0,Yes,Yes,61,Yes,No phone service,No,No,No,No internet service,No,No,Yes,Month-to-month,No,Mailed check,50.96,3202.42,1
CUST-15884,Male,0,No,No,56,Yes,No,DSL,No,No internet service,No,Yes,Yes,Yes,Month-to-month,No,Bank transfer (automatic),60.32,3428.48,0
CUST-15885,Female,0,No,No,1,No,Yes,No,No internet service,No internet service,Yes,No,No internet service,Yes,Month-to-month,No,Electronic check,55.58,178.82,0
CUST-15886,Female,0,No,No,71,Yes,No,Fiber optic,No,No internet service,No,Yes,No,No,Two year,No,Bank transfer (automatic),57.98,4101.29,0
CUST-15887,Male,0,No,No,17,Yes,Yes,Fiber optic,No,No,No,Yes,No,Yes,Month-to-month,Yes,Electronic check,73.4,1247.66,0
CUST-15888,Female,0,No,No,0,Yes,Yes,DSL,Yes,Yes,Yes,Yes,No,Yes,Month-to-month,Yes,Electronic check,107.08,36.26,1
CUST-15889,Male,0,Yes,No,40,Yes,Yes,Fiber optic,No,No,Yes,No internet service,No internet service,No internet service,Month-to-month,Yes,Mailed check,97.37,3892.06,1
CUST-15890,Female,0,No,No,33,Yes,No,DSL,No,No,No internet service,Yes,Yes,No,Month-to-month,Yes,Electronic check,93.54,3084.13,1
CUST-15891,Male,0,Yes,Yes,7,No,No,DSL,No,No internet service,No,Yes,Yes,No,Two year,Yes,Credit card (automatic),75.17,475.34,0
CUST-15892,Male,0,Yes,Yes,15,Yes,No,Fiber optic,Yes,No,Yes,Yes,No internet service,No,Month-to-month,Yes,Electronic check,64.57,925.43,1
CUST-15893,Male,0,No,No,15,Yes,Yes,DSL,No,No,Yes,Yes,Yes,No internet service,Two year,Yes,Credit card (automatic),60.2,1018.61,0
CUST-15894,Female,0,Yes,No,32,Yes,No,DSL,No internet service,No internet service,No internet service,Yes,No,No,Month-to-month,Yes,Credit card (automatic),61.9,1953.76,1
CUST-15895,Female,0,No,No,54,Yes,Yes,No,Yes,No,No internet service,No,Yes,Yes,Month-to-month,No,Credit card (automatic),36.97,2051.8,0
CUST-15896,Male,0,Yes,No,49,Yes,Yes,DSL,Yes,No,No,No,No,No,One year,No,Mailed check,101.18,4874.7,0
CUST-15897,Female,0,Yes,No,1,Yes,No,Fiber optic,No,No internet service,No,No,Yes,No,Month-to-month,Yes,Electronic check,85.45,88.3,1
CUST-15898,Female,0,Yes,No,12,Yes,No,DSL,No,No,Yes,No internet service,No internet service,No internet service,Two year,No,Mailed check,47.15,513.83,0
CUST-15899,Female,0,No,Yes,44,Yes,Yes,Fiber optic,No,Yes,Yes,Yes,No,No,Two year,Yes,Credit card (automatic),76.36,3349.41,0
CUST-15900,Female,0,No,No,58,Yes,Yes,No,Yes,No internet service,No internet service,No,No,No internet service,Month-to-month,No,Electronic check,58.1,3416.06,0
CUST-15901,Male,1,Yes,No,2,Yes,No,Fiber optic,No,No internet service,No,No,Yes,No internet service,Month-to-month,Yes,Electronic check,59.67,104.94,1
CUST-15902,Male,0,Yes,Yes,24,Yes,Yes,No,No,Yes,Yes,No,Yes,Yes,Month-to-month,No,Bank transfer (automatic),71.76,1818.26,1
CUST-15903,Female,0,Yes,No,8,Yes,No,Fiber optic,No,No internet service,No,No,Yes,No internet service,One year,Yes,Mailed check,118.75,966.69,1
CUST-15904,Male,1,Yes,Yes,35,Yes,No,Fiber optic,Yes,Yes,No,No,Yes,No,Month-to-month,No,Electronic check,73.1,2568.53,1
CUST-15905,Male,0,No,Yes,28,Yes,No,DSL,No,No internet service,No internet service,No,No,No internet service,Month-to-month,Yes,Electronic check,85.51,2376.54,1
CUST-15906,Male,0,No,No,12,No,No,No,No,No internet service,Yes,No,No,No,Two year,No,Credit card (automatic),68.9,783.18,0
CUST-15907,Female,0,Yes,No,70,Yes,No,No,No,Yes,No,No,No internet service,No,Two year,No,Electronic check,29.54,2031.94,0
CUST-15908,Female,0,Yes,Yes,55,Yes,No phone service,DSL,No,No internet service,No,Yes,No,Yes,Month-to-month,No,Electronic check,66.56,3685.17,1
CUST-15909,Female,0,No,No,39,Yes,No,DSL,No,Yes,No,No internet service,No,Yes,One year,Yes,Credit card (automatic),69.47,2671.44,0
CUST-15910,Male,0,Yes,Yes,55,Yes,Yes,Fiber optic,Yes,No internet service,No,No internet service,No internet service,No,Month-to-month,Yes,Credit card (automatic),97.4,5343.38,0
CUST-15911,Male,0,Yes,No,22,Yes,No phone service,DSL,Yes,No,No,No,Yes,Yes,Month-to-month,Yes,Bank transfer (automatic),104.13,2274.24,1
CUST-15912,Female,0,No,No,68,Yes,No,DSL,No,No,No,No internet service,Yes,Yes,Month-to-month,Yes,Bank transfer (automatic),69.63,4819.08,0
CUST-15913,Male,0,Yes,No,30,Yes,Yes,No,No internet service,No internet service,Yes,No,Yes,No,Month-to-month,Yes,Electronic check,19.33,588.08,1
CUST-15914,Female,0,Yes,No,28,Yes,Yes,No,No internet service,Yes,No internet service,Yes,No,Yes,One year,Yes,Mailed check,18.25,524.84,0
CUST-15915,Male,0,Yes,No,41,Yes,Yes,Fiber optic,No internet service,No,Yes,No internet service,Yes,No,Two year,Yes,Bank transfer (automatic),74.37,3006.5,0
CUST-15916,Male,0,No,No,42,Yes,Yes,DSL,No,No,Yes,No,Yes,Yes,Month-to-month,Yes,Electronic check,68.99,2855.45,1
CUST-15917,Male,0,Yes,Yes,45,Yes,No,Fiber optic,No internet service,Yes,Yes,Yes,Yes,Yes,One year,Yes,Bank transfer (automatic),113.6,5060.43,1
CUST-15918,Female,1,No,Yes,60,Yes,Yes,No,No,Yes,Yes,Yes,No internet service,No,Month-to-month,No,Bank transfer (automatic),18.25,1089.53,0
CUST-15919,Female,0,Yes,No,19,Yes,Yes,No,No internet service,No,Yes,No,No internet service,Yes,Month-to-month,No,Credit card (automatic),45.97,790.29,0
CUST-15920,Male,0,Yes,No,51,Yes,No,No,No,Yes,No,Yes,No,Yes,Two year,Yes,Electronic check,79.22,4077.81,0
CUST-15921,Female,0,No,Yes,14,Yes,Yes,Fiber optic,No,No,No,No,No internet service,Yes,Month-to-month,Yes,Electronic check,97.52,1388.21,1
CUST-15922,Female,0,Yes,No,17,Yes,No,Fiber optic,Yes,No,No,No internet service,No,Yes,Month-to-month,No,Electronic check,64.8,1040.58,1
CUST-15923,Female,0,Yes,No,36,No,No phone service,DSL,No,No,No internet service,No internet service,No,Yes,Month-to-month,No,Credit card (automatic),77.97,2794.98,0
CUST-15924,Female,0,Yes,No,38,Yes,Yes,No,No,Yes,No,No internet service,No internet service,No,Month-to-month,No,Bank transfer (automatic),48.4,1897.15,0
CUST-15925,Male,0,No,No,47,Yes,Yes,Fiber optic,No,Yes,No internet service,Yes,No,No,Month-to-month,Yes,Bank transfer (automatic),114.27,5368.74,1
CUST-15926,Female,0,Yes,No,10,Yes,Yes,Fiber optic,No,Yes,Yes,No,No,Yes,One year,No,Bank transfer (automatic),103.8,975.63,1
CUST-15927,Female,1,No,No,59,Yes,No,Fiber optic,No internet service,No,No,No internet service,Yes,No,One year,Yes,Electronic check,94.69,5646.96,1
CUST-15928,Male,0,Yes,No,40,Yes,Yes,DSL,No internet service,Yes,Yes,Yes,No internet service,No internet service,One year,Yes,Bank transfer (automatic),85.27,3461.28,0
CUST-15929,Male,0,Yes,Yes,43,Yes,No phone service,DSL,No,No internet service,No,No internet service,Yes,No,One year,Yes,Bank transfer (automatic),74.84,3278.94,0
CUST-15930,Female,0,Yes,No,54,Yes,No,No,No,Yes,No internet service,No,No,No internet service,Month-to-month,No,Credit card (automatic),33.66,1768.28,0
CUST-15931,Female,0,Yes,No,50,Yes,No,Fiber optic,No,Yes,Yes,No internet service,No internet service,Yes,Month-to-month,Yes,Mailed check,103.39,5325.6,0
CUST-15932,Male,0,No,No,31,Yes,No phone service,DSL,No,No internet service,No,No,No,No,Month-to-month,No,Bank transfer (automatic),60.47,1892.17,1
CUST-15933,Male,1,Yes,No,35,Yes,Yes,Fiber optic,No internet service,Yes,No,Yes,No internet service,No,Two year,No,Mailed check,96.13,3360.99,0
CUST-15934,Female,0,No,No,16,Yes,No,DSL,Yes,No,Yes,No internet service,No internet service,No,One year,No,Electronic check,87.9,1421.62,0
CUST-15935,Male,1,Yes,No,41,Yes,No,Fiber optic,No internet service,Yes,No,Yes,No internet service,No,Month-to-month,No,Bank transfer (automatic),63.84,2660.09,0
CUST-15936,Male,0,No,Yes,14,Yes,No,Fiber optic,Yes,No internet service,Yes,No internet service,Yes,No,One year,Yes,Mailed check,84.4,1259.56,1
CUST-15937,Female,0,Yes,No,46,Yes,No,Fiber optic,No internet service,Yes,No,Yes,Yes,No internet service,Month-to-month,No,Mailed check,118.75,5420.13,0
CUST-15938,Female,0,No,No,30,Yes,Yes,No,No,Yes,No internet service,No,No internet service,Yes,Month-to-month,No,Mailed check,75.55,2249.96,1
CUST-15939,Male,1,Yes,Yes,17,Yes,No,DSL,No,No,Yes,No,Yes,No,One year,No,Credit card (automatic),82.46,1362.92,1
CUST-15940,Male,0,No,No,34,Yes,No,No,Yes,No,No internet service,No internet service,No,Yes,Month-to-month,Yes,Bank transfer (automatic),45.22,1455.36,1
CUST-15941,Male,0,No,No,68,Yes,No,Fiber optic,Yes,No internet service,No,No,No,Yes,Two year,Yes,Electronic check,83.37,5682.07,0
CUST-15942,Male,0,No,No,41,No,No,No,Yes,No internet service,Yes,No,No internet service,No,Month-to-month,Yes,Mailed check,35.4,1498.61,1
CUST-15943,Female,0,Yes,No,25,Yes,No,No,No,No internet service,No,No,Yes,No,One year,No,Electronic check,47.38,1144.95,1
CUST-15944,Male,0,No,No,32,Yes,No phone service,DSL,No,Yes,No,Yes,No internet service,No internet service,Month-to-month,Yes,Electronic check,99.61,3154.52,1
CUST-15945,Male,0,Yes,No,44,Yes,Yes,Fiber optic,Yes,No,No,No,No,No,Two year,Yes,Mailed check,76.18,3319.08,0
CUST-15946,Male,0,Yes,No,11,Yes,Yes,DSL,No,Yes,No,No,Yes,No,One year,Yes,Electronic check,48.29,580.48,1
CUST-15947,Female,0,No,No,40,Yes,Yes,Fiber optic,No,Yes,No,No internet service,No,No,Month-to-month,No,Credit card (automatic),108.31,4306.26,1
CUST-15948,Female,0,No,Yes,2,Yes,Yes,DSL,No,Yes,No internet service,Yes,No,Yes,Month-to-month,No,Bank transfer (automatic),66.41,22.03,1
CUST-15949,Female,0,Yes,Yes,62,No,No,DSL,No,No,Yes,Yes,Yes,No,Month-to-month,Yes,Electronic check,54.0,3352.1,0
CUST-15950,Male,0,No,No,44,Yes,Yes,No,No,No,No,No,Yes,Yes,Month-to-month,No,Electronic check,49.36,2149.79,1
CUST-15951,Female,0,No,No,8,Yes,No,No,No,No,Yes,No,No internet service,No internet service,Month-to-month,Yes,Credit card (automatic),42.02,282.76,1
CUST-15952,Male,0,Yes,No,34,Yes,No phone service,Fiber optic,Yes,No,No,No,No,No internet service,Two year,Yes,Electronic check,89.73,3051.49,0
CUST-15953,Female,1,Yes,Yes,64,Yes,No,Fiber optic,No,Yes,Yes,Yes,No,Yes,One year,Yes,Bank transfer (automatic),98.47,6311.0,1
CUST-15954,Female,0,No,Yes,70,No,No,No,No,Yes,Yes,No internet service,Yes,Yes,Month-to-month,Yes,Bank transfer (automatic),55.74,3886.28,1
CUST-15955,Female,0,Yes,No,10,Yes,No phone service,No,No internet service,No,Yes,No,No,No,Month-to-month,Yes,Credit card (automatic),57.59,567.26,1
CUST-15956,Male,0,Yes,Yes,19,Yes,No,DSL,Yes,No,No internet service,No,Yes,Yes,Two year,No,Credit card (automatic),76.16,1361.69,0
CUST-15957,Female,0,Yes,No,10,Yes,No,DSL,No,Yes,Yes,Yes,Yes,Yes,Month-to-month,Yes,Bank transfer (automatic),37.79,328.95,0
CUST-15958,Female,0,No,No,26,Yes,Yes,No,No,No,No,Yes,No internet service,No,Month-to-month,Yes,Bank transfer (automatic),50.01,1314.69,1
CUST-15959,Female,0,Yes,No,62,Yes,No,DSL,No,No internet service,No,No,Yes,No internet service,Month-to-month,Yes,Mailed check,47.52,2981.74,0
CUST-15960,Male,0,Yes,No,51,Yes,Yes,Fiber optic,Yes,Yes,Yes,No,No,Yes,Month-to-month,Yes,Electronic check,73.9,3729.94,1
CUST-15961,Female,0,Yes,Yes,18,Yes,Yes,Fiber optic,No,No internet service,No internet service,No,No internet service,No internet service,Month-to-month,Yes,Bank transfer (automatic),74.2,1427.64,1
CUST-15962,Female,0,Yes,No,23,Yes,Yes,Fiber optic,Yes,No internet service,Yes,Yes,No,No,Two year,Yes,Mailed check,99.74,2282.69,0
CUST-15963,Male,0,No,Yes,44,Yes,No,DSL,No,No internet service,No internet service,No,Yes,No,Month-to-month,No,Mailed check,37.53,1615.12,1
CUST-15964,Female,0,No,No,43,Yes,Yes,Fiber optic,No internet service,Yes,Yes,No,No,Yes,Month-to-month,No,Bank transfer (automatic),84.31,3633.23,1
CUST-15965,Male,0,No,No,33,Yes,No,Fiber optic,No internet service,Yes,No,Yes,No,Yes,Two year,Yes,Bank transfer (automatic),86.38,2867.5,0
CUST-15966,Female,0,No,No,30,Yes,No,No,No,No,No internet service,No,No,Yes,Month-to-month,Yes,Bank transfer (automatic),63.77,1915.09,1
CUST-15967,Female,0,Yes,No,68,Yes,Yes,Fiber optic,No,No,Yes,No,No internet service,No internet service,One year,No,Bank transfer (automatic),90.25,6134.63,0
CUST-15968,Male,1,No,Yes,36,Yes,Yes,No,No,Yes,No internet service,Yes,No,No internet service,Month-to-month,Yes,Credit card (automatic),59.18,2157.61,1
CUST-15969,Male,0,No,Yes,57,Yes,No,DSL,Yes,No,No,Yes,No,Yes,Month-to-month,Yes,Credit card (automatic),75.56,4373.89,0
CUST-15970,Female,1,No,No,70,Yes,No phone service,DSL,No,No,No,No,Yes,No,Month-to-month,No,Mailed check,107.47,7474.01,0
CUST-15971,Male,0,No,No,24,Yes,No,No,Yes,Yes,Yes,Yes,No,No,Two year,Yes,Mailed check,39.6,909.03,0
CUST-15972,Male,0,Yes,No,56,Yes,No,DSL,No,Yes,Yes,No,No,Yes,Month-to-month,Yes,Electronic check,118.75,6654.08,0
CUST-15973,Male,0,No,No,59,Yes,Yes,DSL,Yes,No internet service,No internet service,No,No,No internet service,Two year,Yes,Electronic check,62.2,3712.18,0
CUST-15974,Female,0,Yes,No,16,Yes,Yes,DSL,Yes,No,Yes,Yes,No,No,One year,Yes,Mailed check,88.93,1330.8,0
CUST-15975,Female,0,No,No,16,Yes,No,Fiber optic,No,Yes,Yes,No,Yes,No,Two year,No,Mailed check,118.75,1906.83,1
CUST-15976,Female,0,Yes,Yes,11,Yes,No phone service,No,No internet service,No internet service,Yes,Yes,Yes,Yes,Month-to-month,No,Mailed check,44.66,574.01,1
CUST-15977,Male,1,No,No,44,Yes,Yes,No,No,No,Yes,No internet service,No internet service,Yes,Month-to-month,Yes,Mailed check,46.96,2078.86,0
CUST-15978,Male,0,No,No,55,Yes,Yes,DSL,Yes,No,Yes,No,No,No,Month-to-month,Yes,Credit card (automatic),46.54,2587.97,0
CUST-15979,Female,0,No,No,54,Yes,No,DSL,No,Yes,Yes,No,No,No,Month-to-month,Yes,Electronic check,118.75,6417.69,1
CUST-15980,Female,0,Yes,No,28,Yes,No,DSL,No,No,Yes,No internet service,No internet service,No,Month-to-month,Yes,Bank transfer (automatic),69.36,1956.44,1
CUST-15981,Female,0,No,No,51,Yes,Yes,No,No internet service,No,No,Yes,Yes,No internet service,Month-to-month,No,Bank transfer (automatic),77.13,3967.67,0
CUST-15982,Female,0,No,No,2,Yes,No,Fiber optic,No,No internet service,No,Yes,No,No,One year,Yes,Mailed check,74.62,109.68,1
CUST-15983,Female,0,No,No,47,Yes,No,DSL,Yes,Yes,No internet service,No internet service,Yes,No internet service,One year,Yes,Bank transfer (automatic),45.86,2088.9,0
CUST-15984,Male,0,No,No,34,Yes,No phone service,DSL,No,No,No,No,Yes,No,Two year,No,Credit card (automatic),61.25,2111.56,0
CUST-15985,Male,0,No,No,60,Yes,Yes,DSL,Yes,Yes,No,Yes,No,No internet service,Two year,Yes,Bank transfer (automatic),77.66,4661.78,0
CUST-15986,Female,0,No,No,70,Yes,No,Fiber optic,No,No internet service,Yes,Yes,Yes,Yes,Month-to-month,Yes,Bank transfer (automatic),91.48,6497.41,0
CUST-15987,Female,1,Yes,Yes,40,Yes,Yes,Fiber optic,No internet service,Yes,No,No internet service,Yes,Yes,Two year,No,Electronic check,76.01,2970.08,1
CUST-15988,Female,0,Yes,No,45,No,Yes,Fiber optic,No internet service,No,No,Yes,Yes,No internet service,Month-to-month,No,Credit card (automatic),80.13,3651.93,1
CUST-15989,Female,0,No,Yes,67,Yes,Yes,Fiber optic,Yes,No,No,No,No,Yes,One year,No,Electronic check,92.08,6120.37,0
CUST-15990,Male,1,No,Yes,25,Yes,Yes,DSL,No,No,Yes,Yes,No internet service,Yes,One year,Yes,Bank transfer (automatic),58.51,1473.28,0
CUST-15991,Male,0,Yes,No,10,No,Yes,Fiber optic,No,No,No,No,No,No,Month-to-month,Yes,Credit card (automatic),79.87,831.82,1
CUST-15992,Female,0,Yes,Yes,36,Yes,No,Fiber optic,Yes,No,No,Yes,No,No,Two year,Yes,Bank transfer (automatic),67.63,2434.48,0
CUST-15993,Female,0,Yes,No,25,Yes,Yes,DSL,No internet service,No internet service,No,Yes,Yes,Yes,Month-to-month,Yes,Electronic check,90.13,2258.32,1
CUST-15994,Male,0,No,No,46,No,Yes,Fiber optic,No internet service,No,No,No,Yes,No,Month-to-month,Yes,Mailed check,63.06,2894.02,1
CUST-15995,Male,1,No,No,57,Yes,No,No,No,No,Yes,No,No internet service,Yes,One year,Yes,Credit card (automatic),43.31,2470.45,0
CUST-15996,Female,0,No,No,36,Yes,Yes,Fiber optic,No,No internet service,Yes,Yes,Yes,Yes,Month-to-month,No,Electronic check,100.17,3544.96,1
CUST-15997,Female,0,Yes,No,22,Yes,Yes,Fiber optic,Yes,No,Yes,Yes,No,No internet service,Month-to-month,Yes,Electronic check,101.71,2191.32,1
CUST-15998,Female,1,Yes,No,41,No,No phone service,Fiber optic,No,No,No,No,Yes,Yes,One year,No,Electronic check,66.81,2737.65,1
CUST-15999,Male,0,No,Yes,32,Yes,No,DSL,No internet service,Yes,Yes,No,No,No,Month-to-month,Yes,Bank transfer (automatic),90.28,2891.91,1
